-0.20984268939747028,0.48225407945555654,-0.4214545376756708,0.27380512093509785,1.9039388660936376,-0.17156450410064716,0.04179014899837256,-0.021163630914380147,0.7181877874921221,0.13150410385326652,0.5928334518863321,-0.5087017681573316,-0.3337585923676893,-0.6387178785586465,-1.092176254788939,-0.07461283852701693,-0.47954091310420655,-0.39180287065921116,1.343019280550833,-0.5105409991717619,0.6939311029656978,0.16176494619886167,-1.3280248854851147,-0.49961701735070707,-0.27776669238857876,0.3138966579732182,0.19671118449719477,0.881363965215713,1.5136450597520035,0.454637433418165,0.4246735820204626,0.4067293562053366,-0.08679870047205264,0.13037637642890268,0.76550220913667,-0.5716748466156467,-0.042945239351913314,-0.3511106341996784,0.04501675188857235,-1.6693839806101824,-1.0714246081854162,1.0116566762572035,-0.5699768751468879,-0.34331042424683367,-0.1365045782021118,-0.0679253493754536,-0.0879966852191739,0.23002205726706076,-0.2974918581069105,0.07862968027218198,0.051717291537745964,-0.9924565580942473,-0.44476520749030446,-0.16245355704818118,-0.60226395343225,-0.18586553938740144,-0.3358126845358373,0.6956051510573945,-0.1413720074465217,-1.5517133386536597,0.785384792484205,-1.0874562786561695,-0.009589590961034419,-0.09508662474936559,-0.736642658566945,-0.12698880202644833,-3.2529013362767407,-0.2469816305653489,-0.07499513298206235,-0.5255111131405916,0.09715006926784714,0.3436832322425969,-0.12784439004010184,0.08999662257696772,-0.6360802037754238,0.12490405734984589,0.00738632548971742,0.23732588101643698,-0.3218213600830203,-0.21570741402560434,-0.016177067161907963,-1.4332352444385108,-0.2946626277544742,0.2265935096470394,0.18152168169129157,-0.5046813100548396,-0.36356425701482115,-0.6378701126668662,1.4995364846485097,-1.9255359793131928,-0.36707079982146446,-1.1249568019599219,-0.15357055425775373,0.17581999265106665,0.016333087839352188,2.2014164665760374,-0.3473664978124042,0.2578757517204791,0.9093216238682549,-0.15806982080339838,0.6536486192004547,0.12030449351459573,-1.0732219907686724,-0.10750246324877015,-0.3592306388587564,0.1402172718381233,-0.0007628490962845238,1.1227952955115375,-0.06594084749873012,0.36448909660795364,0.0,0.0,0.0,0.6564847703077731,0.0,0.0,0.0,0.0,0.0,0.0,0.0,0.0
-0.08541289925254297,0.3060400030826638,-0.4954274854312891,1.0642395655334942,1.428588078054534,-0.7996217079249964,0.2175711190840497,-0.3676010827744474,1.1683677687112297,0.2380735949388497,0.18422290497464922,-0.8984819773354158,-0.9455312034317445,0.26058729159367433,0.28767178429039314,-0.18205672480492371,-0.49122722842549155,0.14211359378783534,0.9356790822919181,0.48370771821037384,0.6032744744381329,-0.5631399953331782,-0.29321615113537197,1.5583815645261394,0.09049554849407214,0.2757063171467998,0.21017977654050174,0.5721605390122876,1.7907591448397682,0.454637433418165,0.16990076164916484,3.8017253672856786,-0.20668725200545113,0.3546116490707756,0.29656531410971454,-0.5157024407973035,0.42635149626074736,-0.10704853012919094,0.039784623483563326,-0.3569854178708294,0.18831133502446792,0.45041551666143576,-0.5935250590462725,-0.34238273764978217,-0.23178783641698003,-0.24643953401519572,0.014430613152539578,0.15756766092679497,0.08510828248630004,-1.4969604612547633,-1.4695819338166118,0.3986216726168883,0.8619069564922022,-0.089032232331135,-0.7741260031556627,-0.5610787034839753,-0.06666318486039492,0.794710973182757,-0.1733959058725674,-0.9531609659952773,0.32541768546811867,-0.9830579506983347,-0.01478030554889272,0.18581173958357114,0.3589352454608758,-0.4481407910538989,-0.6216128485879667,-0.2469816305653489,0.10359916084814781,-0.8570185867746302,-0.3101298832047481,0.34483416264681704,0.4221837144994017,0.08748294047839969,-0.4530741725811555,-0.05663363074278618,1.1075181197689534,0.7933251734540612,0.2675135467217367,-0.24198282788726005,-0.14879163486360442,-0.6119903103244361,-1.2277007551418564,-1.284578901589744,0.2631447899138143,-0.1320451666979735,0.17235204975766308,-0.0004937240572333604,1.0735831239230904,0.12557212082121708,-0.5081937264077832,-0.8869851452824612,-1.3542813721054754,-0.09316604589629596,0.18142415649153373,0.13925664169765442,-0.6749321610737428,-0.14478778901708755,-0.05746416556585303,-0.556346770133719,0.8678543086934845,1.131786313563822,-0.11206549934602486,-0.4702496723646575,0.25927613345484657,0.6358143764428799,-1.6379255469599905,1.057682655373962,-0.30524515121871676,-0.015744372782199166,0.0,0.0,0.0,0.0,0.0,0.0,0.0,0.0,0.0,0.0,0.0,0.0
-0.38224789004603915,0.015721749689269236,-0.37929800702654903,0.38871785388865454,2.218731071910948,-0.3103710125671326,-0.16895081725818065,0.0459093209286341,0.8397977512084844,0.21498675675335846,0.33163075486425775,-1.2717976034189318,-0.42114851826014854,1.191245218418011,0.02307408916047779,-0.15315686958086933,-2.474489552489605,-0.1014918072233676,1.1376852155806454,-0.25947742242949934,0.6129201420190808,0.4335053754614133,-0.259348096058711,0.2234986260434379,0.023811932716645834,0.2746927943269235,0.814157184622167,0.2896915481295406,1.7194471340267823,0.7909460113552711,-0.18066595818963097,-0.06587252024004076,-0.8488254151504174,0.6338913739793504,0.3021380347221344,-0.7189693564688991,0.4342865312933242,0.1774492973396992,0.13130072325769715,-0.6367651264839791,-0.7104684467079215,-0.2655094982957776,-0.15938224773523216,-0.12529914835972544,-0.0853170496633211,0.086856088014562,-0.06505121062001858,0.2747325163701326,-1.340367659395087,0.21443694558133863,0.2805703076119917,0.3734649102012192,-0.496172221081217,0.5041329398966157,-0.3372940485370574,0.3897749490160406,-0.03456722469778764,-0.7684545938832441,-0.15230795577719605,0.014916034825643179,0.00509399221799145,0.14520344344448094,0.1363859183027845,0.031120803357250808,-0.01576761032848256,-0.31178842556265196,-0.32431784481670983,-0.6782661275121533,-0.19809316227505983,-0.2541210595312813,-1.113564329417805,0.1760473801133976,-0.40912819719749577,-0.01653100338953124,-0.6807459638673024,0.07458425336599278,0.5569709601515715,0.6680501796342586,0.2675135467217367,-0.7314457192902613,0.0011766967428826895,-0.7342580175885884,-0.25744652247403915,-0.2228851959515762,-0.0486748601614724,0.9575103891236257,-0.19243502622881367,-0.08668861024403944,0.9372613140039571,-0.6858751713884792,0.09513492589456564,0.126252834081116,-0.32549878721195435,1.011084865205582,-0.11933385532783487,1.3460061034010853,-0.09601626418500617,0.2987014811620758,-0.4418470857897533,0.11938949225546173,0.08005710471835442,-0.09457666351677103,-0.14456509139307308,-0.21105023726085723,0.45557077415913194,0.8520551729850345,-0.14986212742484809,1.057682655373962,-0.8326358742275907,0.6822410834129333,0.0,0.0,0.0,0.0,0.0,0.0,0.0,0.0,0.0,0.0,0.0,0.0
-0.18929663378485412,0.19241591694233728,-0.03806983850929357,-0.2896959097608761,1.0947618503954215,0.03410636206557397,-0.009902415594188366,-0.3805572423314312,0.8236962400855888,0.21684803700141528,-0.5912808195663127,-0.27868844841327983,0.6280404862935554,0.7256033525324546,0.01678354323971383,-0.15482455014492902,-1.1859977127513046,-0.22399288877319565,1.0153368995588228,0.19002602671485663,0.13714044000373912,0.6268961672611764,-0.27480070384643585,0.38247886831823275,-0.49800837251038005,0.6569767662002733,0.6720411711149523,-0.12857051966662925,1.6395384472033263,0.9670504524042879,-0.2010266948418957,-0.32394751304419744,0.650931942081767,0.426024970073502,0.07706725782406451,-0.30439795510994994,0.5970440583206637,-0.3473848599567728,0.09728036736148377,-0.5592088396661627,0.014890621974471283,-1.583877050276202,-0.09077102091193762,-0.36531736895565037,-0.09474248434143459,-0.23419093425857068,-0.38065376014148916,0.1341787968494473,-0.33282367566799936,-0.21525646200373622,-0.12001634359167936,-0.1355370728615353,-1.1423454620104656,0.2780425590655852,-0.09110480256622594,0.13820477248220867,-0.09351470771555312,-0.43135114905115635,-0.35257597682602687,-0.32557552233539244,0.6433953655201695,0.23430875216266597,-0.04021784498915702,0.013247505534027829,-0.34833859792160254,-1.7495965664985533,-1.4566788579796692,0.39470745855094524,0.425716565930004,-0.3541485035034123,-0.5273638138359105,0.0909038255586487,-0.10423715966609653,0.514071438337862,-0.2884162916410545,0.03737981699526389,0.42221893523349174,0.6420680877944314,0.8225251784547465,-0.654656140259838,-0.26970797840577837,0.24354197490364296,-0.24153972510689703,-0.25958049328644284,0.1973934436844955,0.2750018122576041,0.2745584222736929,-0.3126368782814486,0.5666919503656922,0.3062103946255874,-0.9715782725758848,-0.42553159470835805,-0.38230152600355366,-0.4657558193081972,0.5270287719442823,-0.400976321396246,-0.45887805323858344,0.11808453614628521,-0.7811392408635939,-0.1286822583469777,1.0178879029038936,0.4978248635511401,0.06016623734557099,-0.5342117710994377,-0.015420402608099753,0.03429715620542314,-1.345820165311487,0.8805963023103819,-0.3803211551374762,0.5986010783072435,0.0,0.0,0.0,0.0,0.0,0.18540356311079592,0.0,0.0,0.0,0.0,0.0,0.0
-1.202980723122629,1.0943704304215656,-1.1854458485378123,0.4535861461987676,1.8282243944341614,0.1314156208293092,-0.0936704387081467,-1.1638829564365387,1.5032661267844327,0.20133044455027901,0.3173299132112566,-0.41443246810404055,-1.1118857158462636,-0.10952206484556065,-0.14648024418530023,0.12419329696407366,-0.8988387977332085,0.4147429837406201,0.2042037299307179,0.5121902033260194,-0.07525093006595573,0.5114897997818597,-2.2691092970022697,0.2808609970099369,-0.6288580053912688,0.24302730256567912,1.2961704940629482,0.46292709556774314,1.6348718874633215,0.454637433418165,0.5636998166500556,2.1835243791586545,0.9452937644300836,0.4981464392477587,0.5542657769253729,-0.446338180528467,0.2863663378373182,-0.7266939713422489,0.14967197567397197,-0.05352530120021025,-0.33910966475131515,0.022740028738039417,-0.41078631508087654,-0.004337677766282761,-0.09187559324849512,-0.8767560548628511,-0.25928884956675397,0.0057623298742664605,-0.4759538996488107,-0.8980113032776891,-0.22449040137259108,0.540146974563137,-0.4020933864074219,-0.521214247895711,-0.2185866179001107,-0.49245440025519255,-0.03898089053663663,0.31487593779542633,-0.2834201500405487,-0.3027944983871193,1.0148674019598243,-0.5706491730657525,-0.3862373031965709,0.22593631221211316,0.13395030896285903,-3.8669460679879344,-0.9810643341802544,-0.6577814709901506,-0.27391057831739124,-0.2251337892897344,-0.7148708817755092,0.5984998680806979,-1.0613033636607612,0.4014674520892245,-0.7211379705362888,0.06274836569141118,0.14011953352208484,-0.0017251178342625787,0.5205765865311189,-0.7941208405807816,-0.32230851125393395,0.06901551340753863,-0.41195173239052085,0.02095456146866165,0.10081707621606133,-0.19659559488008493,-0.23589987144251232,0.3506712007320817,0.29157315945031254,-0.8331957061772427,-0.36707079982146446,-0.675422982703527,-0.5395351438857776,0.2552081296878928,0.011698092668627414,0.882094055044433,0.4692973008879584,0.29158071183732825,-0.01553602000102252,-0.050757080536848014,0.9045243928992469,-0.026394111349428283,-1.199255663050237,-0.5107353090772332,-0.45851817035866843,-1.2254025770076038,-0.6017159251332027,0.8916920935694004,-0.25656852722230805,0.5259617510730565,0.0,0.0,0.0,0.0,0.0,0.0,0.15734584462225604,0.0,0.0,0.0,0.0,0.0
0.36936368614933607,0.34570873982967665,-0.8000641307553038,0.5105210372436368,1.4259523077074296,-1.2419404173865076,0.3996724094117359,-0.10671458330921847,1.2687595797665425,0.27913255342220533,0.06317390419309496,-0.8416894307316878,-0.12556753070844587,0.5472585372876189,0.0078104228956006935,-0.14025900964136526,-0.5106329037419747,0.3474755113773088,1.3447714491276677,0.4354251109065118,0.3266778248871257,0.06069043330954002,-0.8954083166635903,0.7863668767036904,-0.7903212699605391,0.28116946965872314,0.49683340766287165,0.9949866434352979,1.5126398094706959,0.34956135899858165,-0.25853514793585647,2.026331560732018,-1.4182475961418748,0.5951668405113184,-0.22603402009877394,-0.03518666461424962,1.0548681163836509,-0.1652234112095246,0.17911366489514913,0.024300546229091818,0.5760169174213021,0.19389722512137555,0.04122522349533343,-0.13333341018448325,-0.13604735732578652,-0.21824491422783374,-0.17381199001023698,-0.246873313775022,-0.3826920246304927,0.030315201533088827,-0.4109288763105756,-0.3089737314256108,0.8109918221258134,-0.566447381882325,-0.6140472211262462,0.007269221839909467,-0.04895746301534522,-0.43690916783475886,-0.08109678118801159,-0.6158607355821158,-0.8624542533887934,-1.8486869868859737,-0.25757272525085034,-0.0650986477933625,-0.560752371730004,-0.48131207276181026,-0.29248660885440436,-1.9709494593764683,0.09750311100966097,-0.40206121880387563,-0.16844069446310891,0.42660336836703155,-0.11427478502886158,0.2611943626568475,-0.4585093206955123,0.02544295008840452,1.3409800212660674,0.5224767591058697,-0.6753517265107077,-0.4665904181671914,-0.7266391775174031,0.03186742355170198,0.011971444136077038,0.15810239325682016,0.35741484923075684,-0.34111430594569353,0.44820194862901264,-0.20552367698841983,1.5443067002593112,-0.5420878839272611,0.12393007015791464,-0.6115154467551218,-0.05832705583294482,0.708010856147474,0.09591037034202908,0.6216024266469415,-0.48469117330216266,0.3265463061009263,-0.08779460712801872,0.4887629591888467,0.4550448410020893,0.21619700455816626,-0.0023657701616264437,0.20413215805174986,-0.29190931026954225,-0.010754811091953921,-0.552050552300224,2.4826152288745913,0.09767660256775994,0.07631115322835191,0.0,0.0,0.0,0.0,0.0,0.0,0.0,0.0,0.0,0.0,0.0,0.0
-0.7544229785248331,0.2510496648029207,-0.07103823500393527,0.024509958485440762,0.9187285754014329,0.8942415664305716,0.14430391908641485,0.2971182045931045,1.1553419699535183,0.30657402330532807,0.4653219510742882,-0.3373519384822899,-0.09659065696862962,0.648618448158254,-0.1764440042348935,0.39581265467156596,-0.40272784144861057,0.40291882719458644,0.3343537482618406,0.07451932720225382,0.04383521723402457,-0.04994609470474944,0.39592086695923273,0.07274784331432038,-0.48950961154704803,-0.3101454513308662,1.0044134364094333,-0.015740434577164193,1.1601761281953356,-1.7861763257273442,0.29710083941068494,3.438928008858763,-1.2305364224143283,0.6008752528038496,0.08082831685665617,-0.11243465069325242,0.3162327826720233,-0.28795768089788043,0.14632216685706806,-0.513634428989827,-1.1300519507621383,-0.2033857500844071,-0.11106593232455385,-0.36546280704986345,-0.16694003215326259,0.04989489745138942,-0.22746684094339367,0.0057623298742664605,-0.43332387383297105,-0.3100387402044047,0.08899836883940002,-0.008668647865777727,-0.019079732764820792,-0.33807350161544886,-0.6089496384975954,0.5594525818341556,-0.00031237787749317667,-2.084821528308479,-0.6298173383213389,-0.35956646697714467,0.8209958506200719,-0.12955783133945895,-0.2679707821347832,0.29074425207604093,0.2759996788316743,-0.4901047339829283,-0.544652498242721,-0.2469816305653489,-0.3495861387353654,0.4613643504837026,-0.8731840460191058,0.30846837426765283,-0.7439824559456809,-0.07271727895794215,-0.6785054975681126,-0.07854847844574886,-0.12662510959046,0.30257286202320466,0.14309435073138665,-0.7298326446718898,-0.4056506890248578,-0.6704506971482858,-0.2533042821591144,0.2265935096470394,-0.23392548038004074,-0.10227769863666844,0.3372314203868442,0.4288671229114527,-0.2368405132445776,-0.35405907616569066,0.15143550567586858,-0.6936647990564747,-0.37828044988256204,0.1366844973489297,0.2529239185584037,1.4293192376057622,-0.11787534888349249,0.9108906747330433,-0.06813112379408848,0.29803361427482533,0.32086820260141624,0.16883882727194566,-0.4910439737964942,0.2550644650217062,0.06603207061109086,0.16305417182273735,-0.4216034942815354,1.3625687744447958,0.12484854167658362,0.4262346926503656,0.0,0.0,0.0,0.0,0.0,0.0010843462506078495,0.0,0.0,0.0,0.0,0.0,0.0
-0.881839549816723,0.32224355671436555,-0.5283930394979236,-0.11161689506524436,1.6333888913600207,-0.16279101887041728,-1.0458048228766605,-0.11450821923730209,0.16108932317469435,0.09889281330435318,-0.4238331937000901,-0.35979876370188385,0.3202708791356262,0.6444916591156049,-0.5426877932379682,-0.20145045407302506,-0.22095227134263454,-0.2077593429856713,1.3761984366771594,-0.5370219643812436,0.48981256924964456,1.592679256149985,-0.7117911490531543,-0.17741330415066364,-0.06584101875979619,0.30602771576303706,-0.7683921877598914,-0.07053268670846685,1.6675191923173176,-0.03566054478845808,0.16110071678306428,0.17421648777794188,0.29878961017762046,0.012264922791524992,-0.27521554776431334,-0.12149868702302141,0.4603013911599003,0.28310760017255276,0.02422624992914333,-0.25396721543997636,-0.2625247560744021,-0.7407214004981344,1.5868350561132802,-0.4629962908248005,-0.01995126225439265,0.12649473567245245,-0.19989999092225288,0.7247759114565638,-0.3434144464095747,0.5604066711930479,0.10666274884077805,-0.38402087742145796,0.361463280391218,0.5831859877067349,-0.6170815874077292,0.29216946519625475,-0.036124116571827646,0.11207423361160129,-1.1062900934334206,-0.5223337605879189,0.44257501585703174,-1.2489588847315374,0.010179100840033093,0.040386823179539316,0.3029990380015965,0.3264715374077114,-0.44173378647640543,0.8454919610260211,0.32655732027493284,-0.136341054982713,-1.113028939680608,0.36626528485553816,0.24238628817461327,0.33202158083066274,-0.4417068975734196,0.1377407018553065,0.08666823556674783,1.22504835231796,0.2675135467217367,-0.09703123283470423,-0.2352412727569846,0.08051078280093152,-0.2959447032894126,-0.42027989587124875,0.4203283385727699,-0.5911203281318695,0.11341201721792965,0.03253087474987997,0.8831652554038921,-0.17768143818667456,-0.6801304740738805,-0.12440872416074578,0.09073395235883891,0.6385479018880001,0.42303876410060215,1.7696552375197723,0.5493226408789877,0.17439427064035803,-0.16594078810440363,0.39430616582839406,0.5032785923922514,-0.6977314256358083,-0.1550336935031533,0.05986912113925039,-0.2305759415766304,0.8469348103770092,-1.7184510759506089,1.7484626526625995,0.010300180729882171,0.11828789320516377,-0.09613868107220254,0.0,0.0,0.0,0.0,0.0,-0.24663813062988885,0.0,0.0,0.0,0.0,0.14790841467019714
-0.7966031068294667,0.40587703572240846,-0.7863202023521672,0.7626681824772498,0.7253432496637345,-2.6615181970185766,-0.6204075914045277,-0.5007584852196255,0.77503294936894,0.15696637060979396,0.07066187045161376,-0.38315920833046235,-0.5224892911690778,0.0016542581932890614,-0.5711073767024679,-0.1641673837279352,-0.04880004352801674,0.38485661155760714,-0.28355004412999274,-0.05597891094845425,0.4521127543893333,0.3322001532378203,0.08885505352586286,0.5019743151823602,-1.0513289118826177,-0.4043799962946003,-0.36300555640430093,1.5886413071599685,1.4849702441068608,0.8051228122844409,0.5314467158580705,0.03213543651121552,0.3101046534135257,0.4571936521256551,-0.13781302616311275,-0.1297866487271846,0.6258194927717232,-1.0775189203127642,0.13074401458591614,-0.17695734336248667,-0.6791195759199682,-0.8181545381535845,-0.14881503634658907,-0.3883708415051043,-0.07944172363321303,-0.6645311299571597,-0.08924217067573537,0.884337716186252,-0.5947212923906067,0.11275960510074662,-0.28547095234153386,-0.28726407307019863,-1.2484302981797877,0.3438791616710817,-0.34514651329849144,0.15041629441163315,0.06215825744914412,0.7686219979686214,-0.9857154565110249,-0.1637738908447699,0.05737466521999292,0.33374516693406675,-0.14176852357229824,0.16803353613288,-0.447526932134548,0.28427623572869437,-0.06564632885785256,-2.0257035797263554,0.05338721050656294,-0.528044647195242,-0.3101298832047481,0.08358467720512423,-0.46349470996942754,0.45455045255385584,-0.7108104521782223,0.14091610681576366,0.49509619300307905,0.9962990094874289,0.048255959679124875,-0.42392761663653233,-0.5022282342648237,0.012015286379354818,-0.2663817166821595,0.1137121298571917,-0.07275469222243987,-0.6033153879396748,0.4151110340709097,0.08210133569251733,0.744071992459553,0.1626685994427947,0.5506733545972993,-0.9144905953842296,-0.5384298384022427,0.69761101288969,0.031087715828537588,1.1919814227910497,-1.2337016705702086,0.18148369463234987,-0.5919742231555805,-1.2458080452699116,0.7058117927686474,0.2857882349156524,-1.1465361451527383,-0.07129486443188758,0.12006495254325995,0.6609481101206425,-0.2224323610324114,2.1394161086411745,-0.2547471941335581,0.12026164654458754,0.0,0.0,0.0,0.0,0.0,0.0,0.0,0.0,0.0,0.0,0.0,0.0
-0.4563952375437066,0.4835268482757439,-0.6388742825167324,0.26677330042470837,1.503045597190719,0.791907027665552,0.7072348877878716,0.5327912559130239,1.054560062909977,0.2758431814024861,-0.1020963979461166,-0.01699758010528365,-0.041024013251137,0.23083595720396996,-0.013274868253854913,-0.08771494827031998,-1.1555254624107545,0.529831686757168,0.45519052981967356,-0.10636480761988513,-0.001994633051651934,0.76085536245456,-0.09711344145603445,0.6572014494040408,-0.5841950197727832,0.05417084809824497,0.8680492601675976,0.25295205758148864,1.6463808057963605,0.5640353257425856,-0.8159385031596957,0.06359407245368676,-0.44732330437240836,0.3189868505005876,-0.42710725435327307,-0.6757111830712328,0.37144340280844784,-0.20890543320307536,0.11718047678160806,-0.5010951828112536,-0.11762336467348836,0.32116951785892334,0.14147104379886097,-0.21662336309093624,-0.11763249885320709,0.0690781979461156,-0.3769865155857709,0.8565958914088021,-0.07784703622372646,0.3044188735585057,-0.4857051527172978,0.32915883610796437,0.7805080446714334,0.5947245411325199,-0.65223831377163,0.16841437601087064,-0.024745735043567665,0.09971474321998905,-0.660521313233275,-0.5661715411190167,0.4601177472744672,0.19873576617282607,0.4838656203698154,0.056921102942796245,0.05101795317939086,-0.047441868022627315,-0.656935464927195,0.22939433610037432,-0.0007419157740020067,-0.5684946846965053,-0.5698865432534664,0.1276988822947837,-0.20296466161914378,0.44308555893309953,-0.6854742402142184,0.09127171792202822,-0.1292180679174089,0.9596505989471479,0.36268879644030055,-0.5994624069089076,-0.1626906992980248,0.20618838244244558,-0.28669900848920316,0.25010992085885403,0.35195072385513465,-0.33658352504978545,-0.10558980488183355,-0.20194895770664956,1.2303447491904382,0.17537896209074877,-0.07208817657612039,-0.6826520488034782,-0.3228090603142305,0.532901134902263,0.03922239819241807,1.2799796909880194,-0.6616292251705862,0.2885536657062099,-0.3131143084191118,-0.2076399848747137,0.49450218638327437,-0.39149422568840525,-0.38863219764935714,-0.31101498069531863,0.1433012456585961,-0.08963983417784199,-0.5992943186477163,-0.161447874452293,0.016663506342254577,0.20936644941261012,0.0,0.0,0.0,0.0,0.0,0.0,0.0,0.0,0.0,0.0,0.0,0.0
-0.2873689082696269,0.26750317370621574,-1.0283531587756072,0.48842741539140566,0.958667139246262,-1.2654097642886655,0.3602341422148941,1.337007400889248,0.6808153730913038,0.14452811325754814,-0.41467217318651456,-0.046674851227112214,-0.38894228092297506,1.2117763025528536,0.4862624699640734,-0.238064278040456,-0.8517670370105103,-0.4871653080120143,0.5533829331007847,-0.5458019449375612,0.21726719246023657,0.3803155294477251,-0.056201362839065634,0.5831890531658646,-1.635082955420871,0.3571957644327628,0.6091481218939506,0.6945042633127028,1.626391165649176,-1.7851509105247325,0.8307161182279004,3.8838301399399113,-1.3341396969459434,-0.1187450465557667,0.2895553874248305,0.05988282789739309,-0.25146364230973495,0.11164584893490613,0.09754513696693497,-0.2650102512945627,-0.33199602606989714,0.365841346859002,-0.09552549452470085,0.0006989274916022623,-0.13269686914960685,0.13250428682362955,-0.0652865852860908,0.5754128060286816,-0.32922048681847954,-0.3351210166618402,-0.00702777437625324,-1.0980301687161937,-0.9216747338147226,1.2799133755099155,-0.5808513427153049,-0.43282755655997834,-0.00014971113429261182,0.9069436436981201,-0.048045855360882746,-0.5401490048634618,0.6685729572110837,-0.6114471518014631,-0.009589590961034419,0.060485538329259285,-0.1172218256455331,0.1330126226113528,-0.4299477478310494,-1.0150805334868431,0.30687779870163256,-0.46083487306249193,-0.3101298832047481,0.21290379016784294,-0.026518178782695134,-0.004980867588925226,-1.2092737758457524,0.10278145379199494,0.6401435404949212,0.8449494203930252,-1.1345343232549427,0.2501253216191125,-0.49046565893382776,-0.2047200357471229,-0.23903009238230502,0.19362675925406544,0.08634296573043854,-0.05945114936298989,-0.11699649015617604,0.15665746968027328,1.1645529082870256,-0.18836065350273412,-0.4333190940070358,-0.46143183589605546,0.253870401383162,0.2624769293399056,0.40766662959224104,0.7306401660541479,-0.18133516715191605,0.039628080771591974,0.4208395499830855,0.14390237106945555,0.9286405862306584,-0.07189682653573269,-0.6774788157136583,0.15995773113160794,0.4117323395225648,0.20088449167239805,-0.8786834582890524,0.6440744755555132,-0.08310884522496957,-0.39140656615601166,0.0,0.0,0.0,0.0,0.0,0.0,0.0,0.0,0.0,0.0,0.0,0.0
-0.21235241572711777,0.614675163525918,-0.532423723801886,-0.4266647963319053,0.977933268003662,-1.4082587940303117,-0.0936704387081467,-0.10221597136458353,1.0880565128177222,0.1665694037772419,-1.2846450456821092,-0.6669357213611798,0.22527087283789893,0.8130393698149019,-0.03979179789692484,-0.3249395812876608,0.21220688275698144,0.13531104201855315,0.5173251755811854,-0.05597891094845425,0.6892575450875065,1.6255708063559429,0.6391395970400464,0.6584423885165107,0.13037777489106214,0.344539772533744,0.052885435007688476,1.7319481744264011,1.1557997233840043,0.7511765132605689,0.19726569309485392,0.6844969471150719,-1.2091855687032975,-0.09936098683607109,-0.015613987269708432,-0.6292722508218485,0.1849968760780092,-0.05085115680027511,0.005141163888200801,-0.6941266116031646,0.15483416991667356,0.034920437369212486,0.4364649719464915,-0.11154511173972706,0.16122288529535844,0.2740981565858974,0.08040947480318007,0.6068059500380538,-0.05797803172108533,0.20622070051610733,0.20863596222111486,0.36935504892728527,0.35343116313747674,0.7309178827240824,-0.5150104429770859,-0.18586553938740144,-0.12587989611790812,0.3914617241829604,-0.6319082815482407,-0.6112220203081427,0.7528521451101815,-1.3177869238485904,-1.5407493914217416,-0.06267166581695445,-0.09913337495259344,0.38901701147303713,-0.03427471313108542,0.24096783773816186,-0.08906673151484837,-0.28502859961087973,0.7106426935191881,0.2773122842301152,-0.29214719425911345,-0.09194841562294363,-0.8675554608203293,0.10940816998374021,0.9804700381786114,0.585865031957278,0.12765364278392488,0.32513809271328464,-0.13085664362966198,0.2403789235736458,0.19634614832653335,-0.8242713719890108,0.2062892420712693,-0.3482497714302965,0.5033048415062746,0.2590793168482178,1.601255389372961,0.3954098550828537,-0.9284298415215712,-0.26955959906036225,-0.17216619764358387,0.4475681030380114,0.11081596553003527,0.1812067700653237,-0.75613986514554,-0.816839168153794,0.3362488506634094,0.3801082626910001,0.5212525740553602,-1.9142015398250567,0.06997155914292028,0.26001017759519984,0.49894936128915335,0.24825006939490782,-0.5992943186477163,1.057682655373962,-0.36484513501080573,-0.5109576315462384,0.0,0.0,0.0,0.0,0.0,0.0,0.0,0.0,0.0,0.0,0.0,0.0
-0.4965390380013065,0.44073347981146294,-0.45997391989584013,0.2748709202863438,1.34271488457992,-0.3103710125671326,-0.0936704387081467,0.16398460399230058,1.3123683030695878,0.06539581664550376,-0.16642146217867249,-0.14169831714816028,0.03570921464429587,0.6304699896210353,-0.10823457093116258,-0.07615597155924712,-0.518642589855033,-0.408506487284967,0.3224760437634411,-0.577837117979764,-0.6307222852383918,0.6588229288012077,0.12399279095989302,0.3835462451340831,-0.19718153459641688,0.13399434076407007,0.5876492052502541,0.5644073048840828,1.8145384106698792,0.8450650553645287,0.5758776617524435,0.7387083091908817,-0.7538364056777827,0.26522224696596985,0.6394332471976394,0.2614571872871083,0.4046230354039289,-0.17153877595061218,-0.20466636071206804,-0.36297819756203886,0.13845558042560066,0.31775568637592677,0.5186239420323115,-0.28431924247838386,-0.0961080074279759,0.3225185655403402,-0.4983168551368963,-1.0760571585685934,-0.4053525621494707,-0.43144970218323264,-0.1516518205357223,0.6969769983389746,-0.40726251174820693,0.27283197624765865,-0.4341419044653208,0.21981258732370706,-0.016679858657121294,-1.067006034936631,-0.0861377409656245,-0.6233822123063321,0.2889354338745675,-0.07376264670482117,0.4415699408843091,0.07230392716652968,0.10055605377475556,-0.3180884022216771,-0.4652392214243966,-1.2138816551647555,-0.11890850178281293,-0.3525188736383261,0.09736567487870902,0.38820013555291255,-0.046182396380673986,0.2800263147185821,-0.3007814183183142,-0.023906207937049874,0.7786261982660253,0.20272551757279986,0.6416299263528723,-0.7064653974095972,-1.287500009548094,-0.3209053223822979,-0.32354506294404123,0.297429546318813,0.2957768388574012,-0.07039938289730704,0.2578673342216935,0.017860139960175325,1.1832030301633818,0.19280815535940324,-0.14289228244634128,-0.7998480312862855,-0.4448617294863456,-0.1802544946248937,0.6920503310288846,0.5832025280726201,0.1672600883261314,-0.5177227785401811,-0.07523434547841258,-0.19825459139051915,0.4315162295435077,-0.06758774006608409,-0.21087792946360917,-0.594172547225007,-0.1943317371671657,-0.6840080770124235,0.05709957268101725,-0.0353790586459016,-0.09499529893372766,0.6309629402333045,0.0,0.0,0.0,0.0,0.0,0.0,0.0,0.0,0.1854612358031498,0.0,0.0,0.0
-0.39688527075758817,0.44811393644001896,-1.7215718956938557,-0.046903988376180726,0.963542649079409,0.032958687927591476,-0.31289161263087073,0.5106867970411689,1.2795680765582365,0.2724120634365623,0.04452177851157745,-0.32934779449234997,-0.3949366721931037,1.0162682124393403,0.2772900613777393,-0.1299557960725998,0.2444764753403661,0.13525880605622023,0.5173251755811854,0.47340625909102874,-0.5998502844463037,1.021957261778531,-0.2833604094766405,0.4684119949065205,-1.6878473367978626,0.2612808812990407,0.22450964179940758,0.08846186807864143,1.9963760716307126,0.4769351005715796,0.5934371544239572,0.7888172083393448,-0.44732852119865946,0.5008540074713111,-0.3842117078434218,-0.39141438231937586,-0.9068988974545648,0.008854214786958355,-0.26684518650916195,-0.29863739964112734,0.6342094331388176,0.27402314734162186,0.24624878157445623,-0.060434287540765345,-0.20669023378503681,0.44546330093825437,-0.6261310121972945,0.07610001391529546,-0.32543564545888676,0.38709397893571995,-0.48549987112162213,0.15552101275574473,0.010094161935210278,0.6666717648958713,-0.8774535424259682,-0.91216817704188,-0.022115903662617262,-0.13163843593183772,0.36034302281216424,-0.11987161085286567,1.0112491157008783,-0.7285097373343438,0.023357895318614808,0.06561786212813525,-0.25195918178213705,0.23334340096801384,-0.0730281566816547,-0.12443933245878532,-0.14679698762082305,-0.09656310882341225,0.2688646873079385,0.4629600271679436,-0.4591276618345349,0.6319419969860083,-0.15196237598544166,-0.0972658863009208,0.9175063305288669,0.47451205083785664,0.41194959504107365,-0.10334924252751683,-0.9247435542129939,0.05968423106141765,0.4524232095514392,0.4015065555982234,0.3140076311191118,0.26798597867653035,0.06641372468630062,-0.20635081885928613,1.0607265220295434,0.36739054032257207,0.09277150021256632,-0.4398631721744468,-0.3305441875438228,0.1794902505681588,0.21565974057306436,0.5204490020837811,-0.3384253725570482,-0.5452515166658142,0.39337971552672907,0.0006844211220311131,0.6597013968212689,-0.2725288691359374,-0.37038724777500104,0.45029676927028994,-0.16924246154377806,0.09826146244264604,-0.47473005145234115,0.5933941219075665,-0.177935723843649,-0.004674322721206415,0.0,0.0,0.0,0.0,0.0,0.0,0.0,0.0,0.0,0.0,0.0,0.0
-0.17451553562398986,0.5629102514897465,-0.2294026153811379,-0.14958276384122532,1.138437499006984,-0.14175764699223597,-0.010126125808585205,1.3278289020419,1.2263719723001558,-0.13689860074850627,-0.06852357974465911,-1.1242241970818807,-0.015700852639162526,1.0309770989562037,0.5256668753036279,-0.2898577493573861,0.1582875529131422,0.21792091601635918,0.7760552117910167,-0.2842498560358948,-0.5531009933263386,1.2775907951931302,0.10778943892137988,0.3545330885042362,-0.6702832706463581,-0.4264862206048155,0.8117456681548467,0.7309552557921971,1.762929084894168,0.454637433418165,1.1159077716902444,2.514879550596886,-1.0165041855883004,0.23417402601343426,-0.3440292072272762,0.3712235392351052,-0.22718312126738247,-0.21852369674083175,-0.2640528243040337,0.03362351039746066,0.43820381257214636,0.5990957245133002,0.193437186704219,-0.34814122018500454,-0.2647997120753365,0.1831999070237053,-0.637711365059435,0.42176909478446845,-0.050264154050355586,-0.12375993419361717,-0.3698525482545755,0.34578887471880204,0.22016360259137166,0.1908297544604472,-0.3801626945110351,-0.08626882683484055,-0.1723384445334734,-0.13163843593183772,0.29249180566213534,-0.08210946360873586,0.5409169348325621,-0.8918813358491262,-0.7877679009527622,-0.020853011676125174,-0.4737881617200647,-0.06682153935027343,-0.912759716309862,-0.02496354951060582,0.09775717178164714,-0.8261951831249001,-0.22813212438358293,0.3287227252755759,-0.15906793496402255,0.11774736132081849,-0.5471747978546526,-0.023911329122191335,0.40651924379134174,0.1293477529073568,0.5128177049210452,-0.10166586325977602,-1.0121748420684837,0.2922394035937712,-0.15090552396726792,0.40766407191053056,0.2892750616131688,-0.3171203422267492,0.14487286178852915,0.2610540417055531,0.8002498993904016,0.1596199046875198,-0.00976503317333991,-0.4825229622554893,0.40810577498102873,-0.07765704190941299,0.7122998367291886,0.2649815513229815,-0.31437370500696366,-0.6669962318254136,-0.29956539853948183,0.2499646157653696,0.5570326787100859,-0.052268561895081694,-0.09872448268370992,0.41925963736640787,0.22922418717455262,0.21184807623865792,-1.7846756173422411,1.057682655373962,0.322810919546104,-0.1836570835149512,0.0,0.0,0.0,0.0,0.0,0.0,0.0,0.05924950133777199,0.0,0.0,0.0,0.0
0.5341170846500598,0.550966354112092,0.24243136799258583,0.9742738445525928,1.242049494878843,-0.6919724813865801,-0.0936704387081467,0.17931876967286792,1.6620210116437468,-0.08507765535099499,-0.1578226550799948,-0.0266967558177293,0.07376568371963083,0.631296634312577,-1.2236060219499847,-0.1565199733000604,-0.03772768433539797,-0.005978370914777089,-0.03481612396061497,-0.05597891094845425,-0.5456567364738305,1.1616750869619155,0.013683777644445647,0.8184236075029896,-0.5383449766178144,0.1472014033340522,0.599086955337766,0.5869592401136454,2.0874406579646445,0.36623541893627226,0.8792083223415093,0.8161045248716131,0.11909217828811355,0.33861025106518594,0.31344085396941496,0.5522799240563403,1.0982586119661313,-0.25372198370547905,-0.24935512644363125,0.17767892337054844,0.23461026947757405,0.6853367310427095,0.6797500688408297,-0.37150532605239506,-0.20020893110998816,-0.03925014346192167,-0.5861389012288378,0.005527326166356539,-0.1149707737635091,0.7879496430685675,-0.6006759473884369,-0.5219093643780516,-0.3841791847858459,0.4999149502933863,-0.8150415140433924,-0.940229962760668,-0.09421294917773736,0.057516006341706824,0.7915277186588665,-0.2832172141727997,0.6094008551658723,-0.4577631569976711,-0.03837905571754701,-0.14883482802941503,-0.42499874808472593,-0.27323851206622074,-1.4539119559713685,0.596969433656272,0.28176900287859585,-0.6820330842757252,-0.4811576948071052,0.355719580910191,-0.3843624273883557,0.03005204444611482,-0.8910074485571939,-0.12751285812480476,-0.03339076897386594,-0.17520661358633202,0.2675135467217367,-0.24198282788726005,-0.7649181145136239,0.36676241670752957,-0.13250185716152116,-1.0150273090748245,0.2541588678667994,-0.21559380217887472,0.5642017837334032,0.13278379773365512,0.46650804822648073,0.6477406995217958,0.7516172597143774,-0.3205561790201924,0.4251179775950483,-0.0392322821145856,0.4586083018480649,0.8796272262634658,-0.6578661160493579,-0.2013490790447254,0.38073843998427936,-0.04112434721289971,0.6949121708242108,-0.6817341129707681,-0.3412911772372414,0.4741649479459672,-0.26880343236467946,0.42283493355650004,-1.176959048385786,-0.5144943193657104,-0.2077664749373719,-0.13892647540631267,0.0,0.0,0.0,0.0,0.0,0.0,0.0,0.0,0.0,0.0,0.0,0.0
-0.4987477320309911,0.4335188917371517,-0.037473173352441734,0.31321279098580895,0.5127610139110985,-0.3103710125671326,-0.13840316177930895,-0.19278901376881605,0.9457972923994225,0.1647998570729565,0.002725688182924283,-0.5134539252513042,-0.2985978440043482,0.3032318061334809,-0.18682410896804297,-0.29758272476136116,-0.7010823852704824,-0.4134179755835445,0.7462203719141347,0.08813953489833161,-0.5871863301952702,0.6585210646926781,0.03149306142508213,0.380004696944176,-0.27954906441374544,0.6102015300498153,-0.12098147192931853,0.2782042452957786,2.0813065524085683,1.260728896784399,0.4195996041722913,0.8547711541359718,0.10610533196388745,0.3567282981473939,-0.2734348363105385,0.05736897862044502,0.6991312686814818,-0.4517065206008147,-0.22393375219069334,-0.2989343142246013,0.15085286322642913,0.1665247848160941,0.14551392381785974,-0.16131427839100443,-0.17537139520610476,0.06530399918224769,-0.55540999763274,0.2303426847090682,0.20276787986300573,0.7332370977157383,0.26824764896927417,-0.09276109070702705,0.05871541957690132,0.3626242605280963,0.01721417276158916,0.25400850999272656,-0.029227479697409787,0.1900316533784031,-0.4202186507517303,-0.30658311287612505,0.2512815087337133,-0.5654509616021948,0.9708635563107254,0.1311441823960465,0.6998653715674868,-0.44598019799250305,-0.6548390630627772,-0.42825878492894814,0.033143961141977187,-0.28788889410484325,-0.9322902688059386,0.2176134616049977,-0.028751790543924762,0.14841142807435687,-0.548687541460821,-0.14038538989592167,-0.4324944683884906,0.6454182603708913,0.9158143439091928,-0.09232755941795358,-0.5683023378403229,-0.8102035397692076,-0.0048156056560087306,-0.2140197235523036,0.2738732169460047,0.45491644645601437,0.6722261246873208,0.1725065156376331,0.8899372336954157,0.6804770884976437,0.2577768525385585,-0.6816805065250786,-0.19262193460432891,-0.0457268991773677,-0.1351474274147714,1.606780968105347,-0.01455164597980417,-0.9760021635729031,-0.3611675169071681,-0.39667987141626176,-0.2559801990130537,0.14912036310663682,-0.6066858918320426,-0.6713716256957478,0.1884639891485086,-0.3305214106548494,0.1632248378752392,1.3577721798009814,-0.6731080232401522,0.4976292859881447,0.0,0.0,0.0,0.0,0.0,0.0,0.0,0.0,0.0,0.0,0.0,0.0
-1.2453586625034143,1.22131855720263,0.22037764606753557,-0.004042603873703639,0.5351894853198489,-3.0306623623026496,-0.1702344397330594,-0.1767545370687863,0.6808175865495978,0.09341398523143819,0.15134009362315884,-0.6384764604483599,0.35308911265646015,0.6196890258039263,-0.5423629995486535,-0.38974461848538616,-0.1461079008664469,0.5593496981028047,-0.12197596955866698,0.5028060538955961,-0.6291994941102991,1.1683537711651841,0.12795355197349273,0.8806837912084912,-0.28986010489852343,0.165520484699013,0.6895512018520948,0.6074596439911887,2.2925488430918497,0.49091080546437404,0.5608042981557089,0.1551595871258919,-0.7344893416715144,0.15214946806172328,-0.2796772251654664,-0.04270113035158336,0.7427009194606131,0.026841477555523685,-0.22245477168334168,-0.3440597297874551,-0.13264015317911848,0.017493566255628635,0.5162070856034309,-0.10425245288258567,-0.08988468181811178,0.36148763663090705,-0.5961071037462591,0.07212613894630403,-0.4323808465787168,-0.07735215447948197,-0.3425691278329292,0.12593722579625774,0.6645489990474829,0.8114479310163343,-0.28905703355400336,-0.18586553938740144,-0.07472067965598847,0.2336715499404239,-0.40092862658622774,0.11428120020239632,0.07943280511568922,-0.507481761774984,-0.009589590961034419,0.14405760229300776,-0.5052853085460709,-0.31178842556265196,-0.6622001000750494,-0.8091796283677272,0.3201724313651871,-0.5222759317868573,-1.3075016126449348,0.43891822373888106,-0.1092239942859873,0.16775478692912685,-0.48738933351097385,-0.11586539960664384,0.552360867384533,0.23379775144327322,-0.16898001632592652,0.07795366914752934,-0.7923887679515152,0.4470872524312126,-0.06573646984833191,0.5834278522514151,0.6079808101648738,0.11174164738368844,0.593454060048731,-0.04221959639218939,0.7025351398732571,0.8590943355493772,0.18571282139886186,-0.9104182058737107,0.6972927957714319,0.4202562002401833,-0.19590691979099562,1.7716001970672703,-0.7940482490757104,-0.47283787451843245,0.23212573488619517,0.13752675408783718,0.5254380123273632,-0.32069275601389535,-0.531564345291923,0.14949725561065413,0.2915542981007118,0.3322161679186035,-0.91608670804784,1.3532000654875007,0.13290345340832255,0.060950842262919254,0.0,0.0,0.0,0.0,0.0,0.0,0.0,0.0,0.0,-0.27916427088306334,0.0,0.0
-0.2873689082696269,0.4463165731623898,0.1899533645600217,0.39918734737384787,0.8637962999892319,0.6186819093877461,0.19489535462531418,-0.7126005081890858,0.5803472153849267,-0.006548049309258692,0.795224064890701,-0.17523393904854923,0.40915912681647804,1.2218015355328533,-0.1307841971070754,0.07348863186671171,-0.36838520945748227,-0.26944675184801253,0.5887650783557901,-0.8233170958007409,-0.32286457217201703,0.07468465129308507,-0.48975645614546304,0.9026143411982164,0.0448790322235036,0.09763036753123693,0.41806730522149255,0.5384569439002924,1.984069292308843,2.1548906942939645,0.68264430364959,1.0973307099928193,0.4670075412326078,0.3078411137294638,-0.6018390005662725,1.0133772663783351,0.42635149626074736,-0.18356877921071524,-0.37517649981779866,0.33195053831905336,0.5635686734640949,0.19319277441029445,0.3092174619133814,-0.5396669892457828,-0.198191782780801,-0.3010846771887551,-0.3718892933740225,0.17943170658653124,0.16877412904196112,0.4984942879607329,0.6770534790326102,0.1407445975253561,-0.09868041530190387,1.4425357299678219,-0.3902564067825859,0.00565341483966264,-0.08686484480659148,0.11424122609735003,-0.258863729085197,-0.10525253770291684,0.5996962753935688,-0.17250776348881966,0.14849486378252016,0.09592873589889034,-0.26421422862142935,-0.2293041691040296,-1.0986119139902906,-0.5363953825281562,-0.06471324673187684,-0.7544706396204697,-0.8855158802405884,0.505310397320772,0.22780530200749274,0.4723690925140269,-0.17094555866132405,-0.18921822449314793,0.4327185026420542,0.9912970904505322,0.9347805398485398,-0.5738910010367234,-0.7747724190551023,0.8423385510768169,-0.02395509879787544,1.1350392788002002,0.5748476524478732,-0.2480472703239146,0.16221640081382657,0.13869468026099585,0.9347798503500394,0.6769139855748924,0.37432112627483755,-0.8776331180824077,-0.9345805831937417,0.48317972359799366,-1.0963943939149716,0.5405250077350388,0.17238640734592872,-0.16735246103814821,-0.2234165799485429,0.330773754522305,0.4027005767185883,-0.21576862744571726,-0.24445899913175284,-0.7480097296928571,0.37610382243258456,-0.48547392303883236,-1.066231005159009,-0.021986987268074732,-0.45837097096407814,0.2659885722002431,0.0,0.0,0.0,0.0,0.0,0.0,0.0,0.0,0.0,0.0,0.0,0.0
0.9244377366033615,-0.11570039393100937,-0.9531657446790611,-0.12674326481073697,1.583510875666887,0.23012802692871498,-0.3447550346022921,-0.40990198477391554,0.8640420758889455,0.008490618975003446,0.33517321583660264,-0.37564454298446076,0.160931785725233,0.0455064300162644,-0.09498105786866665,-0.4113944164390504,-0.24451035254454845,0.2967662600653168,0.7971885200013653,-0.38351388947855086,-0.7904676495277445,0.250259755861797,0.014508189424460225,0.39015557420047225,0.0001396385906919233,0.10532863087297914,0.05129993047989139,0.13113258837535766,1.660581268536975,0.5853708708645824,0.5877038234016334,0.919136911068579,-0.2222720128379658,0.3996017720918265,-0.03644207338673082,-0.2582918267757709,1.476225803213097,-0.22428956456642052,-0.3188416594192819,-0.12651313954261703,0.0702898183471813,0.15212898463407779,0.6046724520515165,-0.25327743386499263,-0.1627360186012186,-0.1700818724456767,-0.2223653622639106,-0.6215000715110837,-0.23036295158953574,0.6361247307658779,-0.010564944013823569,-0.19441654994396146,0.010013166255821878,0.03632605020641167,-0.40198829028170957,0.39194173341956123,-0.17886368227159333,-0.13163843593183772,-0.2244793981263129,-0.6554368286202861,0.8335288585402683,0.48210429518789766,-0.009589590961034419,-0.06455080581791561,-0.10256366169544047,0.04050122382256995,-0.37164832864805436,-0.12231477026621528,0.05655901130173122,-0.21906049124568971,-0.08679390430591458,0.42662703989635337,-0.49383526788607,0.35440865379000963,-0.2404940986785802,-0.25332689556398535,0.6081155042835302,0.3235221711598817,0.6513883726798911,0.055989511449685656,-0.5121936873162667,0.22362553771502214,0.08229879113776303,1.1191622863822401,0.2349100563025282,-0.23261704625964114,0.051263685837578996,0.10164877053085034,1.1482669625649198,0.32551236271745004,-0.5385267566640995,-0.6587754804348991,-0.2544762023176545,0.24325792552210077,0.4266361504316601,0.5510891360465179,0.3435369273084137,-0.3517516430322094,-0.5396212735469099,0.02776836257798133,0.42343555612323436,-0.14073870124999985,-1.0179874849124497,0.2954167533944751,-0.10208886294710855,-0.011372315537362863,-0.525269413499421,1.057682655373962,-0.2898138208421103,0.3068246971316003,0.0,0.0,0.0,0.0,0.0,0.0,0.0,0.0,0.0,0.0,0.0,0.0
-0.2873689082696269,0.9735167280932668,-1.5124410527627687,0.5485417952969607,0.6938488526064294,-0.3103710125671326,0.813627163546851,0.1902992302638088,1.0083751247731634,-1.3200157055119506,0.06095809911474422,0.32516215167632884,0.4854541316695553,0.631296634312577,0.8586308064849271,-1.9229617581326441,-0.47954091310420655,-0.1512790138309756,-0.3784222109163583,-0.23617697482423944,-2.8582398910306592,1.4079185293909313,0.30293295981961355,0.5097919748965145,-0.01486463667893155,0.31732341513373663,-0.46565312610777126,0.8176149829354653,2.1513438894906654,0.6353179308410616,0.34154246239515385,0.9985707220378477,-0.45525725256438215,-1.5891326819407556,-1.4052553019161216,0.3945985149283794,0.2886389226971897,0.16650882793922245,-1.0798130001215815,-0.08322799409746763,0.2183015244009956,0.21777052697388694,0.07397692042643472,-1.4051901411888512,-1.1819459080016321,0.3691207414839349,-1.0137805096840367,-0.7314854417127693,0.19684275020283334,-0.0007224571203543563,-1.0643387475725326,0.2620801887494571,0.6004909716048326,-0.7239560342138918,-0.12780766975772587,0.3026298454987076,-1.726752386502258,0.5686878703014752,0.17532068398664416,-0.6031632073477226,1.4245889156564324,-0.5457154220458478,0.09720059493925448,-1.0577703232456714,-0.3460676213961981,-0.022738190231090655,-0.6216128485879667,0.8128441779431723,-0.12123893178638795,-1.5138522418824496,-0.4182453534932044,-1.4274587286884928,-0.15010464455527084,-1.2466683399637217,-0.5440737341490289,-1.68899308942282,0.4962928847569341,0.4675324600560038,0.46219224305848183,-0.4400977850781996,-0.5215589332544845,0.05180317782543034,-0.054306226669032405,1.5555040976126677,3.6033991590044434,-1.140514664332939,0.33563856490618993,0.21063163365271148,1.2698933686935132,0.29749952247113365,-1.6458828515226724,-0.3787194772542645,0.989014813873882,0.6774859452860886,0.7885858721669812,1.0618953949906424,0.1915873581123856,-0.7143597262903119,-0.7009879739539547,0.11182399159413232,0.7439048002670621,-0.072768059957126,0.40106793910761723,0.21717358066722536,-0.678770860180726,0.07570405305310932,-0.7416371538274755,1.4335405235818803,0.11472020022623042,-0.3140637215242044,0.0,0.0,0.0,0.0,0.0,0.0,0.0,0.0,0.0,0.0,0.0,0.0
-0.8180015493824803,0.02142871760828622,-0.08906544534745654,-0.10261145623251056,0.573892126938444,0.30275297494689213,-1.2899140846110333,0.2227263822964371,-0.23469175585499702,0.13154671147050656,-0.3169162526390684,-0.9201450951203081,0.010485575479885002,0.8101955342871096,0.25275800871037907,-0.057744498804390754,-0.4871372185015857,-0.1501336357849001,0.9683212875803386,0.21950337914383466,0.048402273422090476,0.5626591648364314,-0.46630916347516804,0.20443881884871024,-0.030163485829835426,1.2281308006715335,0.7826602792704702,0.4428327304631252,1.2155333748686235,-0.010558011276252716,-0.18116705341733003,-0.17969437028420512,0.2201619927113199,0.40283985597054645,0.2646710903764865,-0.04434330133069476,0.6215552074773552,-0.05340237558347528,0.2233330676839057,-0.09708876852829491,0.025272512970944738,-0.4395502929282162,-0.393655097182503,0.012815998676393173,-0.04677741745379302,0.43967069994354374,-0.2142462527209025,-0.5407285782561352,-0.1549880655643653,-0.649318377330899,-0.10859787528720535,0.09411428411970905,0.4412976439377639,0.3089949680614554,0.06672752840394906,0.07197435143057919,0.01408263178212073,-0.4297288345213244,0.16823378353255847,-0.6982627948755794,0.512255872425546,-0.15851558856967357,-1.1494640801273832,0.06246193391270629,-0.05006611892652469,-0.19200951250527254,-1.7183152769388177,-0.2469816305653489,-0.39132828257886515,-0.1899571543044131,0.5198958761419206,0.45343815848119684,-0.24646948576404787,0.1847479432366662,-0.4510034011891573,0.08677764455939736,-0.30503360336757324,-0.3449722730122312,0.6068427479030486,-0.4487137265071224,-0.2720021659920674,0.07011891474644925,-0.37997189421096056,-0.36926346892323125,0.023197901347332017,-0.3326985280839305,0.30417901743464876,0.03446988710594066,1.287727951741229,0.28069633051833387,-0.36707079982146446,-1.1110285693667799,-0.01626242369086858,0.20545241594597743,0.4045451001744714,0.7285434633071725,0.6431899629968617,1.0944813154911723,-0.6745996097437288,-0.2308471988035615,0.3328307581086512,0.061530840449804086,-0.5115748851399505,-0.11583105821603695,-0.05016912168717479,0.1731200413611984,0.029069305433171856,0.607060777678565,-0.606042141977018,0.6889073222734687,0.0,0.0,0.0,0.0,0.0,0.0,0.0,0.0,0.26676413454282527,0.0,0.0,0.0
-0.2873689082696269,0.3553194085865401,-0.5595934744693631,-0.6715607046710994,1.450691294901966,-0.3103710125671326,-0.0936704387081467,-0.6486898721411045,0.8045530686768005,-0.07104365722284531,0.6019102529154314,-1.2594929911640609,0.11110855629224062,0.7070059555752324,-0.7288985456910939,-0.4883398250397114,-0.3821572695492814,-0.3698696302277072,-0.8926475872220153,-0.1947787015525856,-0.6927813430994868,-0.23739903400378184,-0.26922294089727755,-0.217361692982335,-0.1674201788493544,0.6301976515867094,0.7758733998777203,0.05005763461244754,2.2420298196088546,0.454637433418165,0.029065609987421064,0.22385742801061542,-0.3338669247390869,0.037720001605531545,-0.0523908833142404,-0.19418716394241972,0.42635149626074736,-0.4695277603152657,-0.28602449599580826,0.6103953117199596,-0.28339440898143214,0.6427424736353198,0.6686597528540024,0.06915278907935553,-0.15930661413466493,-0.16429601964208873,-0.4927383528071974,0.044349936701816146,-0.18311414683314486,0.0935429385602468,0.05803918264995199,0.6002455017588015,-0.27529666727430563,0.5894233360009627,-0.6715372015890533,-0.18586553938740144,-0.30715562882929975,-0.7501691373907446,-0.2873373109229149,-0.7156243313912678,-0.2900595057077624,-1.283356724542136,-0.009589590961034419,-0.27847452910571313,0.27248241053829897,-0.4055475788260158,-0.8976885845933871,-0.3185232271762738,-0.9405549853353188,-0.3874436011242597,-1.7142838181441529,0.33469877636302575,-0.8908307413985936,0.38511940220325036,-0.5521128286668084,-0.12698104982498162,0.26136606995925554,0.42075825161281993,0.778545538777237,-0.3552247848492438,-0.4364252087167655,-0.26776883533563567,-0.02538591368693422,-0.3656607296122286,0.3229432462276883,-0.2363696597066482,0.20343655208336478,-1.094725711646886,0.8741949433369504,-0.13601432494514248,-0.5917017957800537,-0.8624691461119736,-0.08374540091117699,-0.30992243920120827,0.288109677984119,1.1914029384071492,-0.1960582717503177,-0.22419200787743568,-0.9052068650379963,0.1085130172891381,0.41981782384940386,0.090258531392927,-0.3136712623970493,0.7663486289447827,-0.6906698907875187,-0.6648270095776694,0.1697421996033184,3.476609634043436,-0.3848734771844298,0.6040658622984807,0.0,0.0,0.0,0.0,0.0,0.0,0.0,0.0,0.0,0.0,0.0,0.0
0.45461489037844116,0.3937120814327548,-1.1726812760904564,0.48737608144231903,0.867520938188755,-0.0489838130253946,-0.056733736933014235,0.4153500802519508,0.9654572147197444,-0.06481219292689483,-0.004700412572652419,-0.2031110875178797,0.09028705069898245,0.035299296759650954,-0.46700149192835944,-0.45071331683352495,-0.11923658125355004,-0.005991854051728357,0.5173251755811854,0.25202299177582854,-0.6829288279583947,0.5787829191702627,-0.2805969811026895,0.3791343212215904,-1.1999556933397513,-0.4985358508922636,0.5119026545465065,0.775842404287163,2.2234583848583025,0.29955195579111055,0.4031380093175451,1.424703834874393,-0.1662150238693797,0.687077953096474,-0.29851540599428267,1.8469601232598525,0.42635149626074736,-0.16306829087437408,-0.43422302807471486,0.012322389655037982,0.8936669787982279,-0.5751121913276924,0.6696042371691202,-0.2410217362805074,-0.005676770742955858,0.014406632222303739,-0.4262890793086924,0.0057623298742664605,-0.25021685932266835,0.18175870048131937,-0.8129466813841953,0.7029219696466573,-0.01580966602285323,0.7906528723283504,-0.352858943429759,-1.3995751093446587,-0.12348604986483631,0.04326298564612146,0.4499857279214222,0.04704334077070485,0.553026099321533,-0.14931869943683346,-0.3095087639291276,-0.0397971701710718,-0.13471287150914538,-0.04875991787647217,-1.5793611520257116,0.11815574101793608,0.3484166980337907,-0.8907578417026069,0.5052806094013662,0.389852289908862,0.1229678263939625,0.2606627293009028,-0.7618383362499163,-0.22586401986011448,0.9220690503241048,0.6939568374915998,-0.04380752234398406,-1.2050813114014742,-0.5476356041303247,-0.41529037606530406,-0.48471209743631033,0.5792479015982418,0.2151552598243584,-0.20513968651599565,0.29408661489329485,0.0672608248339945,0.49794731931619685,0.632693738105262,-0.8367267140001082,-1.0123164759872154,-0.6016318356653132,0.20707392119437615,0.5848868619147807,1.1117093511225475,0.5178146893681737,-0.404291404493611,-0.17671166057452767,0.1267126977769518,1.0667819883843077,-1.18985208389137,-0.4786201807581198,-1.229336423434815,0.18032199665929274,0.10696497356877853,-0.20379466469078839,1.8580058233748236,0.1276582670097411,-0.1463877620403366,0.0,0.0,0.0,0.0,0.0,0.0,0.0,0.0,0.0,0.0,0.0,0.0
-0.979714028103907,0.8743968189856725,-0.8713169466282175,0.013647784068346358,1.0034224157907627,-0.5246745809850266,-0.0029319118140404494,-0.10051666891251684,1.5983549380950581,0.1129198500175593,0.28193323609925974,-0.009722313433875035,-0.8940891963750839,-0.5577260990342571,-0.2230947441093602,-0.5788845222062142,0.09436250333797111,0.34296893242102594,0.5486953268688455,0.20905086209262164,-0.21997887211901762,0.8101470537172643,-0.8527655359471131,0.6190572576246194,-1.06717136195664,0.23247368976700641,0.6088471168163855,0.15104534304536568,1.945413617882632,0.5599925837116899,0.5941497012376715,0.919136911068579,-0.5788198401916599,0.3399342048049934,0.18634936220209927,0.08546568098750648,0.42635149626074736,-0.24846582574937084,-0.12339000296962829,-0.2996479579899587,0.5384009909965616,0.3724332758923137,-0.1691422273827759,-0.1861458508677776,-0.2128247941035459,-0.21813257154908539,-0.4824328450008128,-0.05536908505541278,-0.4297146237679556,0.5706592986010878,-0.9771392239660258,-0.008668647865777727,-0.3361844405920281,0.4512311863467683,-0.6306814823523779,-0.8965503513186198,-0.11688129249735005,0.07244621057072703,0.22338079570921857,-0.5860863098225069,0.21612324192057872,0.2923388213160618,0.5082198384106132,0.025100720943970815,-0.32369600234885393,-0.22571833763638188,-0.14000952369319475,-0.041341125662916076,-0.0952442922214579,-0.6296160472433416,-0.16890052542824444,0.46992833265319756,-0.06261017396499324,0.6224007326606478,-0.8292462387589705,-0.03809310940266453,0.32853334950270996,-0.5352050633865654,0.03557586588900506,0.6557204881185728,-0.47793847758948305,0.19990093195800201,0.028006105212707716,0.5766076315387343,0.7455660835419431,-0.3120697181899136,0.25705151841770574,-0.1278534631174249,0.8624935309487295,0.05111301189414382,-0.4976474511046209,-0.270855303111572,-0.29725917606493796,-0.1615352699483628,0.6742287995332703,0.6350356833893385,0.31906412860020766,0.006321443806883421,0.32924980125292524,0.3778062400506036,0.5136681008422441,0.19606063006615174,-1.260927796105589,-0.3656525653781514,0.13832020238943657,0.2795556165565635,-1.1793475848161123,0.3371594655901436,0.022928375276904868,0.13936733053797742,0.0,0.0,-0.581306919304067,0.0,-0.07688387669615182,0.0,0.0,0.0,0.0,0.0,0.5113956514799054,0.0
-0.11648924558201063,0.7185842571824369,-0.9132630294409642,-0.2815563948077257,1.0577084891132922,0.6939713704860714,-0.0936704387081467,0.1684889154218904,0.9258408516575571,-0.02179002385090454,-0.6927594978841569,0.0660333274097252,-0.7488862845521504,0.308985498598192,0.26716444275859375,-0.3457575063437408,-0.47954091310420655,-0.03381877544893376,0.29031596124992826,-2.182530837427951,-0.5844694530473679,0.7838666568803833,-0.5978968971090995,0.24766330501688533,-0.17294401186823716,0.8548615384629803,1.0454813193513381,-0.9348591311998394,2.25681160036554,0.5327418146920143,0.7947926818918609,1.0085786780469095,-0.21667842358181907,0.34957876643561125,-0.07830058812317635,0.3174652528796739,-0.05623676064049919,-0.662835535307567,-0.49461145150548597,-0.3744410960831377,0.6560989337986995,0.07916209386054003,0.1164691748490608,-0.06143078602881862,-0.13993246579161414,0.1575971103163404,-0.5052496734573758,-0.7994327027744769,-0.16172792399866456,0.03412936351569681,-0.26202189565521217,-0.0991053474300328,0.07603808078669494,0.4972311323040227,-0.24395182034791763,1.0934455897816961,-0.12076656367773193,0.4462692229437,-0.27876306194807793,-0.8509650272560504,0.8339222986262045,0.011586331939282768,-0.009589590961034419,-0.026047436088261152,0.0022252366458056457,-0.5655770922752662,-0.9255750191114452,-0.21240479105201332,-0.44158752638291976,-0.5852950732131847,-0.8052499600954386,0.32475355465257777,0.4076700026895074,0.7202980780107077,-0.5727017340003182,-0.1878501415276425,0.6394843709312718,-0.112823009595347,0.9501892080797938,-0.5206841463383473,-0.7379275392280907,-0.03522622366059907,0.06895863811335276,0.4156674280344533,0.30312630251678085,1.0572815354097007,0.661817680907096,0.10364924800185117,0.8858131545103315,0.3190420019202902,-0.11165406475378967,-0.7035051130244061,-1.51553573634725,0.7346924181944868,-0.28100247612718093,1.0094416506090107,0.47581161228938107,-0.19114086790131066,0.3231258768452866,0.1909589370914877,0.3343575203237904,0.40521335177170215,-0.23550799274323356,-0.042312465847120784,0.12539872885208853,0.8606740627091978,-1.021229996250999,1.0370861131973848,-0.12883866635331406,0.5342137439269985,0.0,0.0,0.0,0.0,0.0,0.0,0.0,0.0,0.0,0.0,0.0,0.0
-0.6390437696333428,0.01970008201665552,-0.971082940955077,0.561551041162756,0.8685731297489313,0.6792029692066659,0.30974976404388094,0.018663278232354988,0.7431748264900733,0.005285413746742482,-0.004700412572652419,-1.1199008921670215,0.2496424075729501,0.786947701140729,-0.06062935914157883,-0.3052771713488674,-0.3880971381378202,0.5532546582144566,0.5173251755811854,-0.5488582694037883,-0.492713148889992,0.07158388456665066,-0.3830939937298157,0.7167972977052055,-0.8496598628347626,0.8345380631614798,0.9123639339211606,-0.011837893317040198,2.2218699199854792,0.25742427990575634,0.7691081917985322,0.537171230469139,-0.3507495317530112,0.5209057090891311,0.4116218715424154,-0.2929888903856624,0.1487199842361482,-0.46140103169011487,-0.30168876328970634,-0.33442329333416543,0.07685523164646227,-0.6452632371753176,0.320260911873237,-0.6690122310007369,-0.16556433810643337,-0.07951685000531528,-0.575424952133553,0.4831564993525769,-0.42455492875450634,-0.2552148036990821,0.12529103492512397,-0.22863032782399936,-0.2184912168147782,0.7224282490897864,0.15723733993749783,-0.18586553938740144,-0.10989172524627124,-2.0091239722425946,0.13234652465879695,-0.6804199748072668,0.709601938637404,-1.4190850659321468,0.6774087879477568,0.19024059637612334,-0.1193481944413324,-1.0442196402259818,-0.6216128485879667,-0.2469816305653489,-0.16416226122279684,-0.13125520000181629,-0.27646926458712956,0.3926364832941418,0.31727572411358657,0.29304879779129633,-0.09815816280568249,-0.22267088318889405,0.4910339043718246,0.5112743671971306,-0.5030332077434787,-0.14467722925116328,-0.4369581706956189,0.5562451978548768,0.05015724050732312,0.6858785576636572,0.4107643182055499,-0.20736952388878915,0.4944712683116119,-0.44279816300085184,1.3610600071340204,0.747631709137184,0.3289506415932016,-1.0231820261326672,0.01767375870546833,-0.23619436180914027,0.40373092856294407,2.9715624044585534,0.8355192353548444,-0.10990425165768034,-0.29376586600982174,0.0949702039032565,0.5459646669880673,-0.006908147536919862,-0.1280770009546194,-0.786898993844432,1.235072365194354,0.39947270143910074,-0.4164449309451622,0.1086879140808741,0.2876962488834417,0.3925204619094579,0.0,0.0,0.0,0.0,0.0,0.0,0.0,0.0,0.0,0.0,0.0,0.0
-0.3233618363991239,0.140926057487388,-0.7303548041836965,0.2921514534021181,0.8913504247063644,-0.3103710125671326,-0.0936704387081467,0.017922918852482046,0.6826010830740441,-0.05947508884691099,-0.3248186242897756,-1.035859714375197,0.3709209570936534,0.7603822241414018,-0.007661554803134353,-0.5726795627147894,0.013238781484306591,1.2144375143017996,0.5173251755811854,-0.05597891094845425,-0.5544453021544937,0.5825335390549462,0.1392125312121229,0.7565152283857979,-0.11132383469008887,0.4415759669055057,1.1033044719138714,0.7096739838414765,2.263822305893608,-0.5949323576379918,0.6283824801934066,0.6240028687179724,-0.6697276085072141,0.25783990172897053,-0.1548769579781375,0.3106706332309002,0.16134556701891195,-0.3436955355045406,-0.36331901155382806,0.3573730826276678,0.025272512970944738,-0.016729979078188077,0.6129478034808998,-0.2029843696940896,-0.07517893380788182,0.2509244553474237,-0.4668497111397194,0.46136368247931725,0.39425287065261266,-0.4931081357591569,0.06271485440660336,-0.01466906059566733,0.3815431380042692,0.25586730614300146,-0.5205367551309852,-0.11885573737698706,-0.20090489756057656,-0.3547444439139466,-0.11982436584395567,-0.030204144962242833,0.17110027705017788,-4.627244132312183,-0.6696021663692769,-0.06091347530915793,-0.8005060101436323,-0.5966800082738677,-0.1625553844679608,0.8483050702747876,0.5283475844282277,-0.3559892415183812,-0.3851723146372163,0.21187928903531683,0.2926371564555094,-0.30751198278197134,-0.15551283595460355,-0.1410869372289076,0.8253761527207686,0.6047308675873466,0.2675135467217367,-0.12300297180442109,-0.6913879186012923,0.23729106046427134,0.13878776384491584,0.9126588729242915,0.5592753546150724,-0.16567828452424616,0.28555527787155993,-0.14636248018800355,1.5515441927873694,0.43792736249109065,-1.7143281592321173,-0.5724145225942125,0.10740672589845186,1.3818379464143502,-0.3103511370709591,1.0094416506090107,-0.05354421350707803,-0.014280787080803752,-0.05315075488533768,0.3284611795143402,0.6998274459794991,-0.3286582670193503,-0.007409955742105324,-0.10191423050892542,-0.12073627590586072,0.2793167897690181,-0.5992943186477163,3.24553417785048,-0.45306505436112804,-0.4445948450501083,0.0,0.0,0.0,0.0,0.0,0.0,0.0,0.0,0.0,0.0,0.0,0.0
-0.564591584463234,-0.021070526886476846,-0.5076931207771465,0.4085923140781769,1.138437499006984,0.24386323146551414,0.4673813454174316,-0.05744850671486726,0.7953105442731754,0.11669034058058449,0.2004204554962039,-0.7044273881979359,-0.22560847854170962,0.03917791522881256,-0.21721644763527972,0.13335970850546897,0.5493093392962178,0.020422968994696925,1.456788299514661,0.10169452179801214,0.31421638978000915,0.3097258312076031,-0.69087547501269,0.44678406268120185,-0.5533486663155452,0.5757747056042812,0.4782884736969474,1.1800140629374545,1.4637634737898675,0.9379210221375297,0.28255326408612713,0.4171547905773441,-0.23503013433091077,0.5218087385174099,-0.5536347730771695,-0.12720625353928328,0.8011598930177013,-0.16306829087437408,0.13693583324556677,-0.008527313061467433,0.07296339492386797,0.7182379360143334,0.12214028995295177,-0.42459326694992305,-0.09438684593362968,0.023167772249321913,-0.24934476507584857,-0.7949709419795559,-0.3244597131576337,-0.48515453105698364,-0.06896638726535989,0.7714528295920591,-0.17960153038021134,0.44389458050140296,0.0007728185741805386,0.2097539766559265,-0.01474043318915353,-0.16735890641371629,-0.43675592256744666,-0.31236435833834364,0.2226160405902345,0.05367236929437666,0.2537074779094132,0.07688396044123724,0.1600941461101988,0.15058382821693103,-0.2947318873221934,-0.35629973147350497,0.22517367669939695,-0.2552996010556119,0.6531883064960511,0.45287861092175263,-0.22385799948526305,0.35287337632018556,-0.379223526156398,-0.04006663229971721,0.4895032218305012,0.292030109734804,0.9023045609445236,-0.050189673845266534,-0.4273578840731658,-0.2818393300927371,-0.06801117361957068,-0.9425843590268734,0.4210676816772632,0.10828410514358443,-0.009951806677498896,-0.0300390121402034,0.8205405794447528,-0.45688608434540856,-0.11847956368807382,-0.6554469504905553,0.144350128158731,-0.42425202181228133,0.3626483443735311,1.3458386016996402,-0.05354421350707803,0.33294700473367983,0.7137746999054786,-0.2760245900654421,0.33338994545518263,0.3266472581660993,-0.3665750470455176,0.27089214244282944,-0.2725499882806179,0.4382682524852274,0.14106097948376356,-0.4180982165137042,-0.3272579122704609,0.8296621460749704,0.0512390636570116,0.0,0.0,0.0,0.0,0.0,-0.1318351889975675,0.0,0.0,0.0,0.0,0.0
-0.22592044789694907,-0.01943157914510779,-0.34138658449292303,0.28429307843142376,0.8051537514403371,0.7814806583849275,-0.04050029101421652,1.1197149678949514,0.701210880142151,0.11772312298703894,0.06336076450025274,-0.1236307502217412,0.25877945944843145,0.1872433636343009,0.1802219436689895,-0.6196770605003814,-0.53577122503461,0.2867009383352109,0.09725661544072875,-0.24785585295677554,-0.2809567456454241,0.2752655044709139,-0.5759641903553695,0.9327361667542202,-0.399060602150979,0.7376180148345981,-0.5729949657908828,0.3691485899932015,2.2233463057923246,1.414322250387955,0.5620603908482543,0.27100274905315724,-0.389387114538854,0.03606961015808333,0.09504021375738504,0.5124519950109487,0.652559516967847,0.4119623985485635,-0.4601270545435861,-0.23636316443870986,0.13181637401604557,0.1615090551114706,0.5750532669633721,-0.6354453582533242,-0.18347098986002888,-0.07185952670081155,-0.5931940769315249,0.0057623298742664605,-0.016046590177157566,-0.5551582788725395,0.06849508513396925,0.36593185216106916,0.3682113634599479,1.053499666296674,-0.4188248868425039,-0.239811371394495,-0.12366122205978602,0.2784886833975017,0.49958814846209065,-0.13576359410093858,0.687798710404713,0.23897596213622474,-0.03307099475636769,-0.06933776425774435,-0.08587186654207213,-0.4457104565876364,-0.08343276928066391,-0.08957766675214304,-0.14427341627525764,-0.3943896287048688,-0.07291875273619913,0.2338128710800418,0.12331167418678556,0.15355075130615933,-0.5491185434472492,-0.1532393706023399,0.6710962459660453,0.32602661975905334,0.14571635883476028,-1.0190465093255632,-1.0688832867842954,-0.2930538391645793,-0.553158230546337,0.7257348321555562,0.246951874253538,0.11308791491184815,0.08613403782479832,-0.0785681774534691,0.8792754069472675,-0.6263424126946463,-0.26270253283037825,-0.32959666252596337,-0.21452389217334378,0.37165002090053806,0.33157531796885376,0.9469924001381969,0.005724462109355981,0.020019353246217706,-0.1518890032883932,0.15893220470016173,0.20024072523935416,0.2667801376345731,-0.6604190837838573,-0.37020117854997775,-0.1432773522592707,0.3091413229150508,-0.9011398998874149,1.5997265674075527,-0.2516249504879002,0.30678230142303575,0.0,0.0,0.0,0.0,0.0,0.0,0.0,0.0,0.0,0.0,0.0,0.0
-0.045747174630361945,0.54142343572799,-0.12888807107704903,-0.13405799396345258,0.7259208883012981,-0.19919924823285864,0.5273947100348018,0.2862789681207084,1.7819092799665968,-0.03974796974699789,0.11623393827885499,0.14979008556205567,-0.03806178226429254,3.0698429528655287,-0.13941497260056632,-0.4981891757632704,-1.0680855317496454,0.11372567375456717,0.3614482716934761,0.653935934530336,-0.3702464096401607,0.5616135764637071,-0.4840571575055646,-0.2354194491004098,-1.4783141221563811,0.006688976610560656,0.5249033071537503,1.0416890293040189,2.0051037323483634,-0.10353239457769363,0.37134663213819735,-0.06994953936533105,-0.33905377168185985,0.4747199809580066,-0.06346054082379501,0.42475321304046554,0.22105599235536136,0.9099353249104855,-0.11168558640276248,0.05082473366332328,0.252993648850861,-0.6098837362446738,0.17231041918509435,-0.8418253885036576,-0.22388567690853156,0.46563853679781475,-0.5716437187271897,-0.009988813597675433,-0.15252828054006062,0.566600611386104,-0.28547095234153386,-1.023997439238527,0.354163367419094,0.5280686354547348,-0.19733869431716322,-1.3201043184250938,-0.14269591974031343,-0.005824633647552681,0.17755987264208326,-0.229792183203141,0.5242595479892451,-0.4083649258258182,0.7909928117812761,0.08936412729995005,-0.3513736975211966,-0.14436283222335944,0.16134389016820042,-0.2469816305653489,-0.13091407858165247,-0.2930529299060729,0.8231989456103612,0.37635930893452185,-0.03246870756044239,0.5005276692816993,-0.4732053657332607,-0.08412988179244553,0.5587848069034778,0.7530593298039188,-0.3234648782025957,0.4353385142257872,-0.7294473012830249,-0.04171550670456029,-0.06963262594493676,0.8327175302361168,0.6153345545571022,-0.1102510342492958,0.08591555372096321,0.1263903260588533,0.9948872326761965,0.12557212082121708,-1.6398908216939527,-0.7981019561961082,0.4108358465450725,-0.5576323452367735,0.10836205314320983,0.6681365606096099,0.6344053622671484,-0.6216495168098133,-0.08158620060524413,-0.0830269732527538,-0.03662105996503297,-0.052629700275603784,-0.27293314908288174,0.24363455332262265,0.145311153185432,0.08233031440882126,-0.7399844727900858,1.057682655373962,-0.5124018914401032,-0.06050890854230823,0.0,0.0,0.0,0.0,0.0,0.0,0.0,0.0,0.0,0.0,0.49643159841709694,0.0
-0.2091005806637088,0.27627826381740395,-1.2000362713263195,-0.3553501031167266,1.3841982775934492,-1.100043196553814,-0.07064937206671171,0.09509305844776221,0.6079223875542886,-0.020032865900096123,0.0628117934604511,0.6999789162807731,0.4825236428264892,0.17749974522462156,-0.4985521645757341,-0.4519457265182743,-0.35102336479190177,-0.02038192797521087,0.5173251755811854,0.34659661751171195,-0.43628531498916295,0.7281264638144825,-0.003125650318243697,1.1490430505678777,-1.4077672359334192,0.4969360032346236,0.7476478720403252,0.5519776184225327,2.0184186359002143,-0.29731676575946575,0.4928055655951574,0.919136911068579,-0.4583361971558102,-0.023836690220424523,-2.6133474530302827,0.021209551321294467,0.7873621146646257,-0.5040485879016308,-0.43665674124581866,0.5515546299933338,0.025272512970944738,0.10324650621409318,0.4886357906429193,-0.4316375318699524,-0.3405171115034572,-0.541974178760438,-0.38667543779750035,0.0057623298742664605,0.032448681117847426,-0.0007224571203543563,-0.6169298199740454,-0.08156735668848253,0.008390570315173396,1.0284034314556976,-1.1846644861252122,-0.18586553938740144,-0.1864916553117571,0.5182477633649318,0.2584126702110504,-0.4040920018926654,0.5052273204484976,0.24746042096497256,-0.24186056621608892,0.014312999578167795,-0.041529049318989854,-0.31178842556265196,0.3955302331307048,-0.2469816305653489,1.0475385741363603,0.015052579646077468,-1.8374462696503846,0.4975616592215193,-1.5351132118224788,0.30102182579567793,-0.0668751540394138,-0.2032298822778078,0.22493019980112933,1.2267296647221226,0.12375120644942027,-0.6625068498618809,-0.5648074397916448,-0.8409476415916379,0.38802823105796047,-0.26922044026940833,0.32829860049864085,-1.0469308992612754,1.364216100979773,-0.31596049425282474,0.8134574162926125,0.3590184776312291,-0.0927563340155922,-0.552297015862754,0.0305582482545391,0.468115283613188,-0.5615607036519404,2.27943141135257,-0.9716844966557737,0.3061408025371322,0.9270728884390886,0.3802427915427823,0.854283044684739,-0.549805474899329,-0.3412911772372414,0.05683195780356922,0.55236512740622,0.12013861870877622,0.13027235331074435,1.9786180700852918,-0.04329976755082962,0.12510032208988497,0.0,0.0,0.0,0.0,0.0,0.0,0.0,0.0,0.0,0.0,0.0,0.0
-0.026446677757999835,-0.08039215342932535,-0.5763092451150813,1.0599014271290295,1.752006521945817,-0.9475399163674314,0.8212764756335239,0.2621808672592972,-0.058096242016660665,0.07536713049309346,-0.004700412572652419,-0.9930172347411891,0.27084888397076906,3.0889258062223313,0.01285779672507609,-0.1552556983273325,-0.5398741620316473,-1.2621370078098406,0.5173251755811854,-0.1364454633200599,0.4069737596907958,-0.1392819325658111,-0.3248968588047306,0.049347240761363556,-0.4057944775735965,0.44795122147094957,1.1577568162388177,0.9189978639117858,1.5348641350623846,0.453031632479013,0.16240861045122273,3.0239170765107732,-0.5812916397207012,0.37892882595785415,-0.10848068425709725,-0.5802206357022843,0.42635149626074736,-0.6468154204182965,0.12475708516667247,-0.06265058591508585,-0.4045248899460632,0.7243116006567852,0.20458935515867058,-0.29767274418595474,-0.11837357136634843,0.4054551362845141,-0.15875017554015505,0.0057623298742664605,-0.4524249150182296,0.399916957245803,-0.20054474652069226,-0.8672901847984895,0.008390570315173396,1.240305117246779,-0.22763260745602792,-0.845272415967947,-0.08341429201249694,-0.29406441870191635,-0.3360972254236524,-0.10951205977661578,0.5716848453887133,-0.1256208951294389,-0.04918482238485623,0.0425559633672193,-0.24426418251870066,-0.20653136184176613,-0.6216128485879667,-0.020551298127224508,0.4095931955674723,-0.3197441315333218,0.5575462976030792,0.19231494559175794,-0.40461330487256375,0.6784372615534477,-1.025767092350391,0.11580316585688118,0.45705416746664984,0.9542079435838047,-0.5862987411784051,0.2778761046662869,-0.16909956461834974,0.43317276974477065,-0.43494444022944045,0.19818832629218927,0.26434379518789536,0.025127367170592156,0.1277216962165587,0.2592130930063093,2.2052268140014792,0.11893544535748059,-1.410693654818463,-0.3057956391256865,0.3713032417101786,-0.5945534011953865,0.24947330460110195,0.9490659398130096,0.6803468477185873,0.7717448054096427,-0.030941983673497403,-0.8881322169905262,0.7421860380569596,-0.08996893165388367,-0.022301299125926502,-0.10750246324877015,-0.9271309073740052,0.4794672540648116,-0.28479179025796025,0.7902164532158726,-0.7862706892949048,-0.042372944188074496,0.0,0.0,0.0,0.0,0.0,0.0,0.0,0.0,0.0,0.0,0.0,0.0
-0.2873689082696269,0.5115404613001677,-0.42762299522312547,1.0800274581962972,-0.38166084226686675,0.20425659359750464,-1.1338474937249672,0.20500473486639925,0.6878163182497792,-0.06963794016434596,-0.04684651575036271,0.06403068312565763,0.3830720898254976,0.558438246415051,-0.15398450525210844,-0.6113572603941128,-0.6311805072017466,-0.07513865805472147,0.6981087147589995,0.30259234398709484,-0.5436058966320488,0.2773885889025285,-0.02132408906005513,0.7219575646164363,-0.47221199825790827,-0.1710544879854707,0.34660267474766504,-0.0009304301971541336,1.7695751704926912,0.28802892966013455,0.6442446593201478,1.3438272903393038,0.28829050113017135,-0.1227597803776064,-0.47839368270830884,0.06837896531869288,0.42635149626074736,-0.23348046224398605,-0.6143883207533959,-0.0568946403584744,0.10641849493225639,0.4553467340728823,0.5771065119299519,-0.668579850943118,-0.21828744538221379,0.3411324216798305,-0.4490538985644418,-0.4662636333879109,0.26027113155206877,-0.6248902990103267,-0.008385798393415906,0.49165776844805475,0.1954406833390871,0.5763919565001918,-0.3246014680185465,0.2362583492697022,-0.20339678012983745,0.35838336891730593,-0.12328108018802,-0.19398168194133092,0.9032127620823204,-0.4606687800748323,1.002674475114395,-0.10506799939253451,-0.08107346123250089,-1.154663295475719,-0.5522058288211579,0.03429754684534189,-0.1676474310918827,-0.6239740871867635,0.25151566898321953,0.16979501085972912,0.3336260936548621,0.2236814566184935,-0.14182286134802982,-0.2668548305888515,0.847345010528535,0.009446391032974802,-0.8575339918008692,0.22237823501349713,-0.5200676895088026,0.02608957991729065,-0.11872453051954764,1.2135633401480475,0.541933909804283,0.15360987646596627,0.40059627882435644,-0.8087635663552525,1.500226610218036,0.7748286821479732,-0.3596820563484291,-0.47667196446343646,-0.2571145876311421,0.20707392119437615,0.9661168589691553,0.6178836877473814,0.5157260531026355,-0.36620258633547065,0.5284226640547238,0.5602395764145643,0.9595320764620892,-0.05722961390658989,0.2677939215001173,0.0008603290967687444,0.020374750874980255,-0.7342567280323,-0.5992943186477163,1.480127067116467,-0.2431038739498167,0.25010834784025604,0.0,0.0,0.0,0.0,0.0,0.0,0.0,0.0,0.0,0.0,0.0,0.0
0.24770253421490995,0.9336709121026943,-0.7937798867566295,0.8344329494644827,1.138437499006984,0.050387915694990515,-0.0936704387081467,-0.18663392827949854,0.8535222030006048,-0.3500071859108269,-0.004700412572652419,0.05760002308508577,1.2611175375518542,0.7194192041253917,-0.1686517141613121,-0.6657582894011891,-0.24623944294091615,0.15632630889546473,-0.03412929359949332,0.29656234074370647,-1.0180307724903586,1.938436771557633,0.22691873631374657,0.9139807899812534,-0.6719948735173797,-0.007430057181543656,0.23058238743866868,0.8283140591902101,2.5491347385317167,0.7300269333828941,0.6963990470135071,-0.6510722795434662,-0.7945679489139513,0.16623986980285843,0.059537732914807386,0.17807910947771557,-0.1894606951779001,0.3469114824491858,-0.22535845685470482,0.25544570029489494,0.16718370787841502,0.6993950431650505,0.9182067805506327,-0.6702341382821244,-0.35953480248367176,0.1293109115010611,-0.8110532563707658,0.5968738218510808,0.36241374042186264,0.5228245512158298,-0.1849519151259668,-0.5802863375299909,0.18943311330414084,1.2487823462116203,0.03382908002992177,-0.22791625542084704,-0.2996018809440029,0.3504058031063516,-0.1289026100971031,0.15919149951294473,1.1012898760450718,-0.5471600386250398,-0.5667797370678938,-0.27604826402023314,-0.37322711552438254,0.732538575371581,-0.46064025667820624,0.34878952624268017,-0.045657831577322776,-0.5777139964923776,-0.2922823156963973,-0.16304554292138518,0.43512417046020924,-0.17723889845109073,-0.3939275065851447,-0.3444693018264517,0.8957989662105066,1.0311409501726743,-0.09684964860864878,-0.6794712756149535,-0.6275584427520984,0.6546696775087636,0.3001424221157103,1.8424897628630426,0.48029696751742035,-1.2392996648513384,0.566376627844873,-0.22023891460274542,1.4315419070374964,0.6558911950234678,-1.120818288575018,-0.11709030294424883,0.2726590849752753,0.5506714349893436,1.295733277414169,0.05527441375289783,-0.9334464183854966,-1.4808267710876595,0.7268046806285682,0.688005103202689,1.0212857127461215,0.5080751768120322,0.1378716473644269,-0.10750246324877015,0.9719855821501696,0.6946356580265721,0.02373109775528502,2.1818353373396695,-0.23761012904588225,-0.5791451039918514,0.0,0.24119354721460443,0.0,0.0,0.0,0.0,0.0,0.0,0.0,0.0,0.0,0.0
-0.021684950714504988,0.53881997249228,-0.28612132668494894,0.5062405472867091,1.138437499006984,0.11945007719785111,0.007896910290044759,0.04955740104080456,1.1723216318389797,0.13951236928384436,-0.1697559656214247,0.06425008322263306,0.05719200326107109,0.887861704499112,0.0651261328472478,-0.4373905389131244,-0.5090302717049195,0.4595029148200228,0.5978432115237746,0.7753962806972936,-0.48245934422196635,0.8784231693479195,-0.7085796203842413,0.5215423635589963,-1.3869688539308989,1.09822916482385,0.6632097282036034,0.8918160771837429,2.180525309260748,0.39294066263365857,0.637546051681019,0.28802831030183285,-0.3520897203668002,0.45194041890033076,-1.2084350662523553,0.6282228793511961,0.29410319544232694,-0.020053960310670766,-0.28307865612740124,-0.4508903884233407,0.28013212188136033,1.2120332896786814,0.21928256597026208,-0.6188187758593142,-0.2669951351286262,0.06282860050130525,-0.6818565115307275,-0.9838591667144421,-0.13776840311184033,0.3870128879247696,-0.2068453831069512,-0.034195454576652656,0.3315911275062689,0.6034548196779449,-0.6307667255527356,0.28107012347090415,0.13916778238653835,-1.1163895478581023,0.055054493439553896,-0.7103845376003308,0.6233073820478852,-0.36520319763589254,0.6152434293117653,0.21497979150946936,0.028060808713263576,-0.3096596872708376,-0.08743200416069165,-0.2469816305653489,-0.0449855407207024,-0.24352841846278162,0.6914500284053958,0.2963584239423198,-0.050727555921908876,0.6676234170323598,-0.618598450276566,-0.16478717137422721,0.8618914349583883,0.4553257295603579,0.5534728488417937,0.5057988232819396,-1.12988405718222,-0.02021811646770122,-0.04528774115128057,0.5136856784421733,0.7339595837840099,0.31033518321657244,0.1238529006579874,0.2445945836306923,1.3098485393264723,0.5914817798497498,-0.4217356795486903,-0.4797201615097599,-0.8513314208459376,0.023831275481920277,0.5347000214625446,0.48113653611628726,-0.438865156213316,0.03124077195084262,-0.86393454990779,0.030338630753166323,1.2367643720104529,0.503112704164859,0.14172505892145312,0.5450904555984237,0.24803935033645053,0.6488920742742642,-0.3175063876205358,0.32894484748488706,-0.6416945586424183,-0.09283951101413677,0.0,0.0,0.0,0.0,0.0,0.0,0.0,0.0,0.0,0.0,0.0,0.0
0.6902830669414047,-0.37027294183650655,-0.47652223058196796,0.9973365876609852,0.830586776422128,-0.3103710125671326,-0.8511531268073155,0.8145728087930508,1.7646235394072283,0.02571438803386797,0.6375107151490399,-0.18381307930539845,-0.21657655686804644,0.5304040963250403,0.5183613263712973,-0.4439850699075152,-1.5849302853923963,0.3093372023601342,0.20471214514096703,0.6189853095899183,-0.4260788166504512,0.3971087504339775,-0.03319407184647921,1.1726956728767923,-1.4520588791158429,0.5134526735885139,0.6803197072576148,0.2094194561865624,2.4614189539605538,1.1642379840534165,0.25556463403609964,0.919136911068579,-0.2869143708250552,0.2624540814961947,-0.6668904624175631,-0.12965732335732863,0.9624666612556153,0.06272139088190905,-0.282689078212189,-0.11390878739125428,0.7065135196143846,0.37923626947414124,0.19067381260536048,-0.5154773137782903,-0.30528064663489957,0.026560341535315224,-0.8192517657771027,-0.5407829631412946,-1.1222883874361367,0.02762741587032631,-2.356508931253826,-0.05012943540229689,0.520749363053567,0.9094302653940014,-0.8347868702216623,0.08520024304196684,0.014309563281133978,-0.3953466077775557,0.19130037793975097,-0.3545312386328582,0.8391917288234805,-0.9839363216965008,-0.009589590961034419,0.10141334584042248,0.22297357281955343,0.11936450524910953,-0.12278083278616211,-1.2467755183908114,-0.3500102280344895,-0.1921377084940847,0.2861028226930249,0.6310741743511212,0.0639371663456185,0.8183521281706877,-0.8101189094532678,-0.04365832571515598,0.14693853428163003,0.5112743671971306,1.8533870287889183,0.6871345932987303,-0.5785086704500326,-0.1439887712685947,-0.19028574043705013,1.4670713284815355,0.8081350406359059,0.256897709226542,0.7319810783101626,0.170593409501233,0.7151258325269542,1.7919223731735048,0.773154150774369,-0.9959074667566554,0.5645059573238738,0.23592524455971145,0.6206211795948897,2.4690106514553887,0.3625603378322263,-0.1221695267887241,-0.08523954620144322,0.3984020089129259,0.7223946267164403,-0.6738184753602043,-0.3412911772372414,-0.024954728084390882,0.27544592147519115,0.0038423556212978304,-2.0839883291628065,0.46680133873853236,0.14777643123770287,-0.03662250283646846,0.0,0.0,0.0,0.0,0.0,0.0,0.0,0.0,0.0,0.0,0.0,0.0
-1.1355148357755631,0.35155862220564665,0.2974176340446108,0.6986065989493075,1.9081267954475485,-0.01831963033461361,-0.9646049872947262,0.058111621881522496,-0.17176347022238866,0.1661337886084778,0.33520845147031136,-0.4241157368945666,-1.0539845465097886,0.44271176719818944,-0.5102801592148536,-0.12002259493029278,-1.0314238685231674,-0.38126639391372236,0.4317598841195322,-0.8650725910424737,0.6068787469087538,0.08987057019097815,-0.5461016499364956,0.40825821236409954,-0.5542320867487429,0.33153597586826455,1.5999517027274885,0.7376652202426333,1.580979592692196,1.4100635145614981,0.5182459186275645,-0.8149923827281238,0.28391644113327885,0.40724429894127606,0.21899320295601754,-0.5587590583711852,0.698880398421104,0.21860675018216122,0.21977744283879022,-0.6211797625188649,-0.727716113572338,-0.4970548578390678,0.21272104869951072,-0.05866246811911605,-0.18849106797776108,0.7859695833394292,-0.11223027574781098,0.06871530035944248,-0.3640053442757301,-0.2427517347056964,-0.9515273237793622,-0.03231492715590224,-0.6505857226791438,0.38819932113672984,-0.43052910208525846,-0.51500475450152,-0.04863628548668873,-0.9360130209966724,-0.1947907157204322,-0.23234932357376775,0.4988858193880723,0.3327979359083206,-0.009589590961034419,0.1268919986468499,-1.0144410339455383,0.49760059711720483,-0.08135152095788145,0.4854079990872665,0.04827874240615509,-0.002922133953274222,-0.9969470912658478,0.44194274842354153,-0.058450122154993435,0.43488326486787465,-0.735795624809103,0.13791924651730186,0.6621656146732133,1.4012359674370778,0.8050873936298625,-0.4024239029562801,-0.023312369704293727,-0.5683482399610726,-0.5606924349935435,-0.6609452584940669,0.2507006572378344,-0.14714987349963102,0.015058023118645443,0.08869617744275857,0.9702686926405001,-0.42980286771155546,-0.36707079982146446,-0.563643741904601,-0.803022237388445,-0.30228272083654234,-0.3379811376128691,0.8187336197871515,-0.3234523843345016,0.7763258968114124,0.4319032911409255,0.2819343351638291,0.8243015044842619,0.4627861733089632,-0.3247292381053411,-1.0433185460797898,3.188502601783306e-05,0.166240977931899,0.27291742975072697,1.057682655373962,-1.2099478354981024,0.55219300830248,0.0,0.0,0.0,0.0,0.0,0.0,0.0,0.0,0.0,0.0,0.0,0.0
0.09799516386102922,1.0048374690176292,0.1502032998613848,-0.5887060090257575,1.7531046314785756,-1.3264201145629952,-0.6850009241740358,0.5957331101729867,0.9451877482408536,0.30785658487200485,-1.118629554958583,-1.64063703446949,-0.20608654325874864,0.41054600638938565,-0.5307084082829419,-0.19619487580942876,-0.40375256685573285,0.17368077451523023,0.7141705993680095,-0.05597891094845425,0.5656450714348451,1.2489278432782482,-0.4516959048519989,-0.05620708544730863,-0.2345231272589506,-0.1282870684830583,1.101741766829137,0.3534249536470739,1.6213354901026986,0.5873692359463798,0.2341661952405634,0.4532227133746538,-0.5463440954662737,0.4629101827376426,0.20979197059747814,0.6040696897957752,0.9272901549414114,-0.2883009622018051,0.1829660991699534,-0.22568121612860226,-0.16518399094938746,-0.14976067875344806,-0.6339663181557461,-0.31232690720054435,-0.15944853411622817,-1.132540301890637,-0.11207484992869882,-0.026716756058881626,-0.3798914007052115,-0.16734511976249844,-0.06058173018840697,-0.057305159202888464,-0.039691969631164975,0.37911827131770315,-0.4973749692862717,-2.002895244613757,-0.024745735043567665,-0.80733844479063,-1.1727083471612316,-0.5593486538089301,-0.23280282655840195,-1.5846823886436545,0.037473332620253805,0.14137141467566267,-0.14715351393948856,-0.2249512239031021,-1.0343658053027243,-0.7190740030567233,-0.3472680966624217,-0.45592163213452747,-0.6572310763112352,0.35590126668791006,0.038686260316390914,0.0009794640790854502,-0.452262875557273,0.2121506824458135,1.1291019889996856,0.672650590280319,0.49689600602156425,-0.10522432150185682,-0.33346306969451806,0.7227082965681344,-0.431039500189984,-0.9674736393663066,0.038838060913330856,0.2011421524571291,0.008953017617163713,-0.2922175094596268,0.5625426678042745,-1.0058964444504233,-1.4233325772256582,-0.6149596756547412,0.25003100981701015,0.30814071884951105,0.5168534655541268,0.9272505006948539,1.1306479282808173,0.599055324184244,-1.270160954024725,-0.07221857739982651,1.133217072398372,-0.2250482233135826,-0.3114466313130825,-0.49605841387261224,-0.06865736218374958,-0.2606510500916048,-0.5992943186477163,-0.5092899813394368,-0.08027060979655097,0.5258497010729763,0.0,0.0,0.0,0.0,0.0,0.10483311683296777,0.0,0.0,0.0,0.0,0.0,0.0
