-0.4600088670552681,1.1750508542593563,-0.5591348530110448,-0.6542584921101844,-2.1652750525926736,0.4155805120823173,1.423531375627216,0.1403738651809753,0.3895902329719678,1.3275750776021031,0.6733280554137324,-0.0745693322248528,0.0249481975822897,-0.0143314454420062,0.6141628988000823,-0.4122086310572082,-0.0,-1.0789875573121008,0.1239902961618435,0.2977167693441665,-0.5441364905374415,0.0163796885543317,1.773457603778535,-0.2097229019970451,-0.2663682877605993,-2.610360891755946,-0.3812658487402455,0.2818913350395539,-0.2411600435042991,0.3292427016153306,0.5349160944268242,-0.8473907648432111,-0.0159426477661041,-0.2381328663555428,-1.2030630563297031,-1.1180003769919236,0.0102469790972181,-1.9362294783277143,-0.2945879495315754,0.1743105939131894,0.4203009796178465,-0.730286347941482,-0.5006225200452014,0.1339299738390702,0.4271185978629805,-2.084441244599573,1.7410781906364672,-0.9877313481209604,-1.74964040461816,-0.1843483287294685,0.8174317272591795,1.7661762344121663,-0.1634033568585281,-0.2193055269314841,-1.3929996501426696,-0.3100622645648456,-0.658809548361343,0.4332627299276196,-0.4759478468526778,2.134965864243076,0.234151591518042,0.1789772109686634,0.0,0.0,0.0,0.0,0.0,0.4155805120823173,0.0,0.0,0.0
-0.0674647620122241,2.115421443009092,-0.9128909296221984,-0.1117705482226159,-1.5034475977772528,0.1026926446657059,-0.2154015451280962,-0.1177596573228624,0.2498479625610948,1.0561659320903758,0.0546381758197256,0.4200626265375282,-0.1023543463506752,0.4628451303375214,0.3521129505578195,-0.425311950558989,-0.8399843125996003,0.7606477889710471,-1.297475011981135,-0.1485175930819101,0.0,0.2967988566286694,-2.1016647374964914,0.153047634378405,-1.064870658947574,-1.231304228963819,-0.1115180163959526,-0.1147563438062451,0.2078826436581617,0.3370529951936662,-0.1231939977704208,-0.3910144814495703,0.2825515894075859,-0.0772248645704806,-0.146023018372287,-1.2298948937724454,-0.6192596391713225,-3.070567022839323,-0.7106259265749811,0.0593568446912242,0.7409775957789778,0.319425888974641,-0.4803449395935664,0.0988570453949876,-0.6789147009913835,-0.3631059213729823,-0.6444339213795613,-1.173505745862612,-1.0234611189241247,0.1259220459474362,0.0331058960049178,1.115643201637419,0.0888260273992557,0.2156161527704178,-0.4984775660362425,-1.0153368610843412,-0.3919640576564616,0.1852732199583205,0.1389682382630909,1.713390401584157,-0.676003758459645,5.511982438781686,0.0,0.0,0.0,0.0,0.0,0.0,0.0,0.0,0.0
-0.1320526027451468,1.7940290188871355,-0.5322183807297345,-0.700574528917374,-1.7000500249675512,0.09156616312963,0.6264964855984801,0.1036409550098466,-0.4226729839314042,1.30753996037094,1.3815599847310074,-0.0745693322248528,0.1461412080973957,0.549216470167998,0.3693307773702739,-0.2349781996602997,-0.5542644002021756,-0.4086174012508094,-0.9195984740236512,0.4253494582964383,-0.6371838811913315,0.1462963656366848,-4.525542455985635,-0.0288918829563548,-0.8492063074530802,-0.8909918860634313,-0.092598099650547,0.0976444295582823,-0.1082371786458783,-0.1177826956199266,-0.1740480375936073,-1.009618298312883,-0.0384286847863548,0.0,-1.3012248341178902,-0.3201618153143336,-0.262587394091864,-1.5553697250063905,-0.5597357978655371,-0.1771454978929048,0.4720120552457179,-0.9660874944357932,-0.1212051574941656,0.4847668623770992,-1.198028310814918,-2.1356945308695683,1.187279784573282,-1.9237439218747927,-1.3035399345452552,-0.1326932161778058,-2.046846780198207,0.7069648301108727,-0.2121068890387062,-0.1173415387323294,-1.22649656793673,-0.6648330539648514,-0.993720743280933,0.8408136026964195,-0.4759478468526778,1.2430878337438838,0.0626153329683592,7.0636254234697615,0.0,0.0,0.0,0.0,0.0,0.0,0.0,0.0,0.0
-0.1887118742203789,1.292963379512747,-0.7050700776043292,-0.6542584921101844,-2.5029343630192207,0.405410977692844,0.5290630703423396,0.2123833164284858,0.1152284335702663,0.967619530226255,0.2620359479928635,0.084538555048655,0.1461412080973957,0.3993026203643958,0.3173139940638264,-0.5461062312466078,-0.7756243372315832,0.0714191694786796,-0.6395196584025278,0.5475235831997294,-0.2823710275132908,0.1720105968057865,-1.0240119476975955,-0.2411969513762154,-1.1093367827808371,-1.5573621285032444,-0.1837102093418937,0.1567399598855076,-0.0776679881676454,-0.1223661167912151,-0.2258515735210697,-1.1520910335705996,0.0,0.1725493594826211,-0.8836800408877172,-0.933535870256686,1.029867946846386,-1.543472922201417,-0.5268337552862972,0.109222642036229,0.5973843138346062,-0.2349206826453605,0.1880425081674612,0.1771426454247693,-0.3097920490826592,0.3638826780905944,-1.5048210418642034,-1.2789110301455806,-1.5497303947693457,-0.0162012813243283,0.9978388119210304,1.4964357242944264,-0.2617686041103553,0.1077417296536283,-0.9753134257726004,-0.701428750006786,-0.1987979991639213,0.5757510680440455,-0.2131176156731897,1.713390401584157,-0.0511884440224107,9.801228383199124,0.0,0.0,0.0,0.0,0.0,0.0,0.0,0.0,0.0
-0.0538297642627442,0.6439148633098359,-1.1633837376302911,-0.0367672416415928,-0.8298372863194415,0.1996083293622825,-0.4909518779175082,-0.1581656169021874,-0.7276436376828671,1.119151350079803,-0.9474459828117928,0.4618562898517905,-0.1819262083818797,0.2873018951475415,-0.1645514467958833,-1.0073938324450882,-1.6124574554256088,0.3387327819219403,-0.9492155383457568,-0.2257418562093653,0.0949467072898474,0.2967988566286694,-7.66828437014201,0.1122458026196929,-0.9482107808306044,-0.1688520481909157,-0.3291782122835071,-0.141007157760809,0.0921714973067665,0.0349993431096278,-0.8864885300677583,-1.167280718206111,0.1809658172440209,0.124292900167778,-0.0639678777679914,-1.6065572610763814,0.0136510187429132,-0.4612869382079104,-0.9849666557728072,-0.1863131219354696,0.0890555942204586,0.3522457929319327,-0.6684845359475144,0.1339299738390702,-2.634490537272948,-1.9845821735102724,1.2684175733263416,-0.6943894782113231,-1.348083873235264,0.0479784486619191,0.2393100303252039,-0.4080181992193145,0.0888260273992557,0.1214722853112876,0.1720452161928561,-1.3985757096774198,-0.4070438276471398,0.0,0.4429421861706993,1.0932811446335016,-1.344028444913804,0.398249104497758,0.0,0.0,0.0,0.0,0.0,0.0,0.0,0.0,0.0
-0.4865964925053525,1.7103643683939411,-0.4530636539905351,-0.6086667062342104,-3.1441008995086115,0.2141228403524315,-0.3676781160405343,-0.0878517864672456,0.2736265113766974,1.1637908304902165,1.3808665873705686,-0.394669870593753,0.0496480740087783,-0.1887285137086774,1.1432240762606676,-0.259611686729942,-0.617441932192197,-1.237865315793202,-0.3972563659085359,0.4870881312773779,-0.1545494128496978,0.1720180634891763,-6.025698845181711,-0.1479618453952526,-1.3917998360357045,-2.0227224050857187,-0.1115162201089443,0.0493107866330732,-0.3341450334363436,-0.615278464912552,-0.5734958289333041,-0.6526107298849985,0.0190051516719294,-0.4975258441883254,-0.8196364489659105,-2.603911468125561,-0.762116183322022,-0.8806072811110757,-0.5834871144543767,0.0677220667833268,0.0596664327216344,-1.1981000690660268,-0.332876847366961,0.0363635875547924,-1.3659178969773451,0.3101078383465821,1.5317499990250742,-0.6517656165696875,-1.5658607252945846,-0.0820965766147126,-1.930980844683696,2.354289670575844,-0.1156216339916501,0.0800602835548142,-0.1202675701943059,-0.1427667395412211,-0.5480379784236845,0.7278996453577645,-0.423402179994586,1.754400056492376,0.0708507321851499,5.194888745356654,0.0,0.0,0.0,0.0,0.0,0.0,0.0,0.0,0.0
-0.3258908433676681,0.7561564933392347,-0.3137803377948411,-0.5416405327726033,-2.2189044702050515,-0.3851804139227097,0.655638373299837,0.0,0.5117478045855124,1.1471186626114245,-0.5667643682166105,0.0,-0.1023562105842848,0.240844909293403,0.4866150220863047,-0.715773864783545,-0.6884342802516864,-0.7954773965388018,-0.8183371853491858,0.6066919891679131,-0.7474834252605815,-0.3675430804571966,-5.1211621899350055,-0.1026355821845712,-0.4386552822653108,-1.3310053867302387,-0.0228354793218243,0.259604842174457,-0.2346588042558851,-0.0483386490741346,-0.291991174321218,-1.5786051244783394,-0.1170611125745268,0.2897644384469167,-1.6174186422034849,-0.6557983894399151,-1.9689346457207717,-0.8988064326758065,-0.4081340251469866,0.1338212732809151,-0.1849038218963513,-0.4202848255803351,-0.1748591034040594,0.2281098179136469,0.7505265907309423,0.6469717377821662,2.17427293806222,-1.3583140566879974,-1.8731449010338908,-0.0820965766147126,-1.957155338274153,0.9213858575971144,-0.2121158060946958,0.089317444179356,-0.9125112410805634,-0.472678770380447,-1.1354693166605787,0.6612955285665769,-0.6738884902422773,1.6082006990258642,0.268665812377898,7.564896956486483,0.0,0.0,0.0,0.0,0.0,0.0,0.0,0.0,0.0
-0.4759368731504447,1.9654641659803684,-0.295337092007475,-0.2881257616694826,-3.918214289414569,1.0432091734145883,0.0,0.075755788143322,0.8196368247300282,1.290325613972686,0.8000575349594927,-0.394669870593753,0.3723028946842221,1.5265335118159251,-0.7806131917081112,-0.3476108264429076,-1.029504822814913,-0.7730706785619991,-1.6372793064434856,-0.8741723592605256,0.6469303271432112,0.2723206512101124,-7.667592907953984,0.2326675057613997,-2.1771777035012017,-0.8734982738809842,-0.1449632118961442,-0.4650613843536787,-0.2216961276181976,0.5847492387077101,1.2917863664322655,-1.1571407389486237,-0.0481345533351596,-0.1298693939771827,-4.14915796760669,-3.1327428278687104,-2.891916912991208,-4.943754160705151,-0.1857885231162701,0.109215669805677,-0.0609016828082744,-0.9562354863972204,-0.13007465054977,0.6190741569966417,0.11608021420062,0.244154968007268,0.0925452488881647,-1.5408740053312604,-2.078807641487433,-0.641499960022383,0.4170643640664671,1.5787449822431836,-0.3641200906877613,0.175680326830937,-1.3307177108717396,-0.6109384169830429,0.0424855750848197,0.6781024370627703,0.0177640457794004,0.9889255395989314,-0.6488109429890258,7.309155325084878,0.0,0.0,0.0,0.0,0.0,0.0,0.0,0.0,0.0
-0.053821366314038,1.354660516956901,-0.8443218776193205,-0.0553342056569918,-0.7477846271750052,0.5263023134172161,0.1056997470573859,-0.7840121099233365,-0.2316038139404774,0.2451463009265825,0.2017213902370324,0.3882935611197681,0.0741259266593848,0.7439400785555277,0.0198337937099369,-0.0339979214995459,-0.4611397183921164,0.6860855175762856,-0.1632776988671819,0.4044754658093745,-0.0323904754353905,0.1462960116441105,-5.993682433946274,0.1931780141857679,-1.6659899062129426,-0.4061242408419004,-0.1401503597069258,-0.2906594140001673,0.0465299126631783,-0.5310508646111405,0.0830784056744856,-1.3134461034920564,0.33605513960668,0.4023857477354239,-0.2650580887112665,-0.9391950207469149,-0.6941846024323202,0.6068050461406066,-0.957315561795538,-0.1138282102020959,0.0299954515429062,0.5952283413550021,-0.4702652002271641,0.1599408364036034,-2.284697401803718,0.4166371882375151,-0.233947582716676,-0.7179379975332572,-0.9446425652866284,0.0479735760641562,0.2239691111724767,0.1928909530833518,-0.1393912533467484,0.2331667251247478,-0.0645825236574561,-1.12210804128934,0.4881272441620169,0.6273901689777085,0.3111721081765051,1.629562288456413,-1.001415169963198,-6.474503847989476,0.0,0.0,-0.8443218776193205,0.0,0.0,0.0,0.0,0.0,0.0
-0.7329622000691324,1.177593421294449,-0.5726931120060951,-0.5638007555151817,-2.035399410728343,0.3893191469666316,0.4225611526229212,0.0381463259691056,0.7208034069369479,0.7898903307705445,1.350623472205871,-0.2035029704639965,0.0741259266593848,0.7193772629039393,0.4034023613100951,0.0335845137055319,-0.5136503327338149,-0.4944099813120827,-0.7481894786925191,0.1641363025085764,-0.3669095825619429,0.3210398920795584,-6.293325814848168,-0.0144131311461255,-0.5398114365237558,-1.4556499797385487,-0.1885931370565471,0.0976385100753864,-0.1020947443524449,-0.7504476363063188,-0.0242133967656017,-0.8881561534658449,0.0253006595880461,-0.0255043751277199,-0.9937228878441204,-1.294332007202171,-1.1100413183140472,-2.106780340097046,-0.1857885231162701,-0.4767511199016999,0.2316923447660345,-0.6199182473928619,-0.1568594410132335,0.6335838350447001,-1.0149027052190462,0.2992107557661278,2.0609442280847734,-1.398943862319726,-1.3933565392360718,-0.3835312747488921,0.7672739140913888,2.067317443674484,-0.1156216339916501,-0.1374132734323515,-1.0547164523150157,-0.3258544176492398,-0.399273951595591,0.3214873870025305,-0.2617411567450128,1.8347007753975304,0.0749675207489907,-34.69714703288602,0.0,0.0,0.0,0.0,0.0,0.0,0.0,0.0,0.0
-0.3766636138928341,-0.1647008949656164,-0.2049999287773469,-0.5638007555151817,-2.977852945872072,-0.4536653223141296,-0.7973584508620222,-1.3956964338753468,0.4899305664639746,-0.6013047826146843,0.3203359485234383,-1.285361507016089,0.5597613609808244,0.7519698950764673,0.7354269320803736,0.2883985414121884,0.6203933743979199,-3.087565966080988,-1.314368245162351,1.203068151142306,0.5168556765934381,0.1462960116441105,4.650649242968409,0.0984937151268367,0.0,-1.010547802293202,-0.8522076928008622,-0.5415502338601156,-0.6373018822999765,-0.2279332606193647,0.2640772034594408,-1.5025711751255064,0.5265289702020721,-0.0512602963443352,-0.3712545349671547,0.8840745064665319,-0.9822017285918536,-1.0176328713035987,0.1374202000270943,-1.0543335095061497,0.175464784027747,-2.3796613077639464,-2.0399570333363464,-0.0461566375284172,5.804039717582739,-2.187861523863193,3.314506037987368,-1.000882479890155,-1.2022786458707868,0.0950438018465001,0.6377455092757788,2.4509813524575232,-0.4168913089821146,-0.1576555470195303,-1.2644208901116702,-0.0419637510962072,-1.022708419068872,0.0630890895310485,-2.199265891066434,1.16915805287235,-1.372304017533477,4.813764470252446,0.0,0.0,0.0,0.0,0.0,0.0,0.0,0.0,0.0
-0.1180862263954772,1.739157151357154,-0.2347649584885033,-0.0553342056569918,-0.7803268792289461,0.1179379736951292,-0.9631262586085808,0.15855497573964,-0.4532658270136216,0.7615269676912465,-0.2813964049244062,0.3236220245460928,0.0496480740087783,0.0488466925579275,0.2462245024697765,0.1955817289410225,-0.5534129709316314,0.4500962147407898,-0.0968028049447364,-0.1997772879832255,-0.0432875580158531,0.2967985038607148,-2.1697502877481405,0.0984937151268367,-1.6325404655081213,-0.249100123753604,-0.2933212111510374,-0.1017272943912762,0.1146666327635885,-0.6694882406221584,-0.0981036521819506,-0.4289929465168566,0.1058365267157492,0.0503631192962429,0.0,-1.2391488355780325,0.133285865925634,-0.0758216125024237,-0.1532157129886099,-0.3373574248644392,0.203717419733206,-0.0864830658508853,-0.2948598232787023,-0.1312342121841578,-1.4599391976678917,-1.960141467304119,-0.5387319325522043,-0.8638846159174379,-0.9576361854854128,-0.0820965766147126,0.0658226876504929,0.2403631211193018,-0.022689093566254,-0.0924641937283472,-0.5854390320769456,-0.472678770380447,-0.242278188736887,-0.1529050999432372,0.1976041814456272,0.7103260496428385,-0.2666520964606437,-13.31086898761333,0.0,0.0,0.0,0.0,0.0,0.0,0.0,0.15855497573964,0.0
-0.361336317305983,1.370192387503291,-0.3261456217611695,-0.9695306556357484,-1.56749324633863,-0.9162176804804996,0.0993044929985402,-0.3696447259516852,-0.3328615790198146,1.3777851183053702,-0.5503294875048099,0.0365503563118009,0.1461422461118233,-1.8084834523395736,0.61416669856665,-0.4650014029191759,-0.2169921655571319,-0.6700465295737892,-0.2429331528327071,0.6646841258079974,-0.4667863340657507,0.6378634604459215,-1.5212530259007655,0.2326675057613997,-1.6782643559525967,-0.832250617767453,-0.0,-0.1410077314572464,-0.077660807778205,-0.6017022513853445,-0.1358143870992355,-1.0288192694649945,0.1511886886464932,0.0998535405678457,-0.8196364489659105,0.0656094542588013,0.2413649969620944,-1.2592087084951236,0.281585877006777,-0.0345220343107976,-0.6958525339404242,-1.4643825083945554,0.6907467391945398,0.507612320087564,-0.9842191044579808,-1.771787349009081,0.9794596612265444,-1.5899372927947044,-0.9969491049353428,-0.2018073723251974,0.0658226876504929,0.9908360159788784,-0.1393912533467484,0.1934978997153259,-0.8699094347450614,-1.575058199689041,-1.3266693153963451,0.5930604409283111,-0.3616535053038785,1.2430941094285417,-0.6165243479571125,7.645954473666391,0.0,0.0,0.0,0.0,0.0,0.0,0.0,0.0,0.0
-0.2958778905647275,1.468879621971659,-0.6000246196177313,-0.5861640255709554,-2.3574604708889284,-0.2284519289744652,-0.0328454386292267,-0.0878517864672456,-0.3035634442428785,1.5374610484072957,1.0746761367931217,0.0963978139177404,0.0983673148782271,0.3631917674821456,0.8509871393373373,-0.3476108264429076,-0.3225893679220706,-1.6119082590532592,-0.9791430575521888,0.4870881312773779,-0.3303592262501414,0.0675451483226927,-4.170737924245736,0.0846525936752618,-1.786847605742195,-1.3054358322362551,-0.0136805752425433,-0.1147511299070853,-0.1579904999094954,0.2311447789984657,0.4543897666882381,-0.8250176287748968,0.12408085932242,-0.4378594114666941,-0.5193304008983514,-1.2101670301227152,-2.0200770543279742,-1.914865825970508,-0.5644791510458036,-0.1771483333892083,0.420300678361131,-0.481028145399036,-0.2854312698205369,-0.1796912376865479,-0.7858396482718055,0.5789026083456406,1.070529025184896,-1.450624791396172,-2.021220766965088,-0.3092272512169219,-1.7949442931863635,1.662200849903938,-0.045612119736934,-0.3580465025306879,-1.2863396884217246,-0.3417430801537888,-0.267186964809103,0.6947983838512206,-0.2324641645533731,2.486139403898984,0.087238979432729,-15.71941738819072,0.0,0.0,0.0,0.0,0.0,0.0,0.0,0.0,0.0
-0.1791816232648828,1.6261081002978426,-0.440091410112313,0.1425007735619027,0.2027092768763262,0.6031546527984069,0.8230858972832829,0.4584734066258429,0.3782124990411189,0.8186115126975415,0.0,0.4410484570174837,-0.0506545137121496,-0.0282712214474932,0.135591621971256,0.2578057027688285,-0.9479775852714148,0.5835641534975757,-1.263968309594799,-0.3866527521548054,-0.0761987037446484,0.3688148233131547,-7.13145829662925,0.0567592216683186,-0.6248892442690017,-0.747205390911307,-0.4397744615609532,-0.0759061478443639,0.0921715999722797,0.1956052406807522,-0.5004075131233935,-0.0358667039808694,0.374755255119179,-0.2381357605159203,-0.1795222593343089,-0.7923609875903487,-0.9474983868851184,-3.5924437360531254,-0.0932056546512632,0.141966810373991,0.4462655478439934,0.0236992221599071,-0.3909139286454067,-0.0183642240395206,0.0,-0.4618105403585599,0.2369659891932966,-1.3532937269079892,-0.9446425652866284,-0.0820965766147126,-0.3355656717267277,1.3433122639731263,-0.2121158060946958,-0.0,-0.3790944384666727,-0.1427667395412211,-0.1389486723460441,0.6443984482836745,-0.035891485523342,1.692651377987459,-0.1078103715045984,-14.50808119673824,0.0,0.0,-0.440091410112313,0.0,0.0,0.0,0.0,0.0,0.0
-0.3972572700260257,1.1178629907835695,-0.6345888412967041,-0.7476487105302274,-2.035399410728343,0.1068181269229693,0.1375244776012881,-0.1077445630703253,0.1894770055001634,1.5374610484072957,0.9339055020334508,0.1317030712200523,0.1223726267567266,0.0919607329332314,0.4034023613100951,-0.1984313667699016,-0.1945890962323974,-0.5197853965215059,-1.039999198422329,0.3193891727508261,-0.6102760913375957,0.2226725772013327,-2.5375599545005665,-0.1479618453952526,-0.1774786022273606,-1.2847971473540134,-0.5272639309943077,0.1332656010451791,-0.3341450334363436,0.0833142555422772,0.0596060588505986,-0.7940115135607134,0.0997408354884597,-0.1835050594767062,-1.061820704334271,-2.0039335630524264,0.1235226858061969,-2.407446230999501,-0.3290002948328535,-0.5387170951180225,-0.2179960036758303,-0.6199182473928619,-0.2295869149983744,0.2615445600051415,-1.2514052808265,-0.175607699595251,2.01396902950314,-1.6343153152447163,-1.4861310385250537,-0.1843396057069234,1.3059337474749075,2.409794105772177,-0.3641200906877613,0.0520839546568695,0.5533374703782238,-0.2632983814922582,-0.6372370119220458,0.4514779110982082,-0.382084865973903,1.7948333302932429,0.1952542266081335,-19.118097496273705,0.0,0.0,0.0,-0.7476487105302274,0.0,0.0,0.0,0.0,0.0
-0.4024217726698006,1.194539769908469,-0.6695960993403787,-0.7240053294627454,-1.3593610140112145,0.4976645277823141,0.4768858738822724,0.0191378368919918,0.4234556725415271,1.5684120758655302,0.0,0.0486246655455715,-0.0506545137121496,0.0,0.3347832910132246,-0.1504404897155654,-1.07216499039804,-0.2595429023913346,-1.2308670480882573,0.9725209257766576,-0.3182849170163769,-0.5274081839704331,-2.225448893145495,-0.0877057989589282,0.0,-1.4190084919694683,-0.6177634132591412,-0.1017272943912762,-0.4309327990096374,1.2467956902111923,-0.3054245322032345,0.0,0.1809652350632298,0.1725501510951871,-0.9491993950457692,-0.1301004791586642,1.2059929402989908,0.0,-0.3594946920961461,0.4346295091135269,-0.4635683764294431,0.0,-0.0860180948933836,-0.1216541564081027,0.0,0.2882906002250389,-0.9844114446906403,-0.3373821087164032,-1.5336970697091403,-0.1326877957793844,1.100690610727619,1.671151378351888,-0.2617638801034773,-0.1525747026324971,-1.3363169303246265,-0.6467263879637666,-2.0543699392614587,1.024390856108538,-0.4026676872456959,1.5650207643802343,0.2572081955392568,9.325254145962232,0.0,0.0,0.0,0.0,0.0,0.0,0.0,0.0,0.0
-0.5188830875372646,0.8133252382645587,-0.4336362592258435,-0.4332589256277211,-1.7919401831265016,0.5010001903939754,0.8589850359899904,-0.1378841108787951,0.0900389759052885,1.7183707189288584,1.7311622392526684,-0.3665443643676196,0.1461422461118233,0.6152839674689993,0.5985667607633245,-0.1984313667699016,-0.6353123656240063,-0.7056981358236205,-0.6262228003190178,0.0240331594563025,-0.235206511341893,0.0675451483226927,-1.414311598424132,0.0846525936752618,-1.164563855579806,-0.9192478470672274,-0.0228354793218243,-0.0376503229860847,0.0117100089254047,0.1385283924958442,-0.0486246655455658,-0.1295165226578745,0.0441063524918113,-0.0512602963443352,-1.455006023487834,-0.8209472542473326,0.913174683811133,-1.5701232712725186,-0.3290002948328535,0.182332546236352,0.0299954515429062,-0.8220751142159264,-0.4204061311882277,0.5898021867830109,-0.6853674956392559,0.1992815302803551,0.9011606838112132,-1.3332375825842402,-1.3035364109501206,-0.4215275190159701,1.0668238053572978,1.5262431926704452,-0.5091944412252946,-0.314581394526786,0.4058889916041481,-0.5756353660385931,-0.5769983751008952,0.6781024370627703,-0.2519463107646872,1.16915805287235,0.2838553623583776,-39.80089935775087,0.0,0.0,0.0,0.0,0.0,0.0,0.0,0.0,0.0
-0.4076063084257826,1.804984988362356,-0.2831178508392479,-0.1693584131475327,-1.960176816332608,0.6079885395234811,0.6926937168535813,0.325463106515389,-0.0795711691987098,0.4139270663687753,0.1638247283972208,0.3127018690050104,-0.1023562105842848,0.6493271640741013,0.3521166094884946,0.0335845137055319,-0.6408192730522724,0.6607893193247683,-1.8339289254100648,-0.3866527521548054,-0.0107467332200082,0.2226725772013327,-1.8571677954218435,-0.0434701284662885,-0.3367112882197603,-0.7516509074798858,-0.2831589278955519,0.1683828719367615,0.0,-0.0823660734309738,0.0120300404334161,-0.3203530238261731,0.1601519799676527,0.0998535405678457,-0.4628930679301589,-1.2529678433946003,-1.2006627573283115,-0.2321179913606089,-0.2146306790733177,0.0,0.787290282635248,0.3134211369300459,-0.3714317824340915,0.1252045960654713,-1.6823733607509823,-0.609141499981288,0.9682149843520538,-1.303470803482678,-0.8933228859751535,-0.1843396057069234,0.0495067927678725,1.152403079735461,-0.1633965652252478,0.1031416537781058,-0.623616644130681,-0.2326144390705193,1.061962385144377,0.903363394976278,-0.1277334971189779,1.4541545078499236,-0.1343719436826401,7.784559209832947,0.0,0.0,0.0,0.0,0.0,0.0,0.0,0.0,0.0
-0.188705961913224,-1.3130209544098754,0.0380732804550732,-0.1117715386251837,0.0,0.0,6.477744718543295,-0.5749851926444017,-0.1893156669086588,-2.6375199638251026,0.0,-0.8544636356450533,-0.1023562105842848,-1.2312095375601806,-0.5056251720118268,-1.406319022607255,0.0,-1.508548200268047,0.0,0.1412474468080335,1.0765246774405723,0.2723206512101124,0.0,-0.2412018239739753,1.6676596323461608,1.397829349743984,-2.778484098872768,-1.4511931984985866,-1.4560021806815011,0.1576748135479311,0.186357057536134,-0.4870328242350278,-0.1505435538592096,-1.667331871207916,-0.4628930679301589,0.0,0.7655938410353746,-0.8610379170859593,0.4947830578899347,0.520798409283561,2.859293499175362,-5.504323194292055,-0.6362268678878084,-2.9660674738295207,9.375144566775145,-0.433243780179407,9.544065263946749,1.4059524026739871,0.9949275735421528,0.3599285073678266,0.0,1.5951359891669077,-1.2850341209318008,-1.2786606154973794,-2.6591278146598283,0.7364243579559668,-2.679334383189018,-2.2668480650301106,-2.9604060413287376,0.0,-0.7201054608983377,-43.02202125396015,0.0,0.0,0.0,0.0,0.0,0.0,0.0,0.0,0.0
-0.053821366314038,1.547224500713708,-0.2648836443167549,-0.3494218075898376,-1.2221982932814632,0.1673175263093821,0.6053889870598653,1.4223332669248083,0.1026607400883174,0.6192092393000311,-0.4258877817479963,0.4305634520227263,-0.3432107166793356,-0.3573980339140623,0.4034023613100951,0.4839983633447471,-0.4534886043179371,0.6860855175762856,-0.0641521860235722,-0.2519378723455314,0.1463092039586162,0.3210398920795584,-4.820739146782921,0.258639646505953,-0.8374574130693825,-0.6411040929755812,-0.3551024097038158,0.0124178044189678,0.1202415462553702,-0.3128023497923278,-0.3324480548123757,0.1661410890934661,0.2853879997830156,-0.0772251658271996,-0.1964193396172148,-1.1075171005891975,-0.9376656519075728,-0.1869651766686252,0.1228993373002507,0.2535146254357324,0.7409850717901653,0.3284194339896624,-0.0426672378201001,0.0363635875547924,-0.8448227398109541,-0.3630960735227411,0.318877501847099,-1.5899372927947044,-1.118321371772624,-0.0654578040816532,-0.1539963165738149,1.4963833115147047,-0.0920688016703298,0.4228944545522158,-0.7821725616069088,-0.2326144390705193,-0.9963966850376592,0.8408177879008829,-0.2034892852622987,1.754400056492376,-0.2901636082669478,-5.477173620679717,0.0,1.547224500713708,0.0,0.0,0.0,0.0,0.0,0.0,0.0
-0.2030640341591958,0.3394904969591893,-0.3447983446520323,0.2448435114350506,0.1210277775659756,0.6686249532104984,0.8552680467919451,-0.2199128947322858,0.4457949342461983,0.2774577027159588,-0.5954020520139734,-0.2974342747896288,0.3286711038702554,0.1044461457754469,0.470188567803787,-0.3348584745855131,-0.4899872498440937,-1.227454400229055,-0.9049019723657068,0.6646841258079974,0.1967288609298738,-0.0247579839204861,-2.128698439713665,0.0567592216683186,-2.7309673056942123,-0.0,-0.4996207348021166,-0.0124928561660971,0.1369278076254262,0.1971784017358862,-0.6485350703102897,-0.7373844205670319,-0.1708536762794494,0.243459227601838,-0.2650580887112665,-0.6715726009602521,0.3747770616211017,-0.1158249151393556,-0.3376833490600198,0.182332546236352,0.2316923447660345,-0.5941124263962558,-0.7452736729179181,-0.3098297928957617,-0.6204904944831022,-2.267945702633257,1.4228759023880293,-0.6633246765686759,-0.830478329891992,0.0950438018465001,-0.2433204727530133,0.9146641049428108,-0.0687324108838982,-0.2771101447357212,0.3537882087377232,-0.2173980391694136,-0.5869096686533093,0.6273901689777085,-0.392354798562552,1.4766571885131805,-0.1432807280575924,8.5277428222138,0.0,0.0,0.0,0.0,0.0,0.0,0.0,0.0,0.0
-0.0811618237633185,1.002159595321869,-0.4143355717076609,-0.0367764554254304,1.2889609339723032,0.4522244243433077,0.4738405759588381,-0.3477609820160463,0.2137790537707673,-0.0,0.1282449060878328,-0.2433665087756545,0.5193132067992484,0.5193635381575492,0.0590160579225789,0.1955817289410225,-0.5020717411483104,0.3949558199024796,-0.0318916321323971,0.8497864700830144,0.1463092039586162,-0.1669030214959357,-2.0221037479058195,0.2715124878241183,-0.2283269009630739,-0.2210063345956377,-0.2479196606578224,0.0247784801373483,-0.0474896081333713,-0.3481072767957043,0.3924237914719155,-0.8609177308236775,0.1149784596406755,0.266692724634669,-0.2650580887112665,0.3015471767042075,-0.6852556608149489,0.0178264531102022,-0.2690731078343019,0.3228706056669361,0.5973793847561734,-0.0515506961568876,-0.4904596452112592,-0.2190859986514039,-0.2342339966785727,-1.4898361702383631,0.2883106852396759,-0.3069464908856844,-0.405152573351574,-0.2910042570014055,0.1460194040496679,0.913142482741368,-0.3124183938156286,0.1351306172757581,0.2584648074340034,0.081850149180702,0.8568920705248891,0.3779247199707282,-0.2227768170794081,0.5603674065795117,0.1035253731586341,7.448837398317506,0.0,0.0,0.0,0.0,0.0,0.0,0.0,0.0,0.0
-0.3309111731476739,0.5461763121155334,-0.5456352793652326,-0.5861640255709554,-3.700142146223396,0.7538982693024835,0.5352506774521357,1.2043834495416503,-0.2601705741196313,0.7144206016733085,0.4404202251493869,-0.2433665087756545,-0.1285939021840084,0.2996463072197195,0.1166708656057064,-0.2720139185023552,-0.5206698346973672,-0.3576163660218241,-2.3943114539305888,0.0,-0.6507329718287502,0.2967985038607148,-2.4907736749668623,0.3474186356684824,-2.4415728709934115,0.1648077376572657,0.1716424279686058,-0.3474186356684873,-0.2346588042558851,0.2900735876804873,-0.5734958289333041,-0.3834853523318859,0.0221530197041449,-0.2381357605159203,-0.2650580887112665,-0.6632498737332582,-1.976188878788575,-3.07227604135628,-0.7714447664339871,-0.14078474583441,0.2868327396043441,-0.9908767842860404,-0.2760450427263053,0.0543632499456239,0.8560159023998037,1.2088689087912596,1.1650498107278262,-1.450624791396172,-1.470460654840757,-0.7265711007071367,0.0,1.9621191227819992,-0.2121158060946958,0.0332621469001416,-1.780912722940743,-0.5236170560647473,0.0522301051903989,0.2051384869411106,-0.4026676872456959,1.1940175279718408,-0.0990242022300811,-6.394508527623321,0.0,0.0,0.0,0.0,0.0,0.0,0.0,0.0,0.0
-0.3410117414407424,1.2241191130267957,-0.2709412572580264,-0.7714761294128336,-2.2460925153123257,-0.7830224792671132,0.8262646078116032,-0.1480027420682422,-0.3476424659287799,1.4701938778561727,0.1478310138439058,-0.0998767515038073,0.0983673148782271,0.5853374084991263,0.4866150220863047,-0.2720139185023552,-0.3885084996150185,0.0401544040291714,-0.8183371853491858,0.1412474468080335,-0.3669095825619429,0.0675451483226927,-7.204678327216187,-0.0581141458659556,-1.5453480841265892,-1.0709317568221632,-0.2730571826452148,0.0370820749125539,-0.1896335757106238,-0.1332874136446005,1.007220826509889,-1.009626897223202,0.1301167293736468,0.266692724634669,-0.8408177879008851,-0.3494226041507867,-0.04832441243936,-2.412753055849243,-0.2690731078343019,-0.096000292980121,0.0890569602550522,-0.5983931349000802,-0.3714317824340915,0.2863640031948918,-0.8657443906924172,-1.6820548954211292,1.1311810100211743,-1.8077380198374744,-1.0908804092609767,-0.641499960022383,1.100690610727619,0.6678517042048298,-0.1633965652252478,-0.3253851878219392,-0.9316821655157548,-0.4392857977950508,-1.1404639677878066,0.7114043784215938,-0.2227768170794081,1.7948333302932429,0.2533756058030458,0.2201751085903663,0.0,0.0,0.0,0.0,0.0,0.0,0.0,0.0,0.0
-0.0222827321970588,1.865435920134166,-1.0882430457766363,-0.1888172997012246,-2.2460925153123257,0.866546555991165,0.1636496032457484,1.7565296539395692,-0.120205577330672,-1.2486459729703898,-1.636100937758805,0.1433834453597019,-0.4427535557916362,-0.3528989679308396,-0.0809151225424996,-0.2105704543017391,-1.1738169469867994,1.5864838327472437,0.1138755905441485,-2.7107853419412007,0.705566890708119,0.2226725772013327,-3.547042169886372,0.1798693350531738,-1.9249669604841555,-0.2415736218545911,-0.1020336328066977,-0.1278505625199968,0.1862822832229926,-0.0108602154507823,0.0830784056744856,-0.0260235482519487,0.577697319740267,-0.670648301352366,-0.6956846239426443,-0.9699377976498996,-0.8507969241091434,-3.766858440986766,-2.5900509268216427,-0.5387170951180225,0.203717419733206,-1.7273226836472608,-0.32331906625102,0.4384675543554606,-0.5987732641011649,-2.8459973016271767,0.5803483119353888,-0.5426594081190828,-0.8680140918419921,-0.0988507766670474,0.1617787315913496,-1.22211301524894,0.0448070994366923,0.1442027144024667,-1.3251387189227763,-0.4895485291234481,0.1375644836257106,-0.0428611904905887,0.4655387401533979,0.0782179106848009,-1.84485661571044,-2.134798076364031,0.0,0.0,0.0,0.0,0.0,0.0,0.0,0.0,0.0
-0.4336742887661188,0.4280585729413332,-0.538927702656268,-0.4546205150582757,-2.1919705688347344,-0.0,0.2380692358390025,-0.3586811375571289,0.1772286974589639,1.4203136402528178,1.008408120425981,0.0122483080412083,0.1696950784331512,0.4161455410555051,0.5191228967201446,-0.2105704543017391,-0.6112278525196754,-0.2483987314436883,-0.5998376584746784,0.1641363025085764,-0.2003380614449101,0.0407526067779178,-2.716034632880369,-0.0434701284662885,-1.6215719755964784,-1.5355020282831702,-0.1788422231585418,0.0493107866330732,-0.2088234684064642,-0.2436633170239418,0.413224064224918,-1.3188171335211023,0.0441063524918113,0.1725501510951871,-0.8196364489659105,0.8144651380738119,-0.475588441911012,-1.518988657588059,-0.2146306790733177,0.100984061050792,-0.0302988378228253,-0.694464863054796,0.0336477092136754,0.1685554531387537,-0.4713773695634736,-1.960141467304119,2.41913989039898,-1.8077380198374744,-1.14602750707192,-0.2910042570014055,-1.7949442931863635,0.995143213330393,-0.2869720961225093,-0.3471177112290075,-0.7060911613407087,-0.5408342809450537,-0.5262017145990405,0.4514779110982082,-0.4130235620539489,1.629562288456413,0.268665812377898,9.668922272802003,0.0,0.0,0.0,0.0,0.0,0.0,0.0,0.0,0.0
-0.5188830875372646,0.8269746859614664,-0.3385536990479505,-0.893663161211786,-3.12207095955196,-0.2941878979738095,-0.8251922969402119,0.0286532001316961,0.3206121428186642,1.5062046875665331,0.0759225296880252,-0.4662540133063566,-0.1285939021840084,1.294406034805993,0.3521166094884946,-0.2105704543017391,-0.2921344740362899,0.0714107648699312,-1.2308670480882573,0.4044754658093745,-0.6780415389836733,0.0191011226872949,-1.5103559433203049,-0.1026355821845712,-0.9901875790921468,-1.3113937869011034,-0.0644712654162003,-0.0759061478443639,-0.3477290120222238,-0.1565047228707295,0.515013777946248,-0.6401359783849558,-0.0578585103517534,0.243459227601838,-1.061820704334271,-1.835803061297535,-0.2250044140533471,-1.8890166922330165,-0.0578578549591632,0.0,0.2868327396043441,-0.6811531959667467,-0.2020736486142927,0.335341770475981,0.3730952339931266,-1.794676204709632,2.481297423959572,-1.679461280171916,-1.3630845180737872,-0.0161964740832188,-1.4993741631866433,0.5872437619268093,-0.2869720961225093,-0.3525720226537097,-0.7958324351253077,-0.3100621016003904,-0.4523926551864047,0.1248377680359558,-0.382084865973903,1.7339681039673778,0.2724589329379621,-12.01823046792535,0.0,0.0,0.0,0.0,-3.12207095955196,0.0,-0.8251922969402119,0.0,0.3206121428186642
-0.5297285162622254,0.9314930303466674,-0.5122063231546332,-0.5861640255709554,-2.4438682946616224,0.2613536718516145,0.7450105043450972,0.0,-0.2601705741196313,1.7762693199803326,0.8268406772396567,-0.0246299636482377,-0.1023562105842848,0.4597844338742828,0.299731375742765,-0.0799822802229448,-0.2871121293294152,0.1932589266793447,-1.039999198422329,0.4666561787523829,-0.3303592262501414,0.247624529513084,-6.380969581780482,-0.0144131311461255,-0.2802795744334681,-1.3363429380261644,-0.2679974986954068,0.0856552522302853,-0.3545571706190157,-0.2479089117222249,-0.2653427919148415,-0.9203094530438488,-0.0872891038430958,0.0252961982515156,-1.131564191735907,-1.7256424315386412,-1.1100413183140472,-1.8234867349142836,-0.1451432714922325,-0.4161271086436898,-0.2429627949078867,-0.7711825985872336,-0.3043105771739117,0.090019118857545,-2.109122036866593,-0.1886013197940354,1.806247089098413,-1.3938412318580575,-1.3630845180737872,-0.3835312747488921,1.3059337474749075,0.6960040673965922,-0.3903577822874861,0.1351306172757581,-1.121062549193369,-0.6109384169830429,-0.3507099890982316,0.2248684202542806,-0.423402179994586,1.692651377987459,0.0953925087096349,3.4592277545940875,0.0,0.0,0.0,0.0,0.0,0.0,0.0,0.0,0.0
-0.0765942496948143,1.3656481252443688,-0.134897775371611,-0.3701698360966768,-0.575280441116485,0.4197219461543874,-0.032822445029871,0.149470065559137,0.201639966238929,0.8979444228260951,-0.4697027704302886,0.1082307243961657,0.0983673148782271,0.1031742113214322,0.135591621971256,0.4459813392564923,-0.2502333138983142,0.4772842598480616,-0.3131068600320084,0.1412474468080335,-0.0323904754353905,-0.052562088270549,-2.009065101460928,0.0567592216683186,-1.1328004989301996,-0.4304680518452793,-0.0551725519432109,-0.1809158928125153,0.0233825852239638,-0.107049809208465,0.1637355041666752,-0.4831190857488573,0.1361517606699124,-0.1034208807066432,-0.1460194040496635,-0.7250500655692279,-0.8037519694163975,0.0590558452655846,-0.2354410988643011,0.0,0.420300678361131,-0.2163506586059114,-0.3520794230864745,-0.199303341620684,-1.5032958114193826,-0.2812111354376345,-1.240794276057991,-0.901694838833466,-0.626874613354311,0.0637658921130092,0.2545532308803284,0.4869954455913633,-0.1393912533467484,-0.0580089117934948,-0.3443347458994216,-0.2022953423604587,-0.2049296305906128,0.0422251025679589,0.1642558451993709,1.1440911318276237,-0.2666520964606437,-10.44595204003835,-0.0765942496948143,0.0,0.0,0.0,0.0,0.0,0.0,0.0,0.0
-0.4024217726698006,1.5409190440022555,-0.6766603062987513,-0.6773335558733572,-1.7919401831265016,0.755444292846223,1.1187003922533283,0.2389098133079752,0.5117478045855124,1.29288758753976,0.9495638415941132,0.0,0.1223726267567266,0.0,0.3521166094884946,-0.2472744680566905,-0.1626423971149409,-0.2859229841104715,-1.314368245162351,0.5871187834956935,-0.5310996335760101,0.2967985038607148,-4.966233338410106,0.0143183120402002,-1.5195636978757057,-1.3223188270892037,-0.5778001410645073,0.2030093216197626,-0.2805591564515843,-0.0317754734281279,-0.1612537689067687,-0.7677159846450297,0.0,-0.3793799232480498,-0.9937228878441204,-0.8824762433562277,-2.0572371826070577,-2.083650973582814,-0.5408853081188723,-0.017207496985603,0.0596664327216344,-0.5516545277335234,0.1880484460768929,0.3272391944416852,-1.1356085536001104,-0.5198085671959282,1.3026369595066802,-1.2985342408775051,-1.5820870824659117,-0.2728983942503725,1.3879625313283923,0.8921977278507532,-0.3381404456606963,-0.1223540247676563,0.1876918354576024,-0.4063358683472367,-0.871867804663427,0.1852727549093026,-0.3616535053038785,1.3151725035539026,0.0460651636711609,9.369751534219445,0.0,0.0,0.0,0.0,0.0,0.0,0.0,0.0,0.0
