,O00264,P62805,P62424,P62314,P62277,P62273,P61978,P57735,P52907,P52272,P52209,P50395,P46781,P46778,P46776,O14980,P42766,P40429,P35659,P62750,P62861,P30626,P62879,Q9UQ35,Q9UKK9,Q9UKA9,Q9UHD8,Q9P2B2,Q9NZN3,Q9NZM1,Q9H4A4,Q9BUF5,Q96CW1,Q14344,Q13751,Q12797,Q10567,Q01813,P84077,P63244,P35080,P43307,Q9Y490,O95782,P16403,P04179,P00966,P06733,P04844,P14927,P18077,P22307,P12830,P02786,P25685,O60610,P07195,O43681,O43324,O15260,O15144,P06744,P05783,P09651,P09211,Q06830,Q09666,P08708,P61254,P53007,P17096,Q13753,P18621,P28482,P31942,O75083,Q96AE4,P83731,P17812,Q15181,P16949,Q16576,Q13185,Q02543,O75874,Q9P258,Q14697,Q6BDS2,P27361,P11413,P53004,P42330,P09874,Q13509,P22102,Q02750,P04083,P11387,Q13547,Inhi_5,pert_id,trial names
0,0.10382995850897142,-0.09046288325718567,-0.6299804337047998,0.6828227884972574,-0.7783318458388284,-0.23933052446221445,-0.48273448285760306,-0.7816844949519832,-0.4225670764249962,-0.40674427498836024,-0.02943091951029544,-0.7875632385085827,-0.06352406180384872,-0.714223365385807,-0.1860878530706599,-0.2194919973719552,-1.1181571920305622,-0.2964104911382008,0.05338029979590218,0.1985413659970686,-0.44935481962128626,0.12929565343493962,-0.7501170778560423,-0.610645727793941,-0.38159866954471555,-0.8546766827610605,-0.7487849490912083,-0.22350880007110818,-0.0820105388641607,-0.26251968395031405,-0.24794957333318315,-0.8489904254683629,0.06166503635769063,-0.4177644396273574,0.8380783966020423,-0.5444596913088505,-0.23410263065392767,0.2564732935185747,0.3192310426862185,-0.4565308100767415,-0.7645927806577012,-0.13929563607039971,-0.30454618802939676,-0.13908162541654837,0.18149120396108953,-0.07938039044781765,-0.4687818342184597,-0.17034709927698585,0.5562534088713625,1.4236374129055045,-0.3074903318582784,-0.3395349980763627,0.27112289022840336,0.09708271808573725,0.3432031125866528,0.4892618482941196,0.8145602047893487,-1.0376838177437782,-0.21645758309570542,-0.22395255604596706,-0.7387654094663733,-0.7251337746847742,-0.42901861290944016,-0.4145319162365985,-0.2692973859169263,-0.13732177070987125,-0.5344644565345714,-0.1886502502087657,0.03547893568260019,-0.6714305705039972,0.5624656093658958,1.1826746973198963,-0.49857968063584074,-0.23178802743260615,-0.4315233579318621,-0.525277960844501,-1.0030021845771573,-0.6808948002079767,-0.2799157883894868,-0.5896328654702988,-1.188353122063489,-0.6048315826793257,-0.31416907488487583,-0.8074181400110302,-0.16908206838770254,-0.4111874124549433,-0.1508218441696344,-0.2803875441829342,-0.1046736126635127,-0.3347903803299857,-1.1725667077781896,0.05181277339180551,-0.5404516034546275,-0.364398076024072,-0.2863028476506316,0.2831957442698451,-0.29699447241123933,-0.8246764044468975,-0.5144778718963234,0.2307692308,10,Abemaciclib_10_24
3,0.19166837557018976,0.0030922459191559948,-0.32707467861169154,0.840126772324512,-0.5619685503195142,-0.9185781698962476,-0.228317422210775,-0.39966454551687,-0.10357793308070991,-0.16026605880122993,-0.02852772826242153,-0.5351665801951737,-0.19178177766697016,-0.5658932343358788,-0.2669611263296015,-0.5225889749634777,-1.6748448544737913,-0.40863058742445246,0.10032221910320951,0.25404164703717413,-0.6037533041416812,0.17651849515946633,-0.6954060391298033,-0.276162776560826,-0.8927538021274617,-0.5056869480041609,-0.3291421457999883,-0.12945730875338554,0.13021287900549167,-0.3171167027663868,-0.4915285833591547,-0.0765173808757201,-0.010277966677081501,-0.680909123268167,0.11848465939005168,-0.09831986156698132,-0.5676028337186347,-0.07859214068073615,0.056893940138740384,-0.4336005501579775,-0.8436226282248545,0.406004222196702,-0.1490543241500256,-0.5686150040784639,0.26815583579475705,0.24701158167253873,-0.19877555143535178,-0.17988795082075149,0.36242283769169625,0.30515040536543864,-0.2411626892020652,-0.32821459500432065,1.089760571516716,-0.27500741480707946,-0.26644097146470924,0.13252917822823898,0.4266962290238717,-0.3394288807135754,-0.004782048160755642,0.24053865046584755,-0.4608296011769041,-0.4965850797148127,-0.06484953271649753,-0.4667915953240892,-0.30486403926971783,-0.18358899651139132,-0.3047466921558466,0.08088059061795966,-0.3356219934501428,-0.4062781499310788,0.2242444218248847,0.2899266956039735,-0.809698536015881,-0.34173026515617816,0.05952837739433291,-0.394705482480846,-0.7753276431920405,-0.4662064968147218,-0.37455680584620415,-0.3764684040166946,-0.657981927039827,-0.6870319896502491,-0.1476420315170833,-0.6370571715049669,0.19332492987111516,-0.18745037571063855,-0.14190700256627076,-0.3426556175903592,-0.028169203081876093,-0.15793826701468958,0.19520354767817696,0.12463743693001327,-0.2651138385723741,-0.4710843972125075,-0.18277023280790616,-0.5328632547989015,-0.12801423620280866,0.19410605304071227,0.3755946546800135,0.5494630564,21,Afatinib_21_24
6,-0.24621468535094806,0.335488312189534,-0.23094761237065273,0.010024668909156908,-0.0415355267378188,-0.2186835029839405,0.03111040375554754,-0.2897970119728557,-0.0847930756107136,-0.15951270889320202,0.2506805316065659,-0.04692305190287633,-0.009359975859991774,-0.3769563521435498,-0.2200333308883431,-0.2786793386447321,0.11316293904824926,0.17495919172620691,-0.07717976225424367,-0.16138601881425887,-0.5262207262787288,0.2614871605934307,-0.09391700081777708,-0.19876908234141258,-0.046317869331152055,-0.11427181675371888,-0.5696994264676046,-0.15950449862945124,-0.02698747805588654,0.07786000031176958,-0.1280208992664644,-0.1329288104453286,-0.1393095866952193,-0.38225376277690426,0.3679615064473289,-0.04957679554052441,-0.38004074944706806,-0.3567777158458356,0.20647281272731557,-0.1496194278394289,-1.0579751380624316,0.0004065866641262128,-0.13975668495465263,-0.07569158507266129,0.23626870410165213,0.4568372263601863,0.0964141281963829,0.17622051515402692,0.26020824280958127,-0.09507880386172447,0.3474592868042102,0.07287456262278054,0.29142511156450596,-0.41400639569120595,0.1396214692752699,-0.3853275952212496,-0.1919005957222162,-0.1883943377216496,-0.23255723154633356,-0.373639541911015,-0.4205410399884919,-0.0616398817246853,-0.8003656506313991,-0.09105469189866615,0.15970039710202993,0.1826632348756123,-0.3118939852470705,-0.054519333233821875,0.2074849647162896,-0.5586164726142042,-0.13027568807115783,-0.0796504607755176,-0.17230435636031657,-0.20734533562450763,-0.14676115409361815,-0.17784156574300347,-0.18727480971787006,0.23011805735005175,-0.19964337749356345,0.11020644685263763,0.09130126741901128,0.07736662695883961,0.04037904682801208,-0.2816114151637987,0.0757893581278991,0.04193911180158468,-0.23522574430504517,-0.1993613537825437,-0.3166543503510346,-0.20797810885700044,-0.28288754565728247,0.2754957795677095,-0.11352005985966568,-0.3088478283266056,0.2332892695208073,-0.5402898454953516,0.24194401349198644,-0.023325495066453678,-0.09144236674083557,1.2982990609999998,8,Alpelisib_8_24
9,-0.2593691610593418,0.07007097987206984,0.16939586889637495,0.21612261014283193,0.18624788584998783,-0.19681823559185196,0.09301792781782865,-0.07342912914869199,0.007791335765677592,-0.19410357362035455,0.389966657110216,0.06473053504616706,0.49217177924454186,0.04587027087758196,0.1154366633652029,-0.05526186459067641,0.619025336451574,0.3560875878914513,0.044464918926084646,-0.062162940595642015,-0.10099192103235825,0.3534202801319764,0.01837519791106376,-0.1266094668478052,0.04633087786057196,-0.09950631747984813,0.08259066759204069,-0.09939729022650218,0.04588350191227584,0.03194406744598565,0.20112363445051126,0.22357862646833024,0.07051377880586249,-0.17580309640651426,0.2503693149968848,-0.24175463439278191,0.00879799472118918,0.1445342505477901,0.5737595793627296,0.05564275694789514,-0.20175910507390218,-0.15849776738485336,0.07046166117368342,0.11229131028097433,-0.005482882094576942,0.48554192353461945,0.18160653633148274,0.28726338966318293,0.2296034783364964,-0.37494675905484404,0.40926223535869005,-0.13052897100006575,0.007495273464923214,0.15679853399992558,0.34057968905691677,0.006569670355694085,-0.0885838539439547,-0.13965332703781871,-0.11223842290238989,-0.08184974759027763,-0.07276295487700417,0.0851317518376103,-0.10872441949161486,-0.11940307132645685,0.08102789837439285,0.2087027359299336,-0.0714987794495603,0.22947695863764275,0.07318083099244936,-0.40375349906808694,0.08883750992356869,0.07931407913013878,0.07807068221593934,-0.029432387698449646,0.014614258208447686,-0.006204970207708572,-0.10082581136314746,0.278483505469217,0.08046016204506008,0.32874117585189727,-0.04211021132397267,-0.03788557066619124,0.10110316034053052,-0.015561319521013825,0.12600477941236152,0.0030640489375402258,-0.11369041566318117,-0.08681771757847674,-0.16097095146989002,0.07509471044117355,0.048442974907544595,0.3306387515581554,-0.2054036045301618,0.3455866400751495,0.37069322681324146,0.2865335367970289,0.2661513874257602,-0.08499795934305902,-0.013574595773448142,0.8549191293,46,Aminolevulinic_46_24
12,-0.22899425804894982,0.14611110168755348,0.13438045946424002,0.13859227655400366,0.0877029236993024,-0.16028524286727283,0.06446179799418504,-0.22177983025594608,-0.048548860793734605,-0.20866196265482698,0.22026331653788814,-0.09051372320376017,0.37710192192699443,0.23626066105368548,0.062098720667629496,-0.3267361028562128,0.1528621861623205,0.3116606167661778,-0.042589525546392816,0.058743830229017,0.013294890337071522,0.16532868191572933,-0.015575778933729046,0.04350037494742956,-0.2411291321059048,-0.06079431957969328,-0.15716233598651755,-0.01757800831997076,-0.13162182693440105,0.14382943121571065,0.14725480075439049,0.2372152268825414,-0.042827132816242584,-0.050694331578075534,0.1178795867545996,0.03236489619110849,-0.05334208618965646,0.08707050654535557,0.2949112556412786,-0.05120124805762861,0.12448658168328076,-0.17554524088661505,0.11127405425926566,0.07522435212034743,0.10283266748749349,0.3615777066418287,-0.0515321157108819,0.062338274039348544,0.43470498947733627,-0.6912845308536267,0.1563157827149507,-0.17432116174094978,-0.1831207285507418,0.07795875638465947,0.09750904898154548,0.07810787227186843,-0.1599461502929884,0.013954601041866077,-0.12025160640326142,-0.1050204326798484,-0.07632393275433057,-0.008351155732394274,-0.37033970529518206,-0.08398336368650654,-0.019780752188096173,-0.0017857316433623326,-0.022297723468629422,0.19232340716540738,-0.013433311679329143,0.05426381951330269,0.26494961674152623,0.1540166442471572,-0.16915087198127784,-0.080768933689142,0.3348918068177811,-0.03721942835597428,-0.16727211915895568,0.10449210358612031,-0.0645006251780607,0.12205198621609924,0.057218415275951805,-0.03560703396945408,0.004490633481250154,-0.11570693568871016,0.1053928779958818,0.024909074785829478,-0.17564101253427108,0.08367164518671076,0.12050342303568747,-0.04495531793380936,0.135136348638157,0.09861122007434205,-0.11564701675462574,0.24411399674991577,0.01461430603605233,0.32526962956716526,0.0490778389937265,0.15427075832678264,0.07594473092360844,1.623330025,55,Anastrozole_55_24
15,-0.17931433646338288,0.07894385752413544,0.15768160648113536,0.26926237506416445,-0.03663651289748391,-0.2997184191898257,0.08497572181481279,-0.025347802427246564,-0.1035724619390625,-0.11378903262386673,0.2968015626065883,0.12091525332525259,0.1683802856446582,0.04085641072784955,-0.11965869139790013,-0.2588571434900694,0.45726298617168615,0.32832500919653723,-0.09587846576494248,-0.027247289250791024,0.06702979792944631,0.1756151099209934,-0.309301014017943,-0.1904428149125403,0.1020860770925206,0.13277404947668126,-0.18982443893381049,-0.036537172606308906,-0.10950323154351727,0.03490433008510519,0.12995582494156457,-0.04365496328803576,0.13190925407336207,-0.16469627907383347,-0.062013436015254796,-0.23718359701608072,0.05405677063098462,0.17823891387282398,0.45261229958051913,-0.00997006567361361,-0.504692222008333,0.07946939055046477,0.0019474926081344338,0.05450897671893231,-0.08956432960820293,0.3386369081609229,0.1507888567451294,0.18730952223405195,0.2285387402986646,-0.509204455549778,0.13661189315165867,-0.1248879390941085,0.1728509123359989,0.14621728115111154,0.23880940024307906,0.06171515253369653,0.12163357613253224,-0.3770666970279777,-0.02883810471372351,-0.197124531830878,-0.10823663321494593,0.1132509637652183,-0.2507980039025138,-0.2018317729712479,-0.017837248218206102,0.17483899217829815,-0.2454413089830431,0.2526002472330603,0.15090928788976013,-0.26552193852109146,-0.07844916814627918,0.05394295048769771,-0.21363087744752426,-0.08220661309620139,-0.18269719783386038,-0.06982102549230094,-0.07917035741448204,-0.1805913709478736,-0.31276198463493754,0.3072427940353201,0.036350802004329184,-0.14125088081957984,0.13414139242288398,-0.3221470046861408,0.18739302678264555,-0.06327814175085548,-0.03487018819108902,-0.1973074787923107,-0.22767784191372342,0.05097071880157004,0.26067102293455563,0.2663393788794069,-0.20548358897493388,0.33225935221850594,0.49138041130777815,0.46773622196710973,0.22882654121170523,-0.27710172612307676,0.24871878668467498,0.817524018,39,Azacytidine_39_24
18,-0.2645799019540063,0.13349461530566717,0.08265214062031222,0.20244309617400255,0.20730026072029062,-0.12149007719155286,0.08051259852828628,-0.125166517070263,-0.08419395611351775,-0.20583403440011386,0.340835588117587,-0.04128327971739334,0.3270176720994205,0.07789858507636636,0.41492939157215597,-0.4445836826459382,0.22791827519761262,0.23233521119427228,-0.026175302619917313,0.19381861467552852,0.02100351582907194,0.32011617228759154,-0.026192250465582895,-0.061782341311016876,0.04030427890191838,-0.006544913321884431,0.031516100085389624,0.24367615436683734,0.10632766550360306,0.05797000900176766,0.14766420919632658,0.301416042469065,-0.08753728840673465,-0.2645470739246254,0.1411373288379787,-0.19822424856762852,-0.1034382503877676,0.0986196210454291,0.4158641940963144,-0.12178470147660854,0.3931618916793716,0.15739569554168456,0.1702113205761918,-0.12614892721118467,0.1933091190281188,0.6164766569043358,0.025532095968633012,0.15335204598667126,0.24458780857269444,-0.6679242781302063,0.24299201548894458,0.014250467973192217,0.07986821071213279,-0.107157311079292,0.025637886296209205,0.06467946691560518,-0.05123954693761259,-0.18869014851484553,-0.03444955631744382,-0.4012067168938323,-0.2716981924322666,-0.10608470493011997,-0.3622200756938783,-0.1235470804287303,0.007720791430846502,0.14253856935226983,-0.07320463108575788,0.1959975825646221,0.11204157954160221,-0.2525817326344469,0.2903548944414464,-0.03971331810486941,0.14222499972433933,-0.06421098519205519,-0.08227433296547747,-0.01419143956900056,-0.03001963155573137,0.07572789637275575,0.06202095750929878,0.18506076067418106,0.16071655008332264,0.09414533809455439,0.13840377442638266,-0.058204477566521064,0.20984328333179567,-0.005872098895474506,-0.05856869485307132,-0.039114737712550196,-0.016618937669585554,0.13013907009803216,0.17285878286843812,0.08609403564508732,-0.20330729726632135,0.0004633803281468933,0.4868693848227248,0.11634453539725487,0.2235798578199345,-0.16526766928911885,-0.16555175387411722,1.006864093,44,Bexarotene_44_24
21,0.04344728745279807,0.09045878330403032,-0.08866982351339359,0.3833236972799351,-0.06658661108708974,-0.5458162357057772,-0.07774353304879277,0.13339290334390183,-0.2964799287905173,-0.10239107414401452,0.14090723303702862,-0.27833667468043877,0.07447643270450563,-0.23936456732017133,0.5148800360389456,-0.41937216172536457,-0.35964203997840327,-0.4097626318063687,-0.31279122051460573,0.28967469401584445,-0.36088971956446814,0.2721350662205625,-0.5753707015257256,-0.12872276464438998,-0.5454847330528086,0.170514246018798,-0.12878674348081762,-0.47209773454818293,-0.33221809234508887,-0.22384911985423947,-0.3281991826283564,-0.06382842548239206,-0.32664427416049957,-0.7182587329272895,0.42066821088431505,0.024078782525956893,-0.13792854923153988,-0.3725939139548404,0.505020360879078,-0.45383002375475745,-0.30810414959454135,0.5074464873706214,0.028496708895627512,0.00606382491718227,0.0560995864820908,0.4752525011531426,0.07305992596703931,0.014617510115901566,0.7032947764010914,-0.3720167977446398,0.39393686305855574,-0.04198086257606608,-0.23612510250299984,0.18199359636188953,-0.6078251208456066,-0.2058657008056871,0.3221905729615525,-0.09877279527516535,-0.24875970664050015,0.08243327091573659,-0.5409949089416295,-0.1817813677845571,-0.08973115052209141,-0.23537970919583395,0.09668381084747653,0.05678299378175265,-0.45507679817674496,-0.2076929254449826,0.0341692606569751,-0.012195124502165387,0.5314363825269768,-0.034719171287251965,-0.42812875862566474,-0.15745675524003808,-0.005549142439383342,-0.423894760566576,-0.21101279539775475,-0.4527624766611139,-0.05829410930439686,-0.08057052312854329,-0.6189081989793539,-0.18891210408486847,-0.00672405527869914,-0.009311910633489443,0.19249803270266122,-0.29229563055119373,-0.1905777646560996,-0.5114753436115943,-0.2613465888448417,-0.14593491151420207,-0.05022954015345266,0.03560701547935221,-0.08971943710057335,-0.0659095070501115,-0.12096340969445069,0.4615500562145094,-0.3376892436417728,-0.43928013867274673,0.06128736242630274,1.158082077,26,Bosutinib_26_24
24,-0.17107358798877395,0.026538560707993205,0.20762918086947557,0.2781683288863495,0.1284085020470464,-0.024910925291585544,0.01846063267283932,-0.37164805314601357,0.08544993038402503,-0.13391070215695786,0.29502695474693974,0.0875271690770796,0.3712317120579707,-0.0021783841609435187,0.1996736881528314,-0.2333936592170082,0.3249713311939156,0.3457277650666098,0.09898308143836267,0.032512315399467466,-0.04228851918752783,0.20114322582627228,-0.05804087130828365,-0.10826995697142079,-0.018426327857969844,-0.18937190904162735,0.11051115880680153,-0.025170691966278805,-0.06499137705531306,0.06502036942061788,0.13521380378149794,0.20446230969936763,-0.11740685036444969,-0.19476129857167046,0.1839409608523089,-0.0687436487751089,-0.01563193377363056,0.20338632693693293,0.36072197263286426,-0.00961918180895472,-0.017191785743609477,0.05298774003913268,0.09469264869590917,0.0064967339903568705,-0.09863796081024469,0.6039981008142469,0.07205632649253058,0.18091506808249416,0.27115058756742594,-0.4544515198969113,0.24256881682955841,-0.09927783553249708,0.045846891423834114,0.12516647551109028,0.25736003237144006,0.22219228610330657,0.04782346986701902,-0.18838989511742443,-0.15672362668819792,0.13023538036504206,-0.3916352864680092,0.07662352856112699,-0.1290665808842636,-0.20194308457464336,0.09882369818799148,0.12494925530151714,-0.10898168345292035,0.41077930721935996,-0.03454739516358227,-0.42370654761750703,0.17632345416778403,0.15252182928532673,0.10668650946134346,-0.03623230068385946,-0.003711395820816341,0.00963922791647496,-0.04655838843915385,0.3305631217617883,0.008035225806686655,0.27617879044336385,-0.019030979996384294,-0.0036722954092326767,0.11550444037891373,0.12946689845049902,0.09196646522632035,0.13640459025421456,-0.13043040934861147,-0.10089474572264191,0.1923223031615641,-0.008548619209564878,-0.01536333860045778,0.25865351590759905,-0.15467110620274668,0.2522553107993935,0.27825107148493555,0.01752348925296485,0.25295960349883356,-0.08267348194139322,0.20220530413828763,0.9066371104,49,Capecitabine_49_24
27,-0.40506675293942734,0.06684617962621915,-0.0005522432904741664,0.21009707264466213,-0.05003101034873093,-0.07320457597329545,-0.01072502873151819,-0.2910286017189188,0.02767881438565477,-0.16021032097226165,0.3026611139491666,0.04222234113855019,0.2200869949074312,0.04643164680314766,0.2504317140926855,-0.215112799855243,0.1941120070563631,0.1230416249975947,-0.03932306250384543,0.03243349763778555,-0.05003573103145503,0.25572630320140644,-0.23680722453676653,-0.015555395579546721,-0.03129129512905604,-0.013002532183122648,-0.1481222962749032,-0.2359998697480643,-0.12491761834305115,0.029213940264361613,0.07236513320222795,0.23605250512165488,-0.054307832853664285,-0.5013316813804456,0.4250984723158992,-0.43200199824361324,-0.07471182310691005,0.11035104372167287,0.4284551182973246,-0.0008865670400733938,-0.08196874887110822,0.13102564966695732,-0.017644764751989738,-0.006199446179626246,0.010004102105647542,0.38561333939156933,-0.057772114345998195,0.186772207506218,0.22604610532944858,-0.4237751882532718,0.36556574915224394,-0.1963919215940757,-0.06666716375206176,0.23985418330948813,0.10536453333621339,0.1427682978906775,0.0350876017635471,0.07514253470587218,-0.22157818095670534,-0.09375257911391832,-0.16739747465018762,-0.01198696119515654,-0.03880429499426028,-0.22855492073347095,-0.020225844852281627,0.09915776460123876,-0.06542338692964743,0.08996430289434942,0.03552249224829599,-0.34508725469879886,0.3129471289720733,0.14196427900231237,-0.1198850753167613,0.006116758241371464,-0.1464136366398392,-0.05479993851899729,-0.17640000479196816,0.2688587015579455,-0.006388169474843127,0.25493605421765436,-0.05104811066544434,-0.15418243044217678,0.21930603366848425,-0.33119761231387285,0.07137574259350056,0.06650225931387534,-0.14668078028230178,-0.13582521032012695,-0.040923156714182604,-0.07322954330270977,-0.0887950996660891,0.09890213694598293,-0.14750046148638693,-0.004316972414625596,0.5413719756016412,0.1771289295671248,0.22500019402159746,0.11193282196260435,0.06289202345562996,1.002803495,60,Carboplatin_60_24
30,-0.20490926049694083,-0.0033384330911175506,0.09738232048838073,0.11777432798206296,0.14661792580690572,-0.3406124681891802,0.04125401551605331,-0.07653488377247576,-0.041586501424683286,-0.15444241647328943,0.20157501915390919,-0.09528772125853373,0.3104595961758984,0.09524957548878266,0.08729369645963081,-0.055598893252280394,0.20653351610310042,0.3399951042398876,-0.06374113167684196,0.1384159112057238,0.12548117230728753,0.09924702943436163,-0.009153014528796547,-0.040625919827247316,-0.07378346011083904,-0.016703936224509087,-0.005338642709971563,-0.060727139068252584,-0.17364615906394507,0.07227470660489448,0.17051320216273566,0.22128464682070717,0.2121601823971363,-0.2087952804459693,-0.2857666478672118,-0.1578050604253007,-0.2162642573184745,0.1628137788465328,0.30592620688087696,-0.22149353915558978,-0.5016517371462178,-0.3243403953612182,0.09502464338694404,0.11089431998734088,0.02458261493529565,0.27752544564998516,-0.07801459249787498,0.07364977051718209,0.14172515564628363,-0.44814392642133366,0.16650524672807443,-0.08054741718446266,0.11609235535738428,0.0476394742021051,0.2100431676192929,0.06933589873460295,-0.15958994219897005,-0.08387072056184001,0.1690492057968042,-0.1500108801274189,-0.10072944019346756,-0.07555727727086327,-0.38851588751664146,-0.15251657293963114,-0.03382627882898052,0.07021794290668192,0.0891503240641874,0.2436235753686752,0.13545327351464184,-0.061127578124960086,0.036009835923791,0.4149946612342557,0.1392426152423852,-0.14575174524904455,0.03231217518890262,-0.05818990259938787,-0.06913498212428672,0.15292434827236775,0.036627899252483324,0.0884257938104911,0.005027452757362549,0.10937190692642566,0.07925320022211792,0.0366003072677654,-0.02650703391451688,0.08994427524990463,-0.15417848979073506,-0.19564065196883754,0.08216289859562581,0.075253218177999,-0.024871568858137304,0.09314044626709028,-0.12206836783545479,0.3764524115826398,0.2797494621708086,0.25735199736550224,0.01051530591651207,0.01806177013879455,0.15780999250046637,1.18,73,Chlorambucil_73_24
33,-0.04104245437609106,-0.18688179964394258,-0.22025431981482002,0.6135486925019394,-0.27939748921837876,-0.23609749592817408,-0.04656983708893462,-0.18415726279234004,-0.3170902443082358,-0.2238694504910701,0.033367707530370085,-0.15032459979790422,-0.20565474678795315,-0.45676450397910956,0.015028127633884744,-0.29763772942375977,-0.15023159063041167,-0.044674095064411355,-0.02958178336435761,0.37254517454586916,-0.3348272104798388,-0.3141970739204975,-0.46622794257634664,-0.18815499918999534,-0.09210170543111947,-0.386577781703463,-0.661808153518426,-0.558618825162453,0.31771550930329484,-0.13299729416945236,-0.19418478135528536,0.43038288753628623,0.044725713904409374,-0.34590875721842923,0.7768540969661882,-0.03281727209847803,-0.49371186297885794,0.2898128125256658,0.44297621100286966,-0.3224221937677322,-0.5609288681984522,0.2649659258163197,-0.1601037516089328,-0.05147362827203489,-0.025423040312758615,0.27431601657272214,-0.11541591790649085,-0.08946034104976829,0.4804785082269217,0.5530537880261709,0.20320705647622428,-0.05401457554601167,0.5542646086907652,0.29292648812157723,0.2475265665239156,0.10294366854825054,0.4660981366834138,-1.3529133657620827,-0.1213861717048836,-0.000637897247324932,-0.17912063836682038,-0.47880314776587957,0.08831767430270882,-0.40205320251268795,-0.13696064906405012,0.09007086386320069,-0.4396833968169703,-0.02815765788502997,-0.19362056626648724,-0.5323687155649799,0.10545233626171895,0.7893185647508841,-0.3225338304728093,-0.3055962655198932,-0.7295596666875356,-0.5791760366607529,-0.30564648161701957,-0.5137420885878953,-0.41475084523129807,0.17591394302604615,-0.16520606006182273,-0.29048157907512084,0.21414110514220072,-0.6635361454229832,-0.18123491096906663,-0.06483697878608415,-0.1771174674325355,-0.3968072502100701,0.03459298570224377,-0.10738092908303165,-0.2595211621927447,0.14203807136535276,-0.3155717618163783,0.6369230637216664,0.11113129200862487,0.02744722322455348,0.10479465991315774,-0.6778755554686481,0.2966880465473537,0.6257204361,64,Cisplatin_64_24
36,-0.2513864937248545,0.2134620969633385,-0.06132963207749962,0.21136896262475688,-0.11390651814032797,-0.17527334587449786,-0.015781730186372838,-0.15096630129215513,-0.11123791906295566,-0.12728985908759352,0.29054462163791406,-0.2303191369629498,-0.0004457974658951443,-0.25737665142365773,0.029871293000005756,-0.48305437027348375,-0.030676469393425315,0.1302713692552074,-0.06917524591883238,0.06459404297225953,-0.17181072651460325,0.2245047438998016,-0.341522705592532,-0.16191898782318442,-0.2578783393685857,-0.40792800918707345,-0.3434299728418971,-0.2161489931309465,0.3020661879708626,-0.09197417093813827,0.11520944140209344,-0.1806511610587939,-0.016478651446316817,-0.21314788645995045,0.024862974701555556,-0.12917303471963085,-0.3746984107896026,-0.15877014752260724,0.3237330893944264,-0.2629796368388839,-0.6446441630424734,0.29968456431491264,-0.015082488069757245,0.042589265631739676,0.2567062422328918,0.7205090636591641,0.15888776464543228,0.0541382949099844,0.17030524830665017,0.10351874389728864,0.08069693923093241,-0.05850710740154277,-0.009526737997179957,-0.6195174147254854,0.20376809881513192,-0.12691676548688072,0.17019651000107405,0.153311070927464,-0.44283327483942286,-0.13745455891278027,-0.27074278731831286,-0.09019382693872931,-0.6051461225830553,0.0003974781998031853,0.02548426001176496,0.16917325049204443,-0.17132377161838808,-0.13936733095289758,-0.06890695045014959,-0.0435902414134741,-0.22820243502489798,-0.020183635108161926,-0.31160905678897627,0.037318759266384983,0.1423454432860318,-0.20954070140359674,-0.16373220507853703,0.05239627334612673,-0.4066651666016328,0.04836369640786951,-0.09393752810817287,-0.03065205696122249,0.051009640818453106,-0.725656209570133,0.34062603030823174,-0.10012237436459669,-0.20626301213060563,-0.18853993426538854,-0.18067113172351681,-0.1855492123369773,-0.0046129513053999776,0.36564881973673063,-0.11545183214965699,0.07385804876937206,-0.06499789049305338,-0.09631979871238909,-0.2364151297774825,-0.13559093207473658,-0.1692283191912002,1.197718631,17,Cobimetinib_17_24
39,-0.21832041310640338,-0.007543896129492837,0.04689989701049107,0.24869202602648235,0.16221608026958664,-0.06514058493352981,0.014347525095711411,-0.09575498331219641,-0.0934668008738192,-0.21254534873315786,0.2952571176645582,0.0382384351874577,0.3792127986604914,-0.05318228699990337,0.16847500771516635,0.011370763545887489,0.4925634532309658,0.29777350108586287,-0.10345926191028193,0.025289586216922125,-0.11167312500543891,0.18771012542575938,-0.13369585796184186,-0.12551327883873548,-0.08311243082390231,0.05546044657869395,0.020075129011446497,-0.15377967670442527,-0.04165167735985902,-0.02713787007941805,0.10470902353155842,0.13375767937815805,-0.21523966116005924,-0.5719787030130014,0.2393268570100365,-0.12176068229150061,-0.055001976579099755,0.15374541448575466,0.3952229599087871,0.11498962700530606,-0.14517339942241506,-0.12348680554747739,0.041668796107914095,-0.04207543148884232,-0.14688877731753716,0.5190440364387425,0.04757276675176939,0.24222933220032294,0.38825183720276835,-0.5662462457630834,0.3270833900798506,-0.11357457408175041,0.09215971211476921,0.13812451688111752,0.24391271132526512,0.08798757564283748,-0.07060125333466709,0.13860028178574016,-0.12215626531807793,-0.17027454923063576,-0.07490996043344318,-0.018087439157818023,-0.12261434988245178,-0.1658269690589553,0.041006904558374684,0.23591066482508394,-0.08929757850553323,0.1262735318417311,0.03858923102882158,-0.09958001156313723,-0.25666827752415244,0.20353026456795975,0.010580082395762544,0.027064366959194956,-0.024883103767900216,0.012423687041275111,-0.09563569253978277,0.026047511834803774,0.0829397706528924,0.3742390708281594,-0.050575614575995985,-0.014514553121583335,0.297549653591688,0.14011808574526657,0.1840355990843179,-0.05098137511182369,-0.06695078302236823,-0.11967821104380505,-0.08891872554544443,0.060711517582170804,0.24175199510755105,0.22155116461578298,-0.1778900727155512,0.07077814392913868,0.4931832114082433,0.23078824550004795,0.24443375400849043,-0.14701341552839972,0.20446422143685858,1.270120131,70,Cyclophosphamide_70_24
42,-0.09249904305467034,0.08365270974942646,0.1420009042836388,0.36946107281946644,0.20210107216276776,-0.1502122794386436,0.11645355193440983,0.03778693914554476,0.022129468138901414,-0.11389023594689905,0.2749654193829518,0.054921155825494034,0.34034470301060854,0.12049084935960859,0.2746233330868508,-0.15853502839404787,0.35942258896721885,0.3437581563543352,0.07729658933819163,0.10164708648076783,-0.0779747063669225,0.28420169211685625,-0.29496019439265614,-0.17154977988882877,-0.18067734198204166,0.0043720673298203545,0.10452499468261278,0.05483700570929148,-0.005585227217430651,0.12006914900090909,0.16328091236104514,0.09377674022136535,0.18049196500785145,-0.42777747983543585,0.07355550139389437,-0.20662519571564383,-0.1406574188434552,0.09591336759081037,0.40678239429969554,0.009207868866100638,-0.12514511756723146,-0.04013521943925269,0.05946215309223516,0.000802697724438727,0.10439461073189642,0.34723956341429224,0.0361600628670206,0.19415214577410725,0.3417110891558948,-0.423602024960039,0.18579744499078435,-0.19637438725611314,0.10883465809845304,0.12332177191410289,0.12262808325650433,0.014167690848786052,-0.04094535180802191,-0.17630584282062792,-0.13692791437232474,-0.11078676281298701,-0.19108958782149435,0.05660844916264742,-0.08062307766808678,-0.1506995281018131,0.07379761664710356,0.11945101646344636,-0.09389749412123966,0.20393542347820878,0.06057814386852997,-0.2905465433740733,-0.12686575981428774,0.22743687227145556,0.07414539879917413,0.10457401113601335,-0.020764583652114744,-0.021914475645754546,-0.08591717187314359,0.2687301652251678,0.11786532163988833,0.22805593885435713,-0.08628294593047564,0.009752086514269398,0.23229242730507135,-0.05142546856891191,0.12200994487433203,0.10824230097917349,-0.1949557087249594,-0.06930718661095026,-0.024449575061091394,0.04317681774902468,0.01715229151227382,0.22882272491418187,-0.09667194809540643,0.21103353282414306,0.4037488084912971,0.15883382587842895,0.24650668947929164,0.035280374011707256,0.2224760935790737,1.050977513,35,Decitabine_35_24
45,-0.621072530775387,0.21094827692718116,-0.2939542787095231,0.6103691317731911,-0.39399506588015143,-0.41936183706844565,-0.13658043718252397,-0.2369019438027573,-0.31963270138633504,-0.17239564686777095,-0.03456064624791332,-0.6803903302092504,-0.16090601540352928,-1.0929202103274478,-0.5495727820454871,-0.5934853504128178,-0.5036201684065983,-0.44296517223756915,-0.013974343354240797,0.3040778190371084,-0.7735388227113384,-0.24129854747636148,-0.9690304669917698,-0.49645718884579576,-0.38060569727691795,-0.22983996546532465,-0.923140087136429,-1.0947094282100311,0.3272550343216633,-0.08984005930506875,-0.11124966902254206,-0.07441256164577492,0.33625354530264573,-0.2663667159457229,0.881566425917444,-0.154143964235769,-0.5765463993945421,-0.1700596877106369,0.15345583154989464,-0.6312298478754638,-0.6993379058382995,0.06589581888892904,-0.16349088280025761,0.2724737798335608,0.35915305618831517,0.20010987975747363,-0.26947484124289117,-0.24559842596200407,0.3628581360284773,-0.2770538434967439,0.2942532890668094,-0.05503187913060463,1.0894266493237459,0.10969941283514359,0.6505711171503389,0.11177328482920255,0.8310191536577356,-0.5345514319511743,-0.2565478237462755,0.1313144799892912,-0.4392559282342922,-0.4445798372987879,-0.2272709488406188,-0.24812311278386945,-0.28119479866602093,0.022716249655669866,-0.25416481369656363,-0.19766834739257155,-0.08193665077669512,-0.9058807091684641,-0.11715402692280265,0.6186679920119631,0.002583605649160825,0.05793760514875587,-0.09046952580454545,-0.23711973255616448,-0.4418740587142059,-0.17804901740804524,-0.2091687970189558,-0.1382782574875758,-0.5276560144609705,-0.06505675967370735,0.08480873612158583,-0.6178485653450257,-0.09802984136266421,-0.17354755672858976,-0.24423828832596728,0.008173169203629371,-0.259904059318119,-0.4134439106900223,-0.41379795288128285,-0.24208845338029378,-0.08496248738378959,-0.19012378694908683,0.07056520614931507,-0.14016631402135898,0.013792313721811347,-0.3316120934329825,-0.0002799747296464705,0.647118558,7,Entrectinib_7_24
48,-0.24944707298021151,0.27748728205351464,-0.06517641869831219,0.07090514195659856,-0.17048739135014332,0.029949427224269205,-0.030174125039345353,0.07718954987189046,-0.05881168100665543,-0.14694873348645546,0.269731013021617,-0.029203713329189227,0.28092371968733315,0.004094777634255864,0.26557914946353556,-0.10917538664338906,0.08694917482913579,0.08434460480693774,-0.14911070835136198,-0.1420843809350866,0.04275986014184668,-0.19682966525250264,-0.2470295920217698,-0.22144466925843428,-0.07760730533476291,-0.2599009508027181,-0.3206538992481939,-0.09063142931876356,-0.17311983775833784,-0.032043743910675576,-0.2005471890879155,-0.0722759418180204,-0.2173082943278899,0.052446595337965994,-0.030810188149064943,-0.06496363758311487,-0.1154066845705621,-0.043114793884739856,0.45009470245338107,-0.039994717783447216,-0.2625991622996766,0.05411249594960279,-0.15063019133709502,-0.2076814450910849,0.13027064565896931,0.33678490144581263,0.043711346622783476,0.1318614169202385,-0.1099418439335736,-0.4224172180169505,0.4359288140689588,-0.17127500044419638,-0.14833543146741934,-0.14220101409923325,0.11186304628988504,-0.0761418231160196,-0.20893302890249701,-0.12129162823569793,-1.020773582221544,0.3523711024757765,-0.2649919469129896,-0.013444570904304834,-0.4148115085693042,-0.33654841253932277,0.09079488518560609,0.11852411019121238,-0.2091757225191714,0.3784424212620585,0.04275291144320705,-0.08535466492635886,-0.15794095259661148,0.1912539440915718,0.039641768658816294,-0.24196421479221333,0.025572129440783315,-0.3446688789141423,-0.16856730693903021,0.2507542164187915,-0.12334837139112277,0.29018891617722603,0.05301019216181114,0.013696140335358467,0.23625675761939277,-0.06745487503642643,0.10677401083886545,-0.14279369166516173,-0.2609206877362327,-0.14159374614185521,-0.10315751313516773,-0.18181472848971278,-0.1764101504432324,0.13038174054508825,-0.06495444744585177,0.13373719289285943,0.09763163616340138,-0.24915916700761362,-0.00421614436287127,0.028295328123984876,0.18991485597562754,1.573701843,27,Enzalutamide_27_24
51,-0.8345344905649912,-1.088132318901948,-0.2801053886391841,0.37759880247649213,-0.47866737180875557,-0.36170593129107875,-0.042080394052851314,-1.4493180909353907,-0.5909034744108149,-0.3652668301633701,-1.9269344542388445,-0.7493479651274196,-0.3443019120681542,-0.4795265782431649,-0.5405172999492244,-0.643231917497451,-0.13850013508003242,-0.32067777533651043,0.35569476412751244,-0.06798468321776437,-0.26177221916268445,-0.5659663487572819,-0.41394861956189805,-1.0261420411703974,-0.6933251652560828,-0.14535149571997347,-0.10467996649798943,-2.715302412578952,1.0171553897991528,-1.700293954726264,-0.9908491762753764,0.805034171790324,-0.40165959022560116,-0.40262814291290006,0.8025732030473425,-1.5826516591057154,-0.6880341166967929,-0.6471608317286714,-0.3353445879051672,-0.4531651102537133,-2.6027118133750258,0.6878569945361355,-2.158062865485139,-0.4017784551217177,-2.302286123836895,-0.8445224808068862,-1.2180627914249254,-1.0152059878740831,0.7623969801567789,-1.5491364037781072,-0.37910166364718517,-1.6650465926169877,-0.5072860967525403,1.168296549423968,0.3629725617237881,0.11104584063374184,3.8915921337581283,-0.18575387588101824,0.617565106010435,-0.3246825863314863,-0.6764764089900805,-0.2148941615962709,3.1170244965915366,0.20603171142848237,-3.460961721223162,-0.5392852315593828,0.5827476062253749,-0.37147246520182425,-0.44986792743204174,-1.3253036014081432,1.204062796176116,0.8686993119567685,-0.4338176630268072,-0.936754791561687,-0.026902656413094812,-0.4660931209860821,-0.597125538780875,-0.15926812530200568,-0.6358232598295601,-0.6233655669879918,-0.7168714391511841,-0.05895479633883363,-0.4946426760114775,-0.30808950254386885,-1.4910411558969294,-0.6839311193305575,0.5380665520560778,-1.2595247038356665,-1.0877198360747595,-1.0300674341756277,-1.6449567982185567,-4.196959989683399,-0.09402569017703363,-0.8569466065563887,0.9123572174423726,0.46834505730719145,-0.5202119654482967,0.38395157766992977,-0.5652696020974032,0.683333333333333,63,Epirubucin_63_24
54,-0.22079504576132936,0.08316840408559621,0.09656148876519033,-0.152674979015441,0.344204666185511,-0.17561754297478374,0.013084023294768357,0.014242399616617406,-0.09873467469056758,-0.1466034910308827,0.22836464927715242,-0.049200618600468225,0.3729641265438102,0.11120376821125956,-0.005173273672104119,-0.03970129344227876,0.1180046898530176,0.35385272094126646,0.0682953486172626,0.14690231090774453,0.025547018444994407,0.3352661356523045,-0.08137092913426376,0.044692036310806295,-0.004497588813040613,-0.028424307465104243,-0.11783338325927212,-0.03947273131084231,0.11982206516817893,0.10516785399700602,0.05629366189046042,0.3038672301808334,-0.16955320915283859,-0.2892243608500704,0.0434547431281481,-0.23317111223198658,0.08501176858298225,0.17533031723701675,0.34274682162039033,-0.1731625903350149,-0.32617601154921133,0.1353131926423035,0.11608575297280153,0.0065553585640804,0.05459710715527926,0.3712293090372351,-0.022611304452147457,0.044773942163207896,0.33333649580668706,-0.4735985131609422,0.1926876890874881,-0.16587950866034726,-0.029339348329878393,0.03692973511417271,0.13995319752345717,0.07125297022916803,-0.002522563724876118,0.1958368011425926,-0.08049130325030025,-0.16472007492223123,0.021935362800679602,-0.018250630253435752,-0.4138974885901862,-0.15099256354275095,-0.05796414478554543,0.05203324025523931,0.0863186221289874,0.27472049820192784,0.125362611176222,0.02726091774366542,0.19420667057577878,0.006066701675166319,0.10754882010250673,-0.024221444837265276,-0.055205348254111164,-0.10294975444045877,0.013129852131414729,0.2579301715711581,-0.10041755395624248,0.2453887805516669,-0.08342217787795649,0.02982751322683876,0.0715494585804204,-0.02493809389414176,0.08784870521165188,-0.017049154128860707,-0.19248767542987724,-0.07736658412390653,-0.006731325776963966,0.003853950311819158,-0.021536041421492066,0.01814189685781863,-0.10477041118713848,0.09115437496544376,0.2522651716535265,0.224045692771886,0.04695244322985092,0.009449160652198335,0.16422315266724688,1.055416144,66,Estradiol_66_24
57,-0.2588625644231949,-0.18709713386247048,-0.3513598494385933,0.3791724568103699,-0.16472545882392223,-0.5058092797649905,-0.04603787921074482,-0.2203072629617592,0.1526505504970915,-0.12647037211590453,0.2862261056337501,-0.07132806526963817,-0.058447160302885104,-0.5062586473980888,0.1430960143426248,-0.25522647980675855,-0.34425582232446156,-0.1766021699006618,0.051761585745936665,-0.3068442285566702,-0.31029544912833573,0.0032097740234303305,-0.18678621520517713,-0.09940358270650622,-0.1620896765751643,-0.019891831801219343,-0.10820973615560094,-0.27562044538667047,0.05339968464063071,0.005045012761703691,-0.043324030462168206,0.060090796835274206,0.012781457444042603,-0.33207429948195527,0.35652613541286815,-0.11516816618050202,-0.03258609335731542,0.10065937641650562,0.47697868796299553,-0.288550008919962,-0.39379266493059956,-0.2830725100629107,-0.07193972281305834,0.00629680586444313,-0.4587047794664327,0.5717907669733148,0.011529176314266587,0.20578183949400342,0.26560634154290397,-0.35460936984533503,-0.34512136171705393,-0.2640101049168946,-0.13365512630548348,0.04531816284181075,0.31456606166835427,-0.01176973071857889,0.03777372762982357,0.010331668226738847,-0.14730280650305985,0.09274881966725047,-0.11922477535656141,-0.008362317421235867,-0.3706241717404138,-0.34293243339654317,-0.005290201878575818,0.12979023103467788,-0.2308495156847136,-0.16320992876989038,-0.2678700544873233,-0.38697281281085244,-0.22809612901379986,-0.10774499254113123,-0.5376829603941736,-0.2678624394568038,-0.39651608242577274,-0.13217235967507446,-0.11758138659870399,-0.4320452819473212,-0.2414926016246419,0.2962062213169239,-0.33812422883085597,-0.21483802336616706,-0.14910507681853313,-0.40930746861824213,0.0051355961964339265,-0.015909549616438947,-0.22098210950130678,-0.5995626931700696,0.13823465157621753,-0.13164072191884943,0.06463870724126136,0.129935969614874,-0.18618928019718783,0.4528762835118241,0.30800426233129025,0.22813776818138484,0.10828073679135243,-0.32126995790285834,0.13841270277387063,1.062148462,69,Fluorouracil_69_24
60,-0.21285823353457603,0.16108621103172427,0.09756502334509688,0.4197464569882566,0.2140934577093603,0.05487580126807426,0.06511566409525184,-0.41365107314793814,0.00235689861691876,-0.17434359875091707,0.2759644709162146,0.00737698029458411,0.3114718989813639,0.034979434959896576,0.4831044755403375,-0.14859412604067126,0.4183685476139288,0.37085578054643625,-0.1532994799963018,0.12824916941876827,0.24727809303763215,0.15796418443196794,-0.34546417266200197,-0.14876316787917718,0.04822640932766802,0.009802945836985266,0.1250844845533972,-0.02363038413233073,-0.4917505770073802,0.07536161501664511,0.23322912815939112,0.11190658938511017,-0.36501693849485833,-0.15606645198895114,0.07019725551435804,-0.29710842040210905,0.018619306486157283,-0.0646027344222285,0.2824549265556977,-0.09807035589870439,-0.010358356066198027,-0.3270963559738808,0.15544440147960437,0.1667806701250412,0.12820573579519493,0.5177414376850961,-0.0546332969497297,0.08473397920278376,0.15171574703363003,-0.7771947327438898,0.4113853310365205,-0.08137258330713378,0.0662668732652021,-0.17771244079047474,0.1209332137729812,-0.05924290676073738,0.07751601771837995,-0.0363813766509142,0.24916443169780725,-0.8662746664810409,0.007527175993035391,-0.15518535443277726,-0.31675069190686345,-0.001958353892628333,0.01505643925906651,0.030410779170488136,0.07378057380657792,0.21621173738465674,0.03835997445304287,-0.19444971160595168,0.2487168024845472,0.19387550697027237,0.1052753624394089,0.020897817149357303,-0.032205759341713686,0.06582793724369619,-0.04103832086158885,0.28066562430274306,-0.17961850502262974,0.15716247781846024,0.056926402085203866,0.0031843255509752346,0.05121442816862815,-0.01946555069461911,0.03097299769347006,-0.007741804827420651,-0.2724820591304112,-0.009501486144127916,0.21212826837138343,-0.011999403232384276,0.199350937278831,0.015610836468856975,-0.19484516193929444,-0.03885866027909194,0.15159230596006637,0.2516260085125829,0.044128481421649685,0.19391043071218692,-0.03372202550033987,2.384628944,42,Fulvestrant_42_24
63,-0.02513288002441709,-0.2607149836583622,-0.0360381980185479,0.10815675895789079,0.028638788722817332,-0.32076866500906953,0.029125528735147153,-0.1809180575372158,-0.08207877710703414,-0.07811942333322498,0.3237519176674682,-0.0006978980592006259,0.30055943092703336,-0.05659507873352071,0.15776085361311695,-0.24091616213656816,-0.13172259407480122,0.27351267431553195,0.044521017212118284,-0.003895154828088916,-0.07918882187972316,-0.04788744375792824,-0.15273338834378092,-0.012754727182582581,-0.003774048184223555,0.03234771804199387,-0.01778757334962407,-0.05443504047937028,-0.011650126361203328,0.050399482587354584,0.15761121212882317,0.5245349574178677,0.1659662537316378,-0.14680240294924451,0.4028650310207191,-0.17335780862903497,-0.25583675557641006,0.17324371146644071,0.4567991698295173,0.06332114843354868,0.03846704331791654,-0.03187861074412392,0.12108926451594655,-0.010934754189103354,-0.5675842575666125,0.6010898640113661,-0.07632517536371758,0.23109643400536262,0.2837206565575628,-0.1309521963915284,0.04139957140983904,-0.13024373674358905,-0.00164408288818547,0.24328380925379525,0.45116397309689965,0.1993898046125735,-0.011282084102160991,-0.011535841961788806,-0.11705815652193607,-0.02916554737903525,-0.12548978301468441,0.07043854899119319,-0.20230982247206142,-0.4465453590698725,0.16887284073840045,0.1622638878496604,-0.20084919925209554,0.14814541189517647,-0.151877830782721,-0.4325437520874245,0.17672876649311822,0.1324910427316288,0.04893452534197288,-0.06351037687715992,0.021973459831047034,-0.018487238086248317,-0.0716108322361381,0.1294351244161495,0.019453611656396978,0.21854622078718655,0.31096031901125665,0.3850811214240706,0.13804078517568377,-0.21919305746278173,0.1521685150381986,-0.06610578138081989,-0.1051519924082721,-0.706782816327566,-0.01889771034832688,0.1547894819118296,0.11328428441358145,0.14109242753285955,-0.07238553606067204,0.4497813964616549,0.5766474775852303,0.43253517745245434,0.13910374697469466,-0.640463326996251,0.0909663581904741,0.8280740644,56,Gemcitabine_56_24
66,-0.2745550631885065,0.06979039949665006,-0.04010381594396584,0.16318045561567648,0.11552516808632618,-0.010591480668955905,0.06710164827068328,-0.21720355960775475,0.09138124945280733,-0.24937414775372715,0.3577315961201381,0.06576185191555774,0.31086479068825595,-0.18992191546231738,0.09204204252611477,-0.23430753111720884,0.12462447082187807,0.1303713945330347,-0.10684453361697079,0.12149353699916177,-0.19894489089694423,-0.12351807447011039,-0.021071620893500898,-0.12143489456179384,0.041571051268295155,-0.1794857059161559,0.04061850619279649,-0.04550023992390915,-0.18825179302676262,-0.06882743749145852,0.12048568534631705,0.16708919471942507,-0.17463932239348665,-0.32938729303099984,0.40282185379759167,-0.06558041693815876,-0.2834164521366028,-0.07640793051779875,0.5571824810267542,0.05179935374630853,-0.15685008673732817,0.08954870470408242,-0.04577924115465693,-0.026587152276291215,-0.047512657163484316,0.40644546226865413,0.06952640784457442,0.3272402239100334,0.26481387520885286,-0.5977759638159783,0.1453707250936761,-0.2495585595776857,-0.003639483095409124,0.11663418481430025,0.3231973441028745,0.07247880783890653,0.08390012470321662,-0.6416431573400264,-0.35641079715130086,-0.2299007386016704,-0.053264012945139085,-0.11930226478370241,-0.09640983371278182,-0.2639939843220416,0.11499630735963352,0.2504805958712562,-0.07825547270895823,0.4218382014073729,-0.21719695392560115,-0.2137131593904493,-0.1586811421385937,0.3072687803173006,-0.014986066934977551,-0.09437856265755618,0.014598606524497371,-0.1925271024741292,-0.13961366725929245,0.1781744146107632,-0.02103083069102729,0.22192185589642452,-0.05716854879310925,-0.18665740516356752,0.20670448517383977,-0.02452261190182529,0.16841616781877053,-0.24450427641251196,-0.17108400993727382,-0.3077790626990582,0.15847624189542855,0.09723637248295859,-0.07394055662136147,0.3449345019809174,-0.31123435931279664,0.269262733344744,0.32446720493785036,0.3416287053343923,0.19897887686630614,0.04555598408937894,8.728380599694792e-05,1.302756753,72,Indocyanine_72_24
69,-0.16275337275302854,0.09016091445574205,0.0736202335645651,0.20547250028993047,0.0797005510854526,-0.03918246122268176,0.04468360672495484,-0.13986314326401839,-0.149621643940077,-0.036150733909667936,-0.04187434065819173,-0.09269764244672729,0.19980294605294946,-0.3253655829307829,0.18060736355812415,-0.22497531989851516,0.09363069443094453,0.0004452158292723903,0.032868228144047454,0.19723128323379155,-0.09608774776002409,0.12408807294432227,-0.3299237474968916,-0.14098193760868752,-0.05902816402159219,0.1971334215959127,-0.09460752791617856,-0.4691141523546223,-0.059563420370126935,-0.11375631059914504,-0.10023589106324877,0.942990073444966,-0.0023837478636695025,-0.5374136846171167,0.39881980607426787,-0.10641550971086218,-0.08419620160289353,0.07710613581297977,0.3157496219101073,-0.1773077408657492,-0.9480089771686124,0.3636673745903202,-0.09014748417607771,-0.0069082390373490085,0.02430763981121011,0.44679511760523444,-0.10963152520345036,0.05404496987915936,0.311628943657922,-0.12154323189966199,0.1215028371440466,-0.07217981978405101,0.22264686054527402,0.4138468097281818,0.19280407798137256,-0.012855752218359459,0.07255783038039872,-0.16390901462057858,-0.09051757037627305,0.025996338364449326,-0.027614964748546855,-0.29498255315448735,-0.048485303550560015,-0.2921138537504952,-0.0711497871332359,0.10109802354637203,0.014518680653880067,0.2591002094317552,0.0857904706087921,-0.630595464637309,-0.09351077498110523,0.4097216662550669,-0.2575251081854861,-0.0729560952842679,-0.10513946513077177,-0.2526872099048262,0.04002310894477985,0.04106803051731555,-0.12972109586710792,0.06457769588361216,-1.137853017742018,-0.13646135163024906,0.2537724651542041,-0.3414579066752062,-0.055683277646964714,0.03008810057100179,-0.12613113740764428,0.14438120451097847,-0.27215940465587035,-0.09581762159572409,0.08146461988866498,-0.14256539004213,-0.11649846494272609,1.1128617036631383,0.19225271194283644,0.39932530187935966,-0.09033727237723184,-0.31538322932567775,-0.10848699617155948,0.8398241206,31,Ixabepilone_31_24
72,-0.10527574488746427,0.24314393388835912,0.16410425880814483,0.10865540237900502,0.22578155407403136,-0.09747900802544379,0.029941139213881512,0.09291834044881882,-0.11480371979650343,-0.09552653116212954,0.362663375617178,0.06763202490494981,0.3753985424688837,0.0007714543274749038,0.3505447243693507,-0.06798624008096273,0.1873661986466493,0.27685483659102267,0.06475914224363925,-0.05551294624791036,0.13827411339420584,0.23839200099577065,-0.10226785392148917,-0.01498907254739417,-0.11358105908037212,0.11929492373404367,-0.020313712000342928,-0.09847782021521001,-0.12109133911596716,-0.04158835055519845,0.09289277936145485,0.21919328579863084,0.09690528479905773,-0.08017117642189818,0.06458413009850823,-0.11745603919852125,0.022024537400304856,0.10013775134352336,0.5577479049357962,0.02741891434362365,-0.12820424275106926,0.17845377025128398,0.08524618570603694,0.0738593526187404,0.08433654925426119,0.6205456618202243,0.14131884036158734,0.18474533824082662,0.1357380413423466,-0.4515922635213112,0.39583036495020285,-0.12419367244532263,0.31793334673130186,0.1056469327064578,0.08881428873238605,-0.02502721051810977,-0.2624057630918643,0.06750960002707561,-0.32177891717560697,-0.06945880940102887,0.011554496241928919,0.05054409876623602,-0.19872069342592494,-0.15062322740202624,0.07331788041826114,0.24159377739122048,-0.03130968831218919,0.34320521027601697,0.06525444943593968,0.05019026047707017,-0.2648674445952101,0.20993989005661703,0.19164472157930104,-0.07114668404853088,-0.05981188196882483,0.03358887694634469,-0.003480340154509496,0.34410169983724664,0.012276293206757142,0.35928683377599774,0.21865583241947073,0.05247662622458158,0.10800175010079781,0.084255518768444,0.16166379345790757,-0.012553052608524046,-0.10739987207446851,-0.2729325555537849,-0.1028396034237367,0.04350780947986475,0.1154243204120496,0.06382204648784597,-0.1329982065909272,0.2816974237217365,0.3603440763087271,0.11828942542197995,0.12933953612700486,0.00339868221586045,0.26259310818684367,1.688846641,12,Letrozole_12_24
75,-0.3439034182114189,0.01312933897701177,0.054737280583760234,0.25168361155316993,0.1568187783349985,0.003954074300273623,0.12574994324881758,-0.09309479288734762,-0.11354646620137583,-0.22305396319568183,0.349643935297611,0.08550050253130885,0.3390079025748805,-0.07152263454023922,0.30398277429211995,-0.1231136120261147,0.26563497792203855,0.25747821606388066,-0.09830811528131662,0.01667254152637618,-0.006851459113079865,0.2968098308009017,-0.2681731344138258,-0.13027881161696298,0.15879735636638562,0.02800100400588609,-0.052304815702045815,-0.15207701097151025,0.039836482408386,-0.056753911468828445,0.15580764217637053,0.08700812010377144,0.018425960002998436,-0.4956018167263559,0.30661910535223597,-0.1819591852204864,-0.08776860857364747,0.22930195914113027,0.5456671059139798,0.10342380744169728,-0.012764245801581281,0.0840871620962159,0.014253311803711276,-0.05488977630546763,-0.09755154847925325,0.48588134849756676,0.1447838490760266,0.29897920922410504,0.17557682435232566,-0.505617557568172,0.28493344589979536,-0.1776354833521345,0.024800852033433768,0.2991346873713612,0.37884272679586317,0.24478663838762257,-0.03583001297800908,-0.12454811137644396,-0.0769077429070823,-0.09679612586812225,-0.09391866095616251,0.06004612929620651,-0.08471973293981362,-0.17773136354419727,0.12275291576869644,0.25550507331275363,0.005499970635237575,0.06895681994345115,-0.08233423660155346,-0.5038338548318325,0.07541177806321996,0.34971359446835243,-0.06817366579626254,-0.007728123711049084,-0.0014190902924543503,-0.008852468027261853,-0.07262288037598097,0.18328961655353668,0.07066810601360256,0.37722138719200093,-0.05623650355445858,-0.09026074033193089,0.33608059555120046,-0.2996659773154228,0.28239040778103447,0.0481042695270933,-0.16513449088918952,-0.7747145014462568,0.234250780657444,0.15503193841757573,0.21750889541049986,0.16796911612294818,-0.24869168073088074,0.24598306927431746,0.2867762992781886,0.5214405064413916,0.28566095665414165,-0.15658494702948808,0.2277771939074065,1.271161725,71,Medroxyprogesterone_71_24
78,-0.30688934707942545,0.044244139544907274,0.07462130676201051,0.1938128538803483,0.26117588613188025,-0.2470089077961778,0.0062990942131999255,-0.0028909798934709055,-0.17879032798829764,-0.17010814022424817,0.16340281017974342,-0.06153408757413641,0.23952120680203057,0.11489796038273825,0.09910735940206239,0.0028806073531826757,0.19215874103976752,0.38303354899273545,0.043117991630604875,0.0711348537893547,0.1919381099286138,0.19161646088266449,-0.060856762574114875,0.1367418443376775,0.024595678163203936,-0.03110424932244747,-0.001581226237368875,0.14132147052314056,0.10279445870219767,0.009929093942511605,0.17994254453834282,0.35616523644062265,-0.05207280942672349,-0.2589288702658678,0.1068142405567356,-0.3257719631800027,-0.038410800458053306,0.26445448926209675,0.1594237347198099,-0.1008787862286682,-0.031020333269373812,0.15816541932680708,0.04695548990935213,0.05215578367728906,0.003341572577144278,0.33419240160316477,0.03896377544588928,0.061736511877821205,0.16893629417982522,-0.44261060228119686,0.08333542106357435,-0.14353500676830191,0.2441426737365545,-0.0170182790860644,0.19189739887779647,-0.009793314620202623,-0.08311470875800973,-0.00860598551542778,-0.01011321257607035,-0.3349633377150641,-0.019170474399586745,-0.08899294618252422,-0.2701735208818408,-0.2544513583983489,0.014216340183770396,0.05633719446794446,0.024815833425003223,0.35136497037580555,0.05385176315929921,-0.3956050619003211,0.2711688632588561,0.15953204662855627,-0.11954878951166721,-0.03870653961431603,0.22857932916859713,-0.09067164229596318,-0.05998417823958297,0.1796146776737504,-0.11998045115146143,0.29201017733989887,0.0949313047990948,0.13949977523836163,0.007221139838602397,-0.2855508022606565,0.06447561174481313,0.04841079175789246,-0.0718500794184788,0.12916680074429968,0.1902730265784008,-0.014054129061919607,-0.00123925837679927,0.0008976515136973109,-0.21188754042057645,0.12966913651436243,0.559674686887934,0.1999180567755728,0.033737394358289985,0.11848909031674114,0.05622143505869983,0.8227728983999999,68,Melphalan_68_24
81,-0.14759963273816215,-0.14185982074406242,0.07082190827186298,0.2465987921290375,0.31695764504024965,-0.03371516380156159,-0.014925285663114614,0.1153877228408447,-0.11645355399863848,-0.21345114237346088,0.2966526287748675,-0.02085883702279052,0.4867929209306876,0.06179837766406876,0.11376281107394674,-0.052089371079877635,0.2928916489357894,0.43273388732170154,-0.02979522597818567,0.18056409867717163,0.19299942129872108,0.29286234799962046,-0.10096235529013088,-0.0007962509646419503,-0.05074870186067037,-0.0006358726326004954,-0.06743795166662689,0.08753658121343023,-0.09298042714553778,0.05477288771864183,0.16026023975508982,0.40032764506584656,0.07074082662893352,-0.14809225525629982,0.23267391199501053,-0.30414822554782434,-0.1283557579741006,0.23400348178200625,0.4735830812024502,-0.15628200771628453,0.09659843229326807,0.07058247876179063,0.09430260094211851,0.17194342437815913,-0.387535407253089,0.6378350588597806,-0.08573068879594126,0.08048592152326746,0.39918693048334947,-0.605111666133737,0.1084959193159124,-0.06252932939308696,0.17818860022996508,0.18530373698463784,0.24162188462542733,0.03310589307185846,0.1274047608524341,0.0003007168514298775,-0.029345691632565313,-0.1904397829318509,0.15084032479292223,-0.06719768652217555,-0.3349769419866173,-0.28409270350921545,-0.2026509974264128,0.10776070331203819,0.012899238479145847,0.08855971766696562,0.012968744624274673,-0.22420871579137966,0.09886955453147644,0.29972964398798846,0.11917810888393889,0.1532950642500595,0.1708094691578116,-0.08162976690585903,-0.062494264121848386,0.14589656402639004,0.0646579658166611,0.35397606909613727,0.060862725050708784,0.16966522152459299,0.07260119260100024,0.023523038897119878,0.11158686481538416,-0.038663150135175184,-0.14623314100230472,-0.3701579195049143,0.123194381311846,-0.0763219840834806,0.0553730418477796,-0.057896510489587154,0.01716995000583166,0.280426772954066,0.43592798690747797,0.17152124178187844,0.0334018800704599,0.08989770387980378,0.11754821832796121,0.8091802593,74,Methotrexate_74_24
84,-0.06200059406609718,0.010018813938823605,-0.42612195287498084,-0.23613651331580482,-0.19791374782905005,-0.217027734236357,-0.3416090794761792,-0.3144387928674805,-0.27245139704991483,-0.49082361016712456,0.22282426519828272,-0.16828536735405975,-0.1595241315942078,-0.2706020325444894,-0.0716635405204448,-0.47214069483809284,-1.2046580119884922,-0.2211992079618508,-0.8501010942157782,-0.5783421651051319,-0.615366829941074,-0.07753604874923939,-0.0046847970737780575,-0.7655665994851354,-1.1248044911893869,-1.027468041493867,-0.47985295735353417,-0.24204224605588648,0.7709746930444996,-0.1395954972064088,-0.5536105813983704,0.3918495983256011,0.04778688459115047,-0.43146114955379833,0.22783647901693913,-0.34931081378724926,-0.0912293664153479,-0.1416707467310368,0.22439532921242616,-0.1435930151585709,-1.3474289805276616,-0.1006585627841727,-0.16940893863435097,-0.3297729005359579,-0.13370100952364464,0.4461446167833475,-0.31868727017832044,0.04886272634996831,0.012037636353989398,-1.4856289358555699,-0.07722562067422359,-0.4545408715367658,0.09473031775420707,-0.5777559684947695,0.13071647692947228,-0.3753201172761356,-0.25603717782011437,-0.543592991378387,-1.622747965137524,0.030575595154562152,-0.5818458976190762,-0.0603992574465754,-0.5045365150700031,-0.5592788573307228,0.06792142850196206,0.22232820563308736,-0.42520508888871067,-0.7068988939052763,-0.4857855987857954,0.07359576665776302,-0.2345251533108555,-0.23779883810477623,-0.7585475424742718,-0.17092909275987483,-0.4815856707103171,-0.4300711942145074,-0.4488745229836376,-0.5344574609540313,-0.10721343561793883,-0.4521821090169289,-0.41437850890841077,-0.15253643916515958,-0.0966964815018692,-0.7474177305952651,0.06774617515117136,-0.5368243158689971,-0.3278668389728989,-0.7658326749986404,-0.04795211243265815,-0.308852609452992,-0.6552988250743718,0.4071874606643018,-0.38304493458536637,-0.10118381459661657,-0.29741827155458356,0.7124849427929695,-0.113804112455698,-0.6693630942847326,-0.44303635875599223,0.0148766666666667,11,Neratinib_11_24
87,-0.14732879022090534,0.14638377277338108,0.043276741435683615,0.29228979262909904,0.15616384319411059,-0.011033405246620701,0.06280870111771626,0.19833191618032084,0.08509504697858865,-0.11013051537525209,0.3115551316055249,-0.0019518637602687426,0.154502335542706,0.00970437529627624,0.22210928742179117,-0.0283753469154929,0.34991495387026356,0.14301402255452383,0.06275026235345903,0.1573124958037421,-0.00611573145327923,-0.04839140598846824,-0.025925534327220067,0.05477459359250746,-0.07582022595571364,0.07943712760714279,-0.07378575970251089,-0.10602496495584386,0.1261363521081477,-0.00264792726403959,0.14771197541055922,0.04387907001929515,0.018944608840388996,-0.11469393680772504,-0.20054103092263506,0.06947578345099935,-0.07991873320823846,-0.08236560803390278,0.3443170115827092,0.11959445765567416,-0.1554772013405785,-0.17758070163169068,0.09492033970476481,0.09698461266573612,-0.059648149444649134,0.37880585458939636,0.05155900430195756,0.1339156960544069,0.019134638415479435,-0.5576504044911266,0.47379623742061566,-0.21771613516139535,0.17999481690408148,0.19191032148395884,0.05536053745567898,0.19364398633738214,-0.02360110220445068,0.08962177334918704,-0.3171891141592493,-0.10450193356217878,-0.031376656491109135,-0.0819117712921918,-0.16055676418479203,-0.2508536499762501,0.0973816728404918,0.1671795593748754,-0.1586008280123393,0.26107744511577946,0.1698973244062657,-0.19441665915689943,0.14708843050961481,0.23267911797335297,-0.17976784719473646,-0.12494472427754351,-0.08212892320923837,-0.07199387650474577,0.04359866837999279,0.2174716449021091,-0.07608531144173325,0.34186878143535404,0.10986156683065022,0.07173193333218118,0.3171721838703954,-0.17081239591675937,0.08882260656132264,0.002218471215219444,-0.154516290110568,0.0064932710065448524,-0.15118695424979695,-0.07586109028889411,0.03706246937827821,0.19148926072243902,-0.029557386297253945,0.27282565156912786,0.15398261391160284,-0.1565394454877862,-0.09318044407496978,-0.28911893476660566,0.26340753053261784,1.9550063370000001,13,Niraparib_13_24
90,-0.17835356396291702,0.11138512310228006,0.0589765925422708,0.3358500727892208,0.07157001022224495,0.06535192170842855,-0.0010357856466590802,0.03686277506024044,-0.014604238017578717,-0.13254161775019382,0.18083042969018773,0.04650979228640247,0.134985076966572,0.20326690013964485,-0.05729385593804076,-0.14908816750458379,0.03620268894738107,0.2549167903497526,-0.1947553384715863,0.03571075133825093,0.1753875801878959,-0.16306968241379924,-0.17911478324493157,-0.1598610768106627,0.0907500190034437,0.19537790815480763,-0.06063948405093853,-0.006983763073154336,-0.09719938739598044,0.1660562525654573,0.19363893700798296,0.24339628971164096,-0.1763903083953288,-0.0760318754851629,-0.04841824367171552,-0.06421890501396876,-0.07607491973264546,0.05838263679139349,-0.09217318841340794,0.029306679095497095,-0.15344458510668976,-0.2952914829634106,0.03443786662769847,0.096538117920484,-0.0017556298911798052,-0.02642239009414347,-0.009355569168774234,0.02718621903716253,0.29364396619173677,-0.5635939887752842,0.13456185274364477,-0.06673598024115474,-0.06723403523655204,-0.005224412696246332,0.2771195921697034,-0.12539368097290424,0.024735163542642408,0.059987030098323214,-0.024048326995772546,0.08523197496289531,-0.32400608796864283,0.00594508409047619,-0.11984574142663991,-0.07280609251712226,-0.0072477332929632085,0.12973262696136165,-0.11248972083409563,0.33894783676183754,-0.048765601779498284,-0.18959600535317908,0.27306939568305977,-0.01336588719879514,-0.18709699269993205,-0.036176990374395084,0.027374952767890124,-0.030837526219961203,-0.0016133331101049568,0.19510519082783248,0.014799474592737246,-0.24237715689013628,0.07056231178656854,0.06348667793686945,0.07689837021278902,-0.086758120604624,0.08195051625852952,0.05711078419658192,0.00019679191884431602,-0.09816497239451367,0.015304303272331024,0.09928068064936689,0.06604865175396397,0.05380205875272177,-0.11748012488565478,0.1285066846103519,0.3982788324255957,-0.1282813985608534,0.07856008778118627,0.2826359690647313,0.22281744085181768,1.00126742712294,20,Olaparib_20_24
93,-0.09269296001272875,0.243255031847028,-0.07857424321271025,0.16452185194966454,0.12496328678241164,-0.27395423601425345,0.04618171322841821,-0.161214580906325,-0.23661091849434643,-0.16072035738157855,0.19928009751833145,0.04899617896575211,0.20388228627653468,-0.08080324394679335,0.22725443578531682,-0.21171903864656572,-0.03586090925361202,0.04364973703524478,-0.049643774154220964,0.18608864756335128,-0.27342208322728184,0.000323642215526813,-0.22785462688909708,-0.2949084297114663,-0.12567391096007322,-0.06508329806062957,-0.2324970954965647,-0.30924955315591546,-0.02357927056802273,-0.022153723407295,-0.044145874171375964,0.24682647670849622,-0.0737465807327382,-0.18037338542793957,0.0603734234883998,-0.08329048156246668,-0.07920167620452395,-0.16350264527452943,0.299305227127098,-0.0015407934124351725,-0.29551099457486063,-0.28738403990140665,-0.027386797459325502,-0.23773903916708483,0.10053509032755625,0.5004376167811955,0.07936927052376326,0.1523976881505956,0.19889687033491185,-0.548330087804971,0.35651561015968986,-0.13821851185881168,-0.3690957974699513,0.02390054025809288,0.05254751835622806,-0.019681782693737396,-0.027959691869337704,-0.1362409331933543,-0.4638416921155654,0.03255464295154271,-0.12383160100805395,0.023807103567930487,-0.25492052505505003,-0.22457467333062017,0.03072971163256379,0.19061431500798795,-0.11332055036827328,0.12518034638390999,0.11494611714466922,-0.24396102868361588,-0.09663419066838592,-0.07368625642014959,0.06371034160960179,-0.24502514419481577,-0.028188138336699003,-0.23538446208439545,-0.12268229026306969,0.2884235650914969,0.20901721047299957,0.012812987534233863,-0.07795376754500571,-0.0411052440893876,0.17109409962161817,-0.38223378481140907,0.08315738090633125,-0.07272653086022893,-0.10209919352448932,-0.09100400946396271,-0.11017590686013412,-0.13167026142178806,-0.5732661856875919,0.08795103111889395,-0.11420021740394797,0.16085036612826872,0.16676538011562056,0.32552176127200366,0.022333753435222054,-0.20792965107022274,0.25721049409382357,0.9288107203,30,Pazopanib_30_24
96,-0.09987040367006127,-0.2305993611942285,0.09887361710588703,-0.056551516467665874,0.10522076578267915,-0.08605442827449429,0.07902848630348039,0.1753539727374438,0.03217790904290891,-0.18509329954849826,0.35886840858374786,0.06557068494734783,0.31420921064701673,-0.0673962503842751,0.3770756436379333,-0.3087202548394772,0.013503545952179175,0.18025776870749363,-0.08777460762227857,0.019258254481386124,-0.03498381965134956,0.21454657966627444,-0.03647876154234448,0.005396286382371916,0.1188295773085634,-0.07157200263262613,-0.04525775848742546,-0.16726561663264838,-0.1212335823799826,0.051220401376767116,0.2621212291376938,0.14007311205031994,-0.05394836288554133,-0.29369264116938204,0.31470704254144727,-0.36068388973922344,-0.04027299316589184,0.35494588544025724,0.6673137553484295,-0.005710407294307653,-0.44338156381044874,-0.05553726511271261,0.08234867342870429,0.020610731810448566,-0.5014033107654728,0.44584591132225954,0.09084757959583789,0.2656842621067157,0.2693839122566488,-0.501902684659019,0.3518876205805144,-0.09863527145383554,0.0741743353342273,0.23373121864848756,0.4218149734602081,0.01490192889159389,0.06681151320159072,-0.06341820794513538,-0.42011070598923156,0.05265724123030884,0.24002763389735668,0.0628213787566808,-0.1668078569089777,-0.21727469780454614,0.1265140574504236,0.19530829917173276,-0.19590806830664595,0.18657562672098157,-0.08345606091536191,0.053409611302335125,0.3113205487538107,0.03668838958747896,-0.19491366119319395,0.037621645464116484,-0.15311543931558577,-0.13196359139622818,-0.09659196077943766,0.29269785655917063,-0.06585015224405147,0.37551872231258465,0.20194417039834564,0.14991741510855516,0.1384908100074487,-0.19622277727208934,0.15544554494242116,-0.0629001503219229,-0.06776916866306953,-0.7048164165475445,-0.08242589518171621,0.13541674787933347,0.2163332174262571,0.03574269699942329,-0.16233954247839721,0.4268457956821862,0.4973158322728086,0.09508408870705108,0.19485538413248138,-0.11023655553829474,0.15481159877443804,0.7184117718999999,40,Pemetrexed_40_24
99,-0.3040090839755685,0.08784184950754235,0.07589504516660228,0.10076474813616959,0.16694758746287153,0.036267968378026205,0.02510316629526398,0.05487571806541055,-0.2407600733619795,-0.16276562641182443,0.2841842540108402,0.03346503643324717,0.3754981056351466,-0.04966343749660842,0.2657891681238893,-0.13920502716110184,0.3349126500317832,0.1736178121524511,-0.09678210177565733,0.1746518583305744,-0.03453584580114812,0.2994746861939305,-0.16675671253757204,-0.18819417978560818,0.09376799388466284,-0.11108009766457012,-0.008525099490891502,-0.02975070847621276,0.15453800352330066,0.05531799408831711,0.168675484091418,0.009826703980423457,-0.05291961169127441,-0.2490130079113325,0.269423512643361,-0.10098044605221783,0.029364935567207467,-0.17458547779152864,0.5513711071127022,0.023894188844895886,-0.27920913569900513,0.09416846773775922,0.09199214624760042,-0.14826064839642272,-0.0708866991890475,0.38569204721677625,0.034178740970233545,0.223882378238878,0.25236238437520275,-0.3480249226967815,0.3168369140277763,-0.18517140858393555,-0.015529632307387353,0.09328861817062596,0.09796550318852448,0.10628021010353884,-0.01835866105491076,0.062400573509433295,-0.5185965884817807,0.051648290642022116,0.031460357300677234,0.010176453559207838,-0.14209027336399574,-0.22760091189302245,0.0367566970392156,0.18903494370254614,-0.08850865306230847,0.2146565382485047,0.08962436246233967,-0.3601349762176804,0.2954679089795012,0.39626707142178014,-0.11302457356706425,-0.2191571988971249,-0.09579312132481688,-0.11444172909487965,-0.12328247811991615,0.2268668362910773,0.20579510576248597,0.13782989248358335,0.0012840772928759496,-0.057805992757473036,0.007297675928728801,0.012754271990950444,0.1568145265019102,-0.05009727119463558,-0.19741228413470258,-0.2831542755644135,0.18315339904135533,-0.033900772187549576,0.08877642146735447,0.36498241706332885,-0.11960998251099479,0.04068513732956314,0.5706093256897838,0.33198098054262837,0.23786992101294735,-0.0888933262046579,0.19967566520034438,1.030784764,25,Phenylephrine_25_24
102,-0.16346820162707384,0.14467772001955806,0.04885051171964649,0.12743917935952304,0.2314945781450629,0.062371719559086804,-0.035540052012652444,-0.008039168462255683,-0.11962848374300387,-0.2759438130765073,0.2649991024352912,0.047611496112919045,0.3185703131946957,0.036235337304279004,0.11979151115187858,-0.015157609551492071,0.308555971638281,0.20292854502943736,0.06232241827974553,0.041614739120001874,0.2647484885553673,0.042181816311595656,-0.24593902193522021,-0.03124630196910542,-0.0911788456385804,-0.0604996738436022,-0.20254565349808404,-0.22801052939521135,0.050203465954972985,0.06600702523013365,0.18282303191531213,0.25692366986046555,0.25665720792659025,-0.06032945915949687,0.3440496082799551,-0.09335178047486418,-0.121088843282247,0.3350428633763974,0.4228280468774644,-0.08014771376158315,-0.12023319420047136,0.16370411120729417,0.13187114897748406,-0.17842030437187764,-0.013909049535850702,0.43731685702384615,-0.02294966368158935,0.06547058371328497,0.40981884013249587,-0.42960997680080126,-0.031781476502196905,-0.004439037934125469,0.4262320169285901,0.11373940578486637,0.23947598080410112,0.23727532461702874,0.05674625803853789,0.017761343510314127,-0.7173001795340652,0.13436980409183805,-0.1274222944131195,0.053826382654197036,-0.44255598449484723,-0.2528141148812558,0.013096859506487618,0.06209553179916468,-0.08017438275192433,0.23961875476390646,0.1304656038354187,-0.44468016091876034,0.7630359227058111,0.4854875484522343,-0.018703840396660138,0.058076860650782956,-0.037381530309657345,-0.1495942202012876,-0.1833547551347432,0.0815415016867976,0.0485552663752975,0.3307321078730943,-0.09134779960798772,-0.011323338068219243,0.027331287237927798,-0.18413363400254867,0.0602894928069125,-0.3159441395203535,-0.1615945584896589,0.10387774788492865,0.2692397047828194,0.02387989165525863,0.051112294873280645,-0.011249717557157793,-0.20367920082308585,0.5451950357452123,0.20468613377224068,0.1216319147462549,0.10674907963074554,0.027651347251032382,0.08927604015141193,0.98956813,51,Raloxifene Hydrochloride_51_24
105,-0.17554190504247316,0.10854415145684469,0.1991570253106502,0.2958176726069653,-0.005556493522322542,-0.16623301022492348,-0.0027764026343449952,-0.05515912133006152,0.001287181662420071,-0.18323407414159254,0.34421287085265523,0.08127691937412312,0.31630133087880635,0.125197516060201,-0.1545113883892182,-0.2665378887879442,0.28102477655166486,0.47688883635137214,0.09168718041241553,0.11464010059858942,0.028245832944637835,0.19499473367204403,-0.1258418014196617,0.016698721592305395,-0.08257675525718228,-0.021008236728644675,-0.028411639703413715,0.033737825611236345,0.013550765009191187,0.07613992695672148,0.14600715117581783,-0.038115899572923995,-0.00486651913749096,-0.22769080639448602,-0.10145294450265345,-0.0704450954816885,-0.026583735272694194,-0.0008526553471727335,0.40001760795897273,-0.02084571817737446,-0.4153818065398283,-0.1339578276378348,0.11034791750308871,0.0572326692539033,0.002003092137305045,0.1406943153730793,0.1400624092403253,0.2283979102178593,0.2858770906003641,-0.29662149661593007,0.11654667192259234,-0.1516967065281676,0.1734275211459725,0.3236675107161871,0.3487108363202611,0.15182935839963405,0.011985251678824223,0.0808679617975266,-0.029869463486725045,0.1073096700690173,-0.08344008808965316,0.06927709562510263,-0.23708988888626403,-0.3254731329531017,0.11720398700118721,0.12953000527443395,-0.20767327199641128,0.2585983031541461,0.0892699529268538,-0.18544563344651332,-0.24529258739936144,0.0647725756012216,-0.10422870137764466,0.15102469833055537,-0.21564064718915174,0.007461353021165566,-0.07286182996670719,0.1638795292521322,0.2231844905673709,0.1995856572185717,-0.049129803727165806,-0.10714012688666681,0.24514630471439278,-0.04687754258900386,0.030472015071227845,-0.06902479778004804,-0.10218305213214322,0.06110398515027211,-0.1534313883598427,0.07337881263688172,-0.00609518433858632,0.5072156430862915,-0.2104186168807988,-0.10599433301691714,0.4649457089298361,0.297356420230565,0.20533753365295637,0.04721495745780504,0.029016842860660044,0.7829646627,14,Ribociclib_14_24
108,-0.41391803435107927,0.22066087608041104,-0.04398210998471851,0.23206141242118794,0.10530630296731947,-0.41440093634099595,0.025758691241785297,-0.029884673968073414,0.00784476765074632,-0.05979996297847092,0.0652974896436956,-0.004703994563717032,0.2667179906963912,-0.31634248990309943,0.38271192594484565,-0.13191192522475761,0.21626788451557974,0.3363226135860246,-0.0383543534413589,-0.23160141873952134,0.0352713855019812,0.2456828054976988,-0.19048946555676974,-0.10176912934890821,-0.07457744017479352,-0.1801636552331344,0.030784931656815895,-0.0032703047359152644,-0.23291775852625207,-0.013206407042837645,0.19315720664861022,-0.13567902821406286,-0.1269459639904393,-0.48096963402061504,0.16576816769647762,0.03663458437144081,-0.0645151065652749,0.09464439210428859,0.31200212469185745,-0.21179627873382764,-0.36369348861351875,-0.20765376361673793,0.003299672065619657,0.21738998686196273,0.03919972048930547,0.6421822039489149,0.0038326523650212183,0.06366404544536215,0.30370917036960127,-0.3169358846264329,0.2142097518559782,-0.0516459475623805,-0.008574867335045484,-0.019664156721469123,-0.10364928566665965,0.06449212509374315,-0.1609800629509781,-0.5893489536062048,-0.7368969276874666,-0.051160557116076796,-0.48638853758345274,0.026371784856840205,-0.37715961987258934,-0.3967965101196203,-0.08325473791299459,0.1355910871273408,-0.04978402236078408,-0.0061047816950157525,0.07939494330444938,-0.3929956031670196,0.09392775723537637,0.003642870420471058,-0.29404123425657713,0.0795697056902927,-0.03981787258491145,-0.047746411758369835,-0.14809533164271937,-0.2850606209575039,-0.018256579870371322,0.029248918966006423,0.14133580451812355,-0.1108251351006837,0.013109221365782853,-0.04225093833904384,0.10631804077310274,-0.2219689325041374,-0.18048775867909797,0.10165636465880738,-0.34531958904889887,-0.057703017945664035,-0.3269719578638554,-0.0256455139460255,-0.14179809851456282,0.38001832229346433,0.19370698480163348,0.06138166825782007,-0.12251092394723208,0.02759931119379483,-0.03668384979232081,1.5367553870000001,18,Sonidegib_18_24
111,0.05369657868166883,0.15488671583378183,-0.0833308728375706,0.12697356588900013,-0.24364914194544618,-0.42948925119934783,0.028108035493885748,0.12349403547272786,-0.09050102871294116,-0.34638096973495736,0.25288637546611487,-0.029995354847891287,0.07425485280755423,-0.14486402986684196,0.00849228868688734,-0.11362584292511119,0.01683423597226602,0.1467944641018469,0.15560700518828574,0.27051450597887966,0.08253813184513262,-0.120757671251839,-0.10331594079085035,-0.08157518561973252,-0.10311938514008406,0.07814691316915998,0.08595387642782462,0.04382773818247111,0.3061129279896786,0.017945246360613273,0.18505353901658073,0.49548558299202233,0.11126753357216848,-0.6280493096423015,-0.22329898156652844,-0.24390373594310627,-0.17559676799546214,0.17562751808022795,0.4890892418992123,-0.11591240422862487,-0.04780170687674096,0.39355683371535044,0.1175349650231644,-0.15327939443851604,-0.026081145436672597,0.566077278349094,0.1504006562434375,0.27542168710460213,0.3435560823289048,-0.3201448197984209,-0.21214580602746902,-0.15586119263600132,0.42949628976537746,0.893799184378475,0.10140150033841172,0.11044438906927259,-0.3693640188561693,-0.05149766378201129,0.0015678323959438592,-0.09319080964753848,-0.19729660726191145,-0.11785818507146378,0.31510314893243807,-0.2692617017362094,0.18495476200563826,0.21992112187268428,-0.22325468416760796,-0.12334764537669608,-0.18042855902024554,-0.49852714921676244,0.1766332366381868,0.4909954343729329,-0.1932922511127443,-0.03962438311223153,-0.212394906569294,0.11983426977713657,-0.11838717029810354,0.03649522792911944,-0.38821483958871067,0.22330414678479632,-0.4940774101709031,-0.13224881180925468,-0.0433245312699808,-0.17759039006308672,0.265261806389694,-0.12797137190203847,0.10291698539203581,-0.1373514395269339,-0.11512352146368365,-0.006174844304475111,-0.2634047792103894,0.112379621143081,-0.2693064496701111,0.19186202971333688,0.4014661510992469,0.05703603229875334,0.019815265846691337,0.057317120260452714,0.03510102630029383,0.7404497476,36,Sunitinib_36_24
114,-0.1270903274853781,0.1090320185249913,0.09678513236993269,0.09643737863120729,0.1874802019809607,-0.22974556592662473,0.11824610197564678,-0.04515158234965059,-0.10023707397139874,-0.075051075013348,0.3746405488323345,0.007417111667128463,0.26018582117240346,0.03822187253017199,0.5589858997105647,-0.2135700422337702,0.25636928137388504,0.1973387798811411,-0.24497332609996084,0.07647559899818068,0.037381858558804694,0.09031708791752006,-0.16378137190477735,-0.06830681346441925,-0.03161080729424366,0.102689383325693,-0.08794425031975987,-0.10368276019754365,-0.2064438633002519,-0.041417907971105374,0.11381806299146535,0.12141806440751231,-0.2189452915219053,-0.16033909692748283,-0.031790773152231576,-0.12939633359511568,-0.022004009223349094,0.027403601341793676,0.3568416181187688,0.0007538294540396784,-0.36373493938401086,-0.00931245831406935,0.07195293988238656,0.09557842495667489,0.09473684440446145,0.5124947449696592,-0.03966848826104353,0.21661643428505042,0.2987653592096866,-0.4565481721832747,0.3052913510356596,-0.03312850852833538,0.04206789262666114,0.0656372535243759,0.06770026069385686,0.04080811696204408,-0.15573739602622097,-0.0036437141800011543,-0.8026660127541504,0.02550074939274309,-0.14644857057465546,0.025512524887729367,-0.2701098227524193,-0.2878901804402669,0.06396875741350953,0.26801363817486307,-0.10095526316573594,0.15601026666438508,0.07673429710473116,-0.18939665263918712,-0.3745018603677252,0.09840299755657289,0.09164493338721119,0.06299714288445234,0.10168775512676381,-0.049998402335193315,-0.021756105888550783,0.19937093416472795,0.1256633793309953,0.07836663413127772,0.13884953238797085,0.04090663339794973,0.2235351723495993,0.010411020169941495,0.18966906939780717,0.03479734415133864,-0.16670535019214797,-0.28670463959763515,0.05264236077959999,0.05398622940033973,0.10707468376420688,0.13473170930615433,0.029712024758814418,0.3193569540531849,0.08068453992443948,0.2620843787620428,0.0016849711713168847,-0.27605284339193575,0.1441861553810656,1.157400355,9,Talazoparib_9_24
117,-0.12426149202753545,0.07558501219711695,0.07506684828971703,0.18730532847277517,0.199946889682827,-0.11279129127745961,0.03869213288739282,-0.1474353011461542,-0.05688864549214379,-0.1175188891401946,0.2964184947610624,0.030422923179468944,0.2659091372619827,0.06095312330785883,0.15366580667300284,-0.1930499053175793,0.5223630466968316,0.27837198701933036,-0.009210038021479424,0.2709020578315444,0.05599350791756925,0.20693390802028777,-0.40298840110817213,-0.22706615321797674,0.04859903898204074,-0.06753392961173724,-0.23046390307299955,0.04639456757523053,0.27354290219280203,0.03395270272446159,0.05250656615487625,0.3167078192600233,-0.16185785786259696,-0.3261598571280752,0.2157346751141068,-0.295420878439374,-0.21718667426608915,0.11379698132456197,0.42324145676343533,0.09387186416861243,-0.016666035748771547,-0.4910480575716009,0.1041926391470804,0.006758107198844125,-0.04581050918883863,0.5564280202498901,0.020702131860593165,0.23441915204048902,0.2954606301687011,-0.4145432161203033,-0.008986539963852217,-0.3496184539910076,-0.06275920389642169,0.1376579882927131,0.07686457020726181,0.11473124796003631,0.022647828650302182,-0.250724570431797,-0.4485105369556974,0.12365706999447235,0.050941017110943974,0.06624477344580874,-0.06702783230612983,-0.34310090593614034,0.051696426912028824,0.13324616478279333,-0.11828119630305955,0.2882388695587715,-0.03032409747107036,-0.11471923099526023,9.02645093959024e-05,0.1578739610389373,-0.07889865212436949,-0.09296334052562642,-0.21624098779821976,-0.10984572423966037,-0.08935340587229246,0.16023241249787,-0.07817275697614263,0.46748256935149324,-0.006153116851505584,-0.20065636941846485,0.17559394383596574,-0.11845356707591241,0.08661114019567018,-0.10819745097107208,-0.15682132469338547,-0.1409176800889829,0.1417552731992592,-0.02628550036759826,0.20276852656160052,0.2646968656616937,-0.15570114414691014,0.2307663881611759,0.39715910594263343,0.3853314692584646,0.23486967312624674,-0.12627630402387072,-0.004779105580699217,0.8874498357999999,47,Temozolomide_47_24
120,-0.28999660509038355,0.12829725258493474,0.0678945382234502,0.20088856626233756,0.2706519736143809,-0.02658041659269428,0.04015459246964948,0.07140178124639451,-0.004491873802067096,-0.12772588013588718,0.22749374476555828,0.0702401032115344,0.32183701067487497,0.23943593634446073,0.19618101253985884,-0.01475505060216401,0.06982265777295123,0.24264500711421466,-0.03111253320667955,0.09407024243803132,0.3025280699042527,0.19763895276748336,-0.1725388592470979,-0.023901268269620014,0.07238310407079081,0.01122973103435008,-0.007686489604206907,-0.24654119070726632,-0.24571182191823804,0.02470325113347428,0.1743203675025098,0.1250214580370352,0.15744756295325135,-0.2087839768466027,0.2214042406529577,-0.33849873218129334,-0.13813450951067327,0.10558126781354989,0.2658527782375928,0.03841362920241132,-0.025390687474826673,-0.26145208136939857,0.0792393802907405,-0.17057233651396234,0.02589089821566923,0.3776460390414949,0.03782474829906058,0.06418455514640471,0.21504945516859839,-0.7768420957171377,0.1645293840073911,-0.24564837798639502,0.24525416407107645,0.1599727621172248,0.2385469190177623,-0.02374601992467428,-0.09621275525349045,0.0238845477684619,-0.09079041724249842,-0.1951156649000101,-0.024521480116948536,0.04778569234634966,-0.29749864037495416,-0.16926901645921075,-0.016733685594074236,0.07812817223525799,0.03653834920634476,0.12801937109953665,-0.048940467863592574,-0.3243695966738767,0.08524420501178463,0.31229005228584333,0.06425360462686304,-0.07508911878673104,-0.03477447544066956,-0.061426456322079735,0.021758487974214032,0.18126796737963413,-0.08772878969387891,0.212020338920023,0.09857459402295145,0.205336695927689,0.16520024438485248,-0.0017681914349838013,0.0972563817141584,0.016331588427143773,-0.12501631554706627,0.04031090908393122,-0.08150252981382199,0.06880808238326182,0.24058390988079048,0.11759179506722257,-0.13525013784107498,0.10919440257704612,0.5050307310639451,0.38700523909694007,0.13882391751016768,-0.043522976848476363,0.20842191638577265,0.8476982975999999,61,Toremifene citrate_61_24
123,-0.045246732707467485,0.19562941282456783,0.0008609310052931351,0.1544957438196275,0.040800863108661344,-0.0632293658325614,0.0859968092616285,-0.05453001270793086,0.07359333613015116,-0.08622448761630434,0.22037484583840858,0.023803286680588797,0.20774735523802104,-0.015726192024364042,0.3566595958125898,-0.22278837662745152,0.35418702171489896,0.23574902500793007,-0.18562687633949504,0.12028742625489663,-0.19234964862221304,0.3011898619984556,0.07253222557952811,-0.100203770470452,-0.07314391438126047,-0.06743676657282933,-0.1104358322883587,-0.06937672803490104,-0.13729643329444766,0.08527890289932556,0.19619127359784216,0.2579653232457601,-0.0030995644759206262,-0.535346062918888,-0.010402872649168374,-0.26200090992692454,0.0013942468682951136,0.05894612816341938,0.0798197970985307,0.015305793873437034,-0.5569906591269663,0.08384296036042399,0.09631780732354063,0.11572777910882252,0.08869026596013162,0.44659808820995023,0.07096510534381774,0.15338622742590471,0.32236653360164624,-0.22449020228163116,0.22666650991291068,-0.09121077093679393,0.26660135328514967,-0.06388101391346515,0.14454023737429386,-0.03697553426205083,-0.10396724784459443,-0.23345751765722164,-0.14220278595124133,0.07967059105812364,-0.34939176073615624,0.007602567642731169,-0.4008078871861506,-0.19407176207173826,0.12366615836469454,0.16901042840944427,-0.09348277498682724,0.28213674729463495,-0.10859939291969851,-0.042649696731824865,-0.21062184040121504,0.06841004979729816,-0.005771631472269455,-0.25284843060228024,0.06104023824283672,-0.07874796493604701,0.03698583291358133,0.2121062518234864,0.1792160432492251,0.22660833707919817,0.060349912431553604,0.16195310842714175,0.27123355086171536,-0.12437420895548368,0.22990051043310297,-0.011313158133983132,-0.03262490813920624,-0.2071877142825539,-0.12261401563947827,0.06032802088168878,0.013390977858651384,0.2787567367383661,-0.014732159533304893,0.05068425374237009,0.33570817192173624,0.21998874897700973,0.05778059610952966,0.02751006391068303,-0.21267112454165985,0.7309808131,5,Tucatinib_5_24
126,-0.12378257504756485,0.1994380154517775,-0.08027543832323793,0.3964797219573469,0.18275085944089897,0.07478402092265732,-0.038121804862912716,0.028523944610214808,-0.24465576825161905,-0.09232966055114006,0.2070061240927592,-0.1772767995885571,0.18794542306604925,-0.3509934182726912,-0.11416196323753887,-0.36922391062652693,-0.014946355258442586,0.04208749095568056,0.1898220118010786,0.33974908443554225,0.09789432457365176,0.17702759078823135,-0.45691660971228765,-0.4000785977494374,-0.08708743878191871,0.10783630960060982,-0.26089947218698567,-0.16011179246860166,-0.1649674285403163,0.01939056117126586,-0.026109948546835404,0.09066409359583132,0.10687390825180042,-0.3497497708030433,-0.006322307296850553,0.2040775996569664,-0.23791594828738538,-0.012899241604911913,0.2504565565640694,-0.1724270391682083,-0.3223118571423121,0.32023705423053916,0.07157417183494641,-0.3333754612159614,0.20444408294814576,0.4641357297559925,0.17973360319843654,0.039758497900747924,0.2455397242708087,-0.3990976289507753,0.05244004870990565,0.0022858625022965733,0.14799306924523228,0.17864533022792184,0.167858411970815,-0.17429427066531797,0.33962173811701457,-0.17633930388623428,-0.023849597082594043,0.19748596795773965,-0.24230957531782735,-0.058067784664302506,-0.4076583427722576,-0.38702235990724926,0.06467726398659056,0.142843453595148,-0.2123016078685345,0.21083991763592427,0.028308112522401896,0.21663749493124637,0.16859119121501034,0.4449492984735877,-0.25365366813687545,-0.10218904447936267,-0.03911448666265224,-0.28387498721023413,-0.13979856671569957,0.12315575936523954,-0.12895485882930502,-0.012396903685106181,-0.06595275651364536,-0.21892807619099353,-0.16929726716899465,-0.06330496539882259,0.24533295612918252,0.09520477383802235,-0.12558673120620334,0.1954709041342538,0.014493576522073373,0.0009132748732669735,-0.1287803654515823,0.17841905038408268,-0.10498973268645138,-0.002306142363991274,0.12072030309921537,-0.01835621552410323,-0.13453268575849614,0.028912626981001166,-0.035780050323308187,0.9361390285,28,Vandetanib_28_24
129,-0.36151742650593083,0.009380063077919222,0.03182847344244696,0.2350916590804709,0.10415626603243044,-0.03832944185441552,0.022033726802358423,-0.2088067651617954,0.06872022089808442,-0.10315158946203806,0.05885601242019117,-0.02288885564822894,0.3040897213372427,-0.11832917406776666,-0.016990432551258233,-0.328129199796478,0.3181096247259631,0.3012114825269601,-0.220034504423668,0.18317754852229107,-0.2636443802417542,-0.07445278169753035,-0.4345545127126738,-0.38692596193379236,-0.1815330900657971,-0.25612178183823026,-0.13482831541009913,-0.6943570007150117,-0.23548881046809136,-0.02170901715423933,-0.12202850829217742,0.7813927018159018,-0.5227936131130931,-0.1609947284793322,1.6085150133480972,-0.15529922303419164,-0.22409262021854107,0.42963459167474055,0.30659930744512803,0.0240931532173274,-0.6135657841601375,0.2526887495577209,0.07578693410130652,-0.2567824908200486,-0.06110756969734001,0.7204228590246831,-0.029008731609163618,0.2825120533403496,0.20872160651692173,-0.24996851671782103,0.08161254722298812,-0.35907866915997655,0.27763583293370325,0.06074705738287824,0.3039597516898871,0.112311573874182,0.054696367801926264,-0.42287486495795507,-0.4271439252270985,-0.047486624431320394,-0.22802288946110968,-0.18488957912614498,-0.036366027560274516,-0.23200338817977917,-0.17379787889000756,0.0652289795246478,0.23459963401535022,0.32349682888619463,-0.24067430732775838,-0.23844733859709555,0.40529141679695174,1.819728004166479,0.0423440444737127,-0.1966959574713839,-0.016946874473305156,0.18423253407293963,-0.10669229163112935,0.09614560120242659,0.21304674123805092,0.3312418923424863,-0.892717597076664,-0.32796760776107814,-0.03364245434666263,-0.4110418188570419,-0.06186574908306516,-0.35205957777295893,-0.1492742639953464,-0.012153354634268379,-0.16292831443231592,-0.24068235073377184,-0.1747686330609272,-0.3677961853399034,-0.5215408160229091,0.6115902232996816,0.23416816152767458,0.25506228820746896,1.0850423915678147,-0.13684884193300542,-0.3312258577877478,0.6965488508,67,Vincristine_67_24
132,-0.3149034074971426,-0.021336674720660958,0.06031054783899522,0.20517061407476037,0.20943586918459367,-0.19776448664920557,0.09126567259143824,-0.18821696383035125,-0.010050299084673827,-0.21151219286394551,0.34339388223999173,0.08855444808486847,0.21570321752780205,-0.06382817229139302,0.1512548412922022,-0.08739571671241993,0.3240000722756755,0.26837455075547895,-0.1388128857779015,0.17398301413353282,-0.08137915806834155,0.19807684392514177,-0.41415918759176934,-0.049599827461045166,-0.08493626165654405,0.05986199631788186,-0.13280244060501772,-0.24369275263657733,-0.21732919663355996,-0.03348104404689641,0.1290956754855596,0.16595175054233446,0.056000433236023835,-0.32850992994056477,0.3599754176660955,-0.18232621529204704,-0.08338394890526912,0.03133645131978605,0.39489175338462795,0.03553595017347566,-0.052849851940920366,-0.029186193134118948,0.07952462112690378,-0.09686565929176748,-0.09811125365143898,0.5869257175498362,0.11173511431208294,0.2579464300822547,0.35272220617865807,-0.8808810334528371,0.29865146168409706,-0.17463699999764418,-0.011651864984011143,0.17473719831841136,0.29331215517270043,0.06479819667750751,-0.19638207650817444,0.10135087325171976,-0.25494148832658825,-0.18780946869680673,-0.13973619602215304,0.01677881143486087,-0.13339858656713766,-0.3489197156268373,0.1284610370438761,0.19311256023132795,-0.18600840422309273,0.34256516570212775,-0.16505064868205999,-0.25434314616781256,0.04167824072503257,-0.10898696262919816,-0.14294439077651863,-0.22623786750385408,0.021460345552680088,-0.05593685400104218,-0.1258824326094891,-0.031414195562003,-0.17215028357955,0.3178568859775744,-0.04879808630776291,-0.05995370144060633,0.23374325701867904,-0.17477111470156623,0.1305519027241818,0.08406094839623283,-0.06834245770222092,-0.331826117745506,-0.005770861447907283,0.07666312429165807,0.2747220857576191,0.28805604862952333,-0.22007781975585508,0.26370445221896877,0.3641427548100699,0.23326500076682413,0.21852895044660695,-0.030530507574155975,0.3135478485040322,0.8561352305,43,Zoledronic_43_24
135,-0.5332741152883261,-0.09948981133313951,0.12901647133051006,0.5199431518269423,0.16298959304396468,0.0573476453686248,0.1147734414150109,-0.7121740400655892,-0.3205162700575813,-0.19599910663144485,-0.5761512440170079,-0.3756081060032406,0.38982275933445587,0.07316059952277605,0.1688130875613414,-0.203427783154018,0.20319436038974034,0.18618737388579265,0.1540974564133109,0.2850580334057082,0.17355473859082352,-0.22140486167795825,-0.317740318506597,-0.21274800574844166,-0.3098370733424112,-0.06241139664144776,0.05884726522236095,-0.7395789441599336,0.2800397287999453,-0.46141104368682323,-0.33653578030430514,0.3130830419339609,0.10963160823031663,-0.1428212955756746,0.22574581317409456,-0.7737828699443243,-0.17223230192960667,0.06707333250264481,0.1139900643854368,0.09980636660650481,-0.9026909887297253,0.19259445282508145,-0.6329099587802409,-0.08062096956170618,-0.31846142234805624,-0.3210868946091514,-0.629604508205906,-0.2897347440732994,0.3615861296133754,-0.4334015891889074,0.24866648004822664,-0.731336220103263,-0.018249197163999035,0.4856575696443417,0.4286243042431033,0.019121926614925677,1.362421745905184,-0.08188589014674609,0.303277073472587,-0.041861525870866494,-0.2749665761612537,-0.22374434596428183,0.7069446108409179,0.008693479060161874,-0.6067893115226731,-0.1614488115277945,0.438493313636914,0.2425101883536744,0.1445644502216484,-0.6747118478403255,0.1068430404935627,0.29763926305113214,0.24648163320788086,-0.38233377069849217,-0.1047421172838936,-0.3009144290622599,-0.25125057332653306,0.25499505553492047,-0.13478219796711108,-0.055442059524199304,-0.15644017593397577,0.07182773126584463,-0.0505853089170864,-0.29035400104153425,-0.583644971349512,-0.20068940671358093,0.019897162308746563,-0.49027421579098585,-0.5228609244147285,-0.3663896003963166,-0.4610165717580477,-1.5379595858070079,-0.08717679184040718,-0.08356121497956608,0.5530035387500382,0.23180631023771262,-0.16185769675774195,0.1269563830766779,-0.12312061012192048,0.781995,75,hydrocortisone_75_24
