,O00264,P62314,P62273,P62136,P61978,P57735,P52272,P52209,P50395,P49321,P46781,O14980,P42766,P40429,P40121,P30626,P26640,P62277,P62424,P25685,P62805,Q9UKA9,Q9UHD8,Q9P2B2,Q9NZN3,Q9BUF5,Q96CW1,Q15393,Q13751,Q12797,Q10567,Q02543,Q01813,P84077,P63244,P62861,P26583,P46776,Q9Y490,O95782,P22307,P07195,P14927,P06733,P04844,P16403,P02786,P00966,P00558,P12830,O43681,O60610,P18621,Q9H4A4,Q9UQ35,Q9UKK9,P06744,P62750,O15260,Q9P258,P05783,P62879,O75083,Q15181,P83731,P04179,Q06830,P09211,Q6BDS2,Q16576,Q14697,Q09666,P08708,P30153,P15924,P18077,P17812,P42704,P31943,P43307,P31942,P16949,P30740,P49207,P35080,P15559,P14625,P28482,P53007,P27635,P35659,P09874,P11387,P22102,Q13547,P42330,Q13509,P04083,Q02750,Inhi_5,pert_id,trial names
0,0.10382995850897142,0.6828227884972574,-0.23933052446221445,-0.29594736953166134,-0.48273448285760306,-0.7816844949519832,-0.40674427498836024,-0.02943091951029544,-0.7875632385085827,-0.9133854990361434,-0.06352406180384872,-0.2194919973719552,-1.1181571920305622,-0.2964104911382008,-0.05114894010883312,0.12929565343493962,0.17897846333002113,-0.7783318458388284,-0.6299804337047998,0.3432031125866528,-0.09046288325718567,-0.8546766827610605,-0.7487849490912083,-0.22350880007110818,-0.0820105388641607,-0.8489904254683629,0.06166503635769063,-1.0485508261728624,0.8380783966020423,-0.5444596913088505,-0.23410263065392767,-0.8074181400110302,0.2564732935185747,0.3192310426862185,-0.4565308100767415,-0.44935481962128626,-0.805401892711337,-0.1860878530706599,-0.30454618802939676,-0.13908162541654837,-0.3395349980763627,0.8145602047893487,1.4236374129055045,-0.17034709927698585,0.5562534088713625,0.18149120396108953,0.09708271808573725,-0.4687818342184597,-0.23802492220694074,0.27112289022840336,-1.0376838177437782,0.4892618482941196,-0.49857968063584074,-0.24794957333318315,-0.610645727793941,-0.38159866954471555,-0.7251337746847742,0.1985413659970686,-0.22395255604596706,-0.4111874124549433,-0.42901861290944016,-0.7501170778560423,-0.525277960844501,-0.5896328654702988,-0.6808948002079767,-0.07938039044781765,-0.13732177070987125,-0.2692973859169263,-0.2803875441829342,-0.6048315826793257,-0.1508218441696344,-0.5344644565345714,-0.1886502502087657,0.18946383191270852,-0.8384219059177568,-0.3074903318582784,-0.2799157883894868,-0.2088759916434243,-0.5635648332498243,-0.13929563607039971,-0.4315233579318621,-1.188353122063489,-0.47211392555154946,-0.2789295559635832,-0.7645927806577012,-0.2660967930892156,0.06480666002180445,-0.23178802743260615,-0.6714305705039972,-0.9616882190684369,0.05338029979590218,-0.5404516034546275,-0.8246764044468975,-0.2863028476506316,-0.5144778718963234,0.05181277339180551,-0.364398076024072,-0.29699447241123933,0.2831957442698451,0.2307692308,10,Abemaciclib_10_24
3,0.19166837557018976,0.840126772324512,-0.9185781698962476,-0.22591288363960765,-0.228317422210775,-0.39966454551687,-0.16026605880122993,-0.02852772826242153,-0.5351665801951737,-0.5432801618650145,-0.19178177766697016,-0.5225889749634777,-1.6748448544737913,-0.40863058742445246,-0.23509849999283697,0.17651849515946633,0.6187726893863622,-0.5619685503195142,-0.32707467861169154,-0.26644097146470924,0.0030922459191559948,-0.5056869480041609,-0.3291421457999883,-0.12945730875338554,0.13021287900549167,-0.0765173808757201,-0.010277966677081501,-0.5653255263386077,0.11848465939005168,-0.09831986156698132,-0.5676028337186347,-0.6370571715049669,-0.07859214068073615,0.056893940138740384,-0.4336005501579775,-0.6037533041416812,-0.5790843649084068,-0.2669611263296015,-0.1490543241500256,-0.5686150040784639,-0.32821459500432065,0.4266962290238717,0.30515040536543864,-0.17988795082075149,0.36242283769169625,0.26815583579475705,-0.27500741480707946,-0.19877555143535178,-0.21901946896111274,1.089760571516716,-0.3394288807135754,0.13252917822823898,-0.809698536015881,-0.4915285833591547,-0.276162776560826,-0.8927538021274617,-0.4965850797148127,0.25404164703717413,0.24053865046584755,-0.18745037571063855,-0.06484953271649753,-0.6954060391298033,-0.394705482480846,-0.3764684040166946,-0.4662064968147218,0.24701158167253873,-0.18358899651139132,-0.30486403926971783,-0.3426556175903592,-0.6870319896502491,-0.14190700256627076,-0.3047466921558466,0.08088059061795966,0.08790925710788008,0.04506129059865188,-0.2411626892020652,-0.37455680584620415,-0.5025513152882785,-0.41732249011112,0.406004222196702,0.05952837739433291,-0.657981927039827,-0.20678112620897524,-0.1353575741785013,-0.8436226282248545,-0.32316443212854523,0.31953924915668674,-0.34173026515617816,-0.4062781499310788,-0.16580832853358507,0.10032221910320951,-0.2651138385723741,0.19410605304071227,-0.18277023280790616,0.3755946546800135,0.12463743693001327,-0.4710843972125075,-0.12801423620280866,-0.5328632547989015,0.5494630564,21,Afatinib_21_24
6,-0.24621468535094806,0.010024668909156908,-0.2186835029839405,0.06306924660910905,0.03111040375554754,-0.2897970119728557,-0.15951270889320202,0.2506805316065659,-0.04692305190287633,-0.18668126724886733,-0.009359975859991774,-0.2786793386447321,0.11316293904824926,0.17495919172620691,0.17079160899706988,0.2614871605934307,0.07953911173583855,-0.0415355267378188,-0.23094761237065273,0.1396214692752699,0.335488312189534,-0.11427181675371888,-0.5696994264676046,-0.15950449862945124,-0.02698747805588654,-0.1329288104453286,-0.1393095866952193,-0.03889952545491405,0.3679615064473289,-0.04957679554052441,-0.38004074944706806,-0.2816114151637987,-0.3567777158458356,0.20647281272731557,-0.1496194278394289,-0.5262207262787288,0.1694552767509702,-0.2200333308883431,-0.13975668495465263,-0.07569158507266129,0.07287456262278054,-0.1919005957222162,-0.09507880386172447,0.17622051515402692,0.26020824280958127,0.23626870410165213,-0.41400639569120595,0.0964141281963829,0.020474071448743334,0.29142511156450596,-0.1883943377216496,-0.3853275952212496,-0.17230435636031657,-0.1280208992664644,-0.19876908234141258,-0.046317869331152055,-0.0616398817246853,-0.16138601881425887,-0.373639541911015,0.04193911180158468,-0.8003656506313991,-0.09391700081777708,-0.17784156574300347,0.11020644685263763,0.23011805735005175,0.4568372263601863,0.1826632348756123,0.15970039710202993,-0.1993613537825437,0.07736662695883961,-0.23522574430504517,-0.3118939852470705,-0.054519333233821875,-0.07777190669775745,-0.3106302139184158,0.3474592868042102,-0.19964337749356345,-0.2305696628702191,-0.020018867208837457,0.0004065866641262128,-0.14676115409361815,0.09130126741901128,0.0473563326650617,0.016531543853656155,-1.0579751380624316,-0.07654129792010754,-0.13793044357081802,-0.20734533562450763,-0.5586164726142042,-0.02352811774637159,-0.07717976225424367,-0.11352005985966568,-0.023325495066453678,0.2332892695208073,-0.09144236674083557,0.2754957795677095,-0.3088478283266056,0.24194401349198644,-0.5402898454953516,1.2982990609999998,8,Alpelisib_8_24
9,-0.2593691610593418,0.21612261014283193,-0.19681823559185196,0.10069398448642754,0.09301792781782865,-0.07342912914869199,-0.19410357362035455,0.389966657110216,0.06473053504616706,-0.1333980621575158,0.49217177924454186,-0.05526186459067641,0.619025336451574,0.3560875878914513,0.3799705416800336,0.3534202801319764,0.24167401658499696,0.18624788584998783,0.16939586889637495,0.34057968905691677,0.07007097987206984,-0.09950631747984813,0.08259066759204069,-0.09939729022650218,0.04588350191227584,0.22357862646833024,0.07051377880586249,-0.049158331665201,0.2503693149968848,-0.24175463439278191,0.00879799472118918,-0.015561319521013825,0.1445342505477901,0.5737595793627296,0.05564275694789514,-0.10099192103235825,0.00037683640638090193,0.1154366633652029,0.07046166117368342,0.11229131028097433,-0.13052897100006575,-0.0885838539439547,-0.37494675905484404,0.28726338966318293,0.2296034783364964,-0.005482882094576942,0.15679853399992558,0.18160653633148274,-0.022004024131517853,0.007495273464923214,-0.13965332703781871,0.006569670355694085,0.07807068221593934,0.20112363445051126,-0.1266094668478052,0.04633087786057196,0.0851317518376103,-0.062162940595642015,-0.08184974759027763,0.0030640489375402258,-0.10872441949161486,0.01837519791106376,-0.006204970207708572,0.32874117585189727,0.278483505469217,0.48554192353461945,0.2087027359299336,0.08102789837439285,-0.08681771757847674,-0.03788557066619124,-0.11369041566318117,-0.0714987794495603,0.22947695863764275,0.18479882282022198,-0.08362097098840815,0.40926223535869005,0.08046016204506008,-0.056309217119094784,-0.08535851559404467,-0.15849776738485336,0.014614258208447686,-0.04211021132397267,0.1942212194691201,0.10378083839895615,-0.20175910507390218,-0.04981861873697944,0.02798241373098399,-0.029432387698449646,-0.40375349906808694,0.19366440235977014,0.044464918926084646,-0.2054036045301618,-0.08499795934305902,0.37069322681324146,-0.013574595773448142,0.3306387515581554,0.3455866400751495,0.2661513874257602,0.2865335367970289,0.8549191293,46,Aminolevulinic_46_24
12,-0.22899425804894982,0.13859227655400366,-0.16028524286727283,0.09210312672790938,0.06446179799418504,-0.22177983025594608,-0.20866196265482698,0.22026331653788814,-0.09051372320376017,-0.08164761861757446,0.37710192192699443,-0.3267361028562128,0.1528621861623205,0.3116606167661778,0.20832194219313815,0.16532868191572933,0.3897614343754124,0.0877029236993024,0.13438045946424002,0.09750904898154548,0.14611110168755348,-0.06079431957969328,-0.15716233598651755,-0.01757800831997076,-0.13162182693440105,0.2372152268825414,-0.042827132816242584,0.024148630354225483,0.1178795867545996,0.03236489619110849,-0.05334208618965646,-0.11570693568871016,0.08707050654535557,0.2949112556412786,-0.05120124805762861,0.013294890337071522,0.005621183976961421,0.062098720667629496,0.11127405425926566,0.07522435212034743,-0.17432116174094978,-0.1599461502929884,-0.6912845308536267,0.062338274039348544,0.43470498947733627,0.10283266748749349,0.07795875638465947,-0.0515321157108819,-0.11613840422648332,-0.1831207285507418,0.013954601041866077,0.07810787227186843,-0.16915087198127784,0.14725480075439049,0.04350037494742956,-0.2411291321059048,-0.008351155732394274,0.058743830229017,-0.1050204326798484,0.024909074785829478,-0.37033970529518206,-0.015575778933729046,-0.03721942835597428,0.12205198621609924,0.10449210358612031,0.3615777066418287,-0.0017857316433623326,-0.019780752188096173,0.08367164518671076,-0.03560703396945408,-0.17564101253427108,-0.022297723468629422,0.19232340716540738,0.044884406703869395,-0.06262652726775254,0.1563157827149507,-0.0645006251780607,0.023561583431142185,-0.11324112112253669,-0.17554524088661505,0.3348918068177811,0.057218415275951805,-0.10800280380482935,-0.06747058868100952,0.12448658168328076,-0.06934847386181149,-0.019434314417013626,-0.080768933689142,0.05426381951330269,0.05057299326196344,-0.042589525546392816,-0.11564701675462574,0.15427075832678264,0.01461430603605233,0.07594473092360844,0.09861122007434205,0.24411399674991577,0.0490778389937265,0.32526962956716526,1.623330025,55,Anastrozole_55_24
15,-0.17931433646338288,0.26926237506416445,-0.2997184191898257,0.238483811149827,0.08497572181481279,-0.025347802427246564,-0.11378903262386673,0.2968015626065883,0.12091525332525259,-0.2016310850836025,0.1683802856446582,-0.2588571434900694,0.45726298617168615,0.32832500919653723,0.4530967400881781,0.1756151099209934,0.1729682709040126,-0.03663651289748391,0.15768160648113536,0.23880940024307906,0.07894385752413544,0.13277404947668126,-0.18982443893381049,-0.036537172606308906,-0.10950323154351727,-0.04365496328803576,0.13190925407336207,-0.0940326705573112,-0.062013436015254796,-0.23718359701608072,0.05405677063098462,-0.3221470046861408,0.17823891387282398,0.45261229958051913,-0.00997006567361361,0.06702979792944631,0.021946970770410024,-0.11965869139790013,0.0019474926081344338,0.05450897671893231,-0.1248879390941085,0.12163357613253224,-0.509204455549778,0.18730952223405195,0.2285387402986646,-0.08956432960820293,0.14621728115111154,0.1507888567451294,0.040179729655839505,0.1728509123359989,-0.3770666970279777,0.06171515253369653,-0.21363087744752426,0.12995582494156457,-0.1904428149125403,0.1020860770925206,0.1132509637652183,-0.027247289250791024,-0.197124531830878,-0.06327814175085548,-0.2507980039025138,-0.309301014017943,-0.06982102549230094,0.3072427940353201,-0.1805913709478736,0.3386369081609229,0.17483899217829815,-0.017837248218206102,-0.1973074787923107,-0.14125088081957984,-0.03487018819108902,-0.2454413089830431,0.2526002472330603,0.032503876490844276,-0.22466871657049592,0.13661189315165867,-0.31276198463493754,-0.2242001162638901,-0.04175506629997682,0.07946939055046477,-0.18269719783386038,0.036350802004329184,0.0231567443941044,-0.054706453076874974,-0.504692222008333,-0.062172903924791655,0.1022583694622689,-0.08220661309620139,-0.26552193852109146,0.23772050570485712,-0.09587846576494248,-0.20548358897493388,-0.27710172612307676,0.49138041130777815,0.24871878668467498,0.2663393788794069,0.33225935221850594,0.22882654121170523,0.46773622196710973,0.817524018,39,Azacytidine_39_24
18,-0.2645799019540063,0.20244309617400255,-0.12149007719155286,0.04372901722587008,0.08051259852828628,-0.125166517070263,-0.20583403440011386,0.340835588117587,-0.04128327971739334,-0.08028852404272772,0.3270176720994205,-0.4445836826459382,0.22791827519761262,0.23233521119427228,0.19314851742334513,0.32011617228759154,0.23092313828742897,0.20730026072029062,0.08265214062031222,0.025637886296209205,0.13349461530566717,-0.006544913321884431,0.031516100085389624,0.24367615436683734,0.10632766550360306,0.301416042469065,-0.08753728840673465,-0.10541229431235245,0.1411373288379787,-0.19822424856762852,-0.1034382503877676,-0.058204477566521064,0.0986196210454291,0.4158641940963144,-0.12178470147660854,0.02100351582907194,0.16656839107708368,0.41492939157215597,0.1702113205761918,-0.12614892721118467,0.014250467973192217,-0.05123954693761259,-0.6679242781302063,0.15335204598667126,0.24458780857269444,0.1933091190281188,-0.107157311079292,0.025532095968633012,-0.06480556901776911,0.07986821071213279,-0.18869014851484553,0.06467946691560518,0.14222499972433933,0.14766420919632658,-0.061782341311016876,0.04030427890191838,-0.10608470493011997,0.19381861467552852,-0.4012067168938323,-0.005872098895474506,-0.3622200756938783,-0.026192250465582895,-0.01419143956900056,0.18506076067418106,0.07572789637275575,0.6164766569043358,0.14253856935226983,0.007720791430846502,-0.039114737712550196,0.09414533809455439,-0.05856869485307132,-0.07320463108575788,0.1959975825646221,0.016968184642070522,-0.5115335734254521,0.24299201548894458,0.06202095750929878,-0.06688934730519998,-0.038025276521177535,0.15739569554168456,-0.08227433296547747,0.16071655008332264,0.11172728297439527,0.12569664590889126,0.3931618916793716,0.014430380739041912,0.0549582383957369,-0.06421098519205519,-0.2525817326344469,0.03600346065614827,-0.026175302619917313,-0.20330729726632135,-0.16526766928911885,0.4868693848227248,-0.16555175387411722,0.08609403564508732,0.0004633803281468933,0.2235798578199345,0.11634453539725487,1.006864093,44,Bexarotene_44_24
21,0.04344728745279807,0.3833236972799351,-0.5458162357057772,-0.6078966926040833,-0.07774353304879277,0.13339290334390183,-0.10239107414401452,0.14090723303702862,-0.27833667468043877,0.050785838249268876,0.07447643270450563,-0.41937216172536457,-0.35964203997840327,-0.4097626318063687,0.2881434472855461,0.2721350662205625,-0.017257922376899784,-0.06658661108708974,-0.08866982351339359,-0.6078251208456066,0.09045878330403032,0.170514246018798,-0.12878674348081762,-0.47209773454818293,-0.33221809234508887,-0.06382842548239206,-0.32664427416049957,-0.1390119963698383,0.42066821088431505,0.024078782525956893,-0.13792854923153988,-0.009311910633489443,-0.3725939139548404,0.505020360879078,-0.45383002375475745,-0.36088971956446814,-0.15739823295338995,0.5148800360389456,0.028496708895627512,0.00606382491718227,-0.04198086257606608,0.3221905729615525,-0.3720167977446398,0.014617510115901566,0.7032947764010914,0.0560995864820908,0.18199359636188953,0.07305992596703931,-0.009419020245742607,-0.23612510250299984,-0.09877279527516535,-0.2058657008056871,-0.42812875862566474,-0.3281991826283564,-0.12872276464438998,-0.5454847330528086,-0.1817813677845571,0.28967469401584445,0.08243327091573659,-0.29229563055119373,-0.08973115052209141,-0.5753707015257256,-0.423894760566576,-0.08057052312854329,-0.4527624766611139,0.4752525011531426,0.05678299378175265,0.09668381084747653,-0.5114753436115943,-0.18891210408486847,-0.1905777646560996,-0.45507679817674496,-0.2076929254449826,-0.4808251206095634,-0.12037618213287712,0.39393686305855574,-0.05829410930439686,-0.2508923198943141,-0.12116627039121695,0.5074464873706214,-0.005549142439383342,-0.6189081989793539,-0.2587436910923471,0.10136335832233201,-0.30810414959454135,-0.058583298527163666,-0.0006534376828675748,-0.15745675524003808,-0.012195124502165387,-0.074575951092832,-0.31279122051460573,-0.08971943710057335,-0.43928013867274673,-0.12096340969445069,0.06128736242630274,0.03560701547935221,-0.0659095070501115,-0.3376892436417728,0.4615500562145094,1.158082077,26,Bosutinib_26_24
24,-0.17107358798877395,0.2781683288863495,-0.024910925291585544,0.20334406442716946,0.01846063267283932,-0.37164805314601357,-0.13391070215695786,0.29502695474693974,0.0875271690770796,-0.11784944049436348,0.3712317120579707,-0.2333936592170082,0.3249713311939156,0.3457277650666098,0.30649985896379084,0.20114322582627228,0.17391978106045627,0.1284085020470464,0.20762918086947557,0.25736003237144006,0.026538560707993205,-0.18937190904162735,0.11051115880680153,-0.025170691966278805,-0.06499137705531306,0.20446230969936763,-0.11740685036444969,0.032309613148603845,0.1839409608523089,-0.0687436487751089,-0.01563193377363056,0.12946689845049902,0.20338632693693293,0.36072197263286426,-0.00961918180895472,-0.04228851918752783,-0.08571741471265144,0.1996736881528314,0.09469264869590917,0.0064967339903568705,-0.09927783553249708,0.04782346986701902,-0.4544515198969113,0.18091506808249416,0.27115058756742594,-0.09863796081024469,0.12516647551109028,0.07205632649253058,0.08899781636446835,0.045846891423834114,-0.18838989511742443,0.22219228610330657,0.10668650946134346,0.13521380378149794,-0.10826995697142079,-0.018426327857969844,0.07662352856112699,0.032512315399467466,0.13023538036504206,0.13640459025421456,-0.1290665808842636,-0.05804087130828365,0.00963922791647496,0.27617879044336385,0.3305631217617883,0.6039981008142469,0.12494925530151714,0.09882369818799148,-0.10089474572264191,-0.0036722954092326767,-0.13043040934861147,-0.10898168345292035,0.41077930721935996,0.18751190593849784,-0.11800460791002755,0.24256881682955841,0.008035225806686655,-0.09296332802752472,-0.011638845919137587,0.05298774003913268,-0.003711395820816341,-0.019030979996384294,0.23253082238193679,-0.011114653915966435,-0.017191785743609477,-0.10368450722827749,0.06241556354259286,-0.03623230068385946,-0.42370654761750703,0.22621855941492922,0.09898308143836267,-0.15467110620274668,-0.08267348194139322,0.27825107148493555,0.20220530413828763,0.25865351590759905,0.2522553107993935,0.25295960349883356,0.01752348925296485,0.9066371104,49,Capecitabine_49_24
27,-0.40506675293942734,0.21009707264466213,-0.07320457597329545,0.1710223364214477,-0.01072502873151819,-0.2910286017189188,-0.16021032097226165,0.3026611139491666,0.04222234113855019,-0.30443282780665404,0.2200869949074312,-0.215112799855243,0.1941120070563631,0.1230416249975947,0.15899564785456802,0.25572630320140644,0.4125008773715064,-0.05003101034873093,-0.0005522432904741664,0.10536453333621339,0.06684617962621915,-0.013002532183122648,-0.1481222962749032,-0.2359998697480643,-0.12491761834305115,0.23605250512165488,-0.054307832853664285,-0.011312926559597624,0.4250984723158992,-0.43200199824361324,-0.07471182310691005,-0.33119761231387285,0.11035104372167287,0.4284551182973246,-0.0008865670400733938,-0.05003573103145503,-0.12127149109895564,0.2504317140926855,-0.017644764751989738,-0.006199446179626246,-0.1963919215940757,0.0350876017635471,-0.4237751882532718,0.186772207506218,0.22604610532944858,0.010004102105647542,0.23985418330948813,-0.057772114345998195,-0.0007886480910402038,-0.06666716375206176,0.07514253470587218,0.1427682978906775,-0.1198850753167613,0.07236513320222795,-0.015555395579546721,-0.03129129512905604,-0.01198696119515654,0.03243349763778555,-0.09375257911391832,0.06650225931387534,-0.03880429499426028,-0.23680722453676653,-0.05479993851899729,0.25493605421765436,0.2688587015579455,0.38561333939156933,0.09915776460123876,-0.020225844852281627,-0.13582521032012695,-0.15418243044217678,-0.14668078028230178,-0.06542338692964743,0.08996430289434942,0.11227305518581354,-0.21802659330745364,0.36556574915224394,-0.006388169474843127,-0.20527213718112136,0.01094356390097738,0.13102564966695732,-0.1464136366398392,-0.05104811066544434,0.04068386576886208,0.02947948830547357,-0.08196874887110822,-0.14766187705726583,0.01297460447387977,0.006116758241371464,-0.34508725469879886,0.1199630746452922,-0.03932306250384543,-0.14750046148638693,0.11193282196260435,0.5413719756016412,0.06289202345562996,0.09890213694598293,-0.004316972414625596,0.22500019402159746,0.1771289295671248,1.002803495,60,Carboplatin_60_24
30,-0.20490926049694083,0.11777432798206296,-0.3406124681891802,0.22064845611319173,0.04125401551605331,-0.07653488377247576,-0.15444241647328943,0.20157501915390919,-0.09528772125853373,-0.20818287984552697,0.3104595961758984,-0.055598893252280394,0.20653351610310042,0.3399951042398876,0.25328747623650744,0.09924702943436163,0.3320422618839031,0.14661792580690572,0.09738232048838073,0.2100431676192929,-0.0033384330911175506,-0.016703936224509087,-0.005338642709971563,-0.060727139068252584,-0.17364615906394507,0.22128464682070717,0.2121601823971363,0.0361408576324959,-0.2857666478672118,-0.1578050604253007,-0.2162642573184745,0.0366003072677654,0.1628137788465328,0.30592620688087696,-0.22149353915558978,0.12548117230728753,0.17500807397763227,0.08729369645963081,0.09502464338694404,0.11089431998734088,-0.08054741718446266,-0.15958994219897005,-0.44814392642133366,0.07364977051718209,0.14172515564628363,0.02458261493529565,0.0476394742021051,-0.07801459249787498,-0.13475024931807464,0.11609235535738428,-0.08387072056184001,0.06933589873460295,0.1392426152423852,0.17051320216273566,-0.040625919827247316,-0.07378346011083904,-0.07555727727086327,0.1384159112057238,-0.1500108801274189,0.08994427524990463,-0.38851588751664146,-0.009153014528796547,-0.05818990259938787,0.0884257938104911,0.15292434827236775,0.27752544564998516,0.07021794290668192,-0.03382627882898052,-0.19564065196883754,0.10937190692642566,-0.15417848979073506,0.0891503240641874,0.2436235753686752,-0.16887736157777167,-0.006805963108050474,0.16650524672807443,0.036627899252483324,-0.04891414561233869,-0.14834476968964358,-0.3243403953612182,0.03231217518890262,0.005027452757362549,-0.10818871516098937,0.0034819090632448777,-0.5016517371462178,0.0064917255467779695,-0.019759550045523752,-0.14575174524904455,-0.061127578124960086,0.12418576494357675,-0.06374113167684196,-0.12206836783545479,0.01806177013879455,0.2797494621708086,0.15780999250046637,0.09314044626709028,0.3764524115826398,0.01051530591651207,0.25735199736550224,1.18,73,Chlorambucil_73_24
33,-0.04104245437609106,0.6135486925019394,-0.23609749592817408,0.26253742983810185,-0.04656983708893462,-0.18415726279234004,-0.2238694504910701,0.033367707530370085,-0.15032459979790422,-0.06671817341682373,-0.20565474678795315,-0.29763772942375977,-0.15023159063041167,-0.044674095064411355,0.2685975947336375,-0.3141970739204975,0.2519537120796817,-0.27939748921837876,-0.22025431981482002,0.2475265665239156,-0.18688179964394258,-0.386577781703463,-0.661808153518426,-0.558618825162453,0.31771550930329484,0.43038288753628623,0.044725713904409374,-0.18702767535317533,0.7768540969661882,-0.03281727209847803,-0.49371186297885794,-0.6635361454229832,0.2898128125256658,0.44297621100286966,-0.3224221937677322,-0.3348272104798388,-0.35358795279253785,0.015028127633884744,-0.1601037516089328,-0.05147362827203489,-0.05401457554601167,0.4660981366834138,0.5530537880261709,-0.08946034104976829,0.4804785082269217,-0.025423040312758615,0.29292648812157723,-0.11541591790649085,-0.12284359723937295,0.5542646086907652,-1.3529133657620827,0.10294366854825054,-0.3225338304728093,-0.19418478135528536,-0.18815499918999534,-0.09210170543111947,-0.47880314776587957,0.37254517454586916,-0.000637897247324932,-0.06483697878608415,0.08831767430270882,-0.46622794257634664,-0.5791760366607529,0.17591394302604615,-0.5137420885878953,0.27431601657272214,0.09007086386320069,-0.13696064906405012,-0.3968072502100701,-0.29048157907512084,-0.1771174674325355,-0.4396833968169703,-0.02815765788502997,-0.06634932641527358,-0.6742060105487161,0.20320705647622428,-0.41475084523129807,-0.18206639768085964,-0.11649868261702807,0.2649659258163197,-0.7295596666875356,-0.16520606006182273,-0.5263469747359303,-0.5062889498865853,-0.5609288681984522,-0.22542586974368065,0.03710105804870977,-0.3055962655198932,-0.5323687155649799,-0.3002587192033022,-0.02958178336435761,-0.3155717618163783,-0.6778755554686481,0.11113129200862487,0.2966880465473537,0.14203807136535276,0.6369230637216664,0.10479465991315774,0.02744722322455348,0.6257204361,64,Cisplatin_64_24
36,-0.2513864937248545,0.21136896262475688,-0.17527334587449786,-0.1501074025757142,-0.015781730186372838,-0.15096630129215513,-0.12728985908759352,0.29054462163791406,-0.2303191369629498,-0.297878665737408,-0.0004457974658951443,-0.48305437027348375,-0.030676469393425315,0.1302713692552074,0.39700410806120073,0.2245047438998016,-0.02530526888665084,-0.11390651814032797,-0.06132963207749962,0.20376809881513192,0.2134620969633385,-0.40792800918707345,-0.3434299728418971,-0.2161489931309465,0.3020661879708626,-0.1806511610587939,-0.016478651446316817,-0.29710315171694096,0.024862974701555556,-0.12917303471963085,-0.3746984107896026,-0.725656209570133,-0.15877014752260724,0.3237330893944264,-0.2629796368388839,-0.17181072651460325,-0.06593082341713159,0.029871293000005756,-0.015082488069757245,0.042589265631739676,-0.05850710740154277,0.17019651000107405,0.10351874389728864,0.0541382949099844,0.17030524830665017,0.2567062422328918,-0.6195174147254854,0.15888776464543228,-0.01783894696753599,-0.009526737997179957,0.153311070927464,-0.12691676548688072,-0.31160905678897627,0.11520944140209344,-0.16191898782318442,-0.2578783393685857,-0.09019382693872931,0.06459404297225953,-0.13745455891278027,-0.10012237436459669,-0.6051461225830553,-0.341522705592532,-0.20954070140359674,0.04836369640786951,0.05239627334612673,0.7205090636591641,0.16917325049204443,0.02548426001176496,-0.18853993426538854,-0.03065205696122249,-0.20626301213060563,-0.17132377161838808,-0.13936733095289758,-0.24595704435454802,0.04638690765699736,0.08069693923093241,-0.4066651666016328,-0.25672528575273657,-0.10687451413984378,0.29968456431491264,0.1423454432860318,-0.09393752810817287,-0.23295241748592654,-0.276003871566498,-0.6446441630424734,-0.03503068067841486,-0.11478876960761814,0.037318759266384983,-0.0435902414134741,-0.05456642643811901,-0.06917524591883238,-0.11545183214965699,-0.13559093207473658,-0.06499789049305338,-0.1692283191912002,0.36564881973673063,0.07385804876937206,-0.2364151297774825,-0.09631979871238909,1.197718631,17,Cobimetinib_17_24
39,-0.21832041310640338,0.24869202602648235,-0.06514058493352981,0.20434712435541683,0.014347525095711411,-0.09575498331219641,-0.21254534873315786,0.2952571176645582,0.0382384351874577,-0.14936387415622138,0.3792127986604914,0.011370763545887489,0.4925634532309658,0.29777350108586287,0.3601428543954892,0.18771012542575938,0.09942378781140031,0.16221608026958664,0.04689989701049107,0.24391271132526512,-0.007543896129492837,0.05546044657869395,0.020075129011446497,-0.15377967670442527,-0.04165167735985902,0.13375767937815805,-0.21523966116005924,-0.027679574733278395,0.2393268570100365,-0.12176068229150061,-0.055001976579099755,0.14011808574526657,0.15374541448575466,0.3952229599087871,0.11498962700530606,-0.11167312500543891,-0.11732421179801274,0.16847500771516635,0.041668796107914095,-0.04207543148884232,-0.11357457408175041,-0.07060125333466709,-0.5662462457630834,0.24222933220032294,0.38825183720276835,-0.14688877731753716,0.13812451688111752,0.04757276675176939,0.059046411150404064,0.09215971211476921,0.13860028178574016,0.08798757564283748,0.010580082395762544,0.10470902353155842,-0.12551327883873548,-0.08311243082390231,-0.018087439157818023,0.025289586216922125,-0.17027454923063576,-0.05098137511182369,-0.12261434988245178,-0.13369585796184186,0.012423687041275111,0.3742390708281594,0.026047511834803774,0.5190440364387425,0.23591066482508394,0.041006904558374684,-0.11967821104380505,-0.014514553121583335,-0.06695078302236823,-0.08929757850553323,0.1262735318417311,0.14184997784346046,-0.10190193723783965,0.3270833900798506,0.0829397706528924,-0.1285222088744089,-0.012472305546303889,-0.12348680554747739,-0.024883103767900216,-0.050575614575995985,0.18561797260463245,-0.024447861204054688,-0.14517339942241506,-0.08450157933464388,0.03288070269049266,0.027064366959194956,-0.09958001156313723,0.19027371534611412,-0.10345926191028193,-0.1778900727155512,-0.14701341552839972,0.4931832114082433,0.20446422143685858,0.22155116461578298,0.07077814392913868,0.24443375400849043,0.23078824550004795,1.270120131,70,Cyclophosphamide_70_24
42,-0.09249904305467034,0.36946107281946644,-0.1502122794386436,0.2214221754280987,0.11645355193440983,0.03778693914554476,-0.11389023594689905,0.2749654193829518,0.054921155825494034,-0.10941239888688958,0.34034470301060854,-0.15853502839404787,0.35942258896721885,0.3437581563543352,0.38572472036157657,0.28420169211685625,0.3219687175095772,0.20210107216276776,0.1420009042836388,0.12262808325650433,0.08365270974942646,0.0043720673298203545,0.10452499468261278,0.05483700570929148,-0.005585227217430651,0.09377674022136535,0.18049196500785145,0.0725584528462017,0.07355550139389437,-0.20662519571564383,-0.1406574188434552,-0.05142546856891191,0.09591336759081037,0.40678239429969554,0.009207868866100638,-0.0779747063669225,-0.03807010173499869,0.2746233330868508,0.05946215309223516,0.000802697724438727,-0.19637438725611314,-0.04094535180802191,-0.423602024960039,0.19415214577410725,0.3417110891558948,0.10439461073189642,0.12332177191410289,0.0361600628670206,0.04778817163707757,0.10883465809845304,-0.17630584282062792,0.014167690848786052,0.07414539879917413,0.16328091236104514,-0.17154977988882877,-0.18067734198204166,0.05660844916264742,0.10164708648076783,-0.11078676281298701,0.10824230097917349,-0.08062307766808678,-0.29496019439265614,-0.021914475645754546,0.22805593885435713,0.2687301652251678,0.34723956341429224,0.11945101646344636,0.07379761664710356,-0.06930718661095026,0.009752086514269398,-0.1949557087249594,-0.09389749412123966,0.20393542347820878,0.12287188686323135,-0.0976311345456697,0.18579744499078435,0.11786532163988833,-0.15362566812422393,-0.09309087951905176,-0.04013521943925269,-0.020764583652114744,-0.08628294593047564,0.11912126394891183,0.07161417765344559,-0.12514511756723146,-0.02773655928003182,0.16126085723371694,0.10457401113601335,-0.2905465433740733,0.2915601549191689,0.07729658933819163,-0.09667194809540643,0.035280374011707256,0.4037488084912971,0.2224760935790737,0.22882272491418187,0.21103353282414306,0.24650668947929164,0.15883382587842895,1.050977513,35,Decitabine_35_24
45,-0.621072530775387,0.6103691317731911,-0.41936183706844565,-0.24632334345090662,-0.13658043718252397,-0.2369019438027573,-0.17239564686777095,-0.03456064624791332,-0.6803903302092504,-0.371933070332729,-0.16090601540352928,-0.5934853504128178,-0.5036201684065983,-0.44296517223756915,0.2996436871548763,-0.24129854747636148,0.32620542915196726,-0.39399506588015143,-0.2939542787095231,0.6505711171503389,0.21094827692718116,-0.22983996546532465,-0.923140087136429,-1.0947094282100311,0.3272550343216633,-0.07441256164577492,0.33625354530264573,-0.36223886472605454,0.881566425917444,-0.154143964235769,-0.5765463993945421,-0.6178485653450257,-0.1700596877106369,0.15345583154989464,-0.6312298478754638,-0.7735388227113384,0.239891194296955,-0.5495727820454871,-0.16349088280025761,0.2724737798335608,-0.05503187913060463,0.8310191536577356,-0.2770538434967439,-0.24559842596200407,0.3628581360284773,0.35915305618831517,0.10969941283514359,-0.26947484124289117,-0.33786082422786845,1.0894266493237459,-0.5345514319511743,0.11177328482920255,0.002583605649160825,-0.11124966902254206,-0.49645718884579576,-0.38060569727691795,-0.4445798372987879,0.3040778190371084,0.1313144799892912,-0.17354755672858976,-0.2272709488406188,-0.9690304669917698,-0.23711973255616448,-0.1382782574875758,-0.17804901740804524,0.20010987975747363,0.022716249655669866,-0.28119479866602093,0.008173169203629371,-0.06505675967370735,-0.24423828832596728,-0.25416481369656363,-0.19766834739257155,-0.14174640895416363,-0.4707692944592492,0.2942532890668094,-0.2091687970189558,-0.43362373452683295,-0.17520146034030912,0.06589581888892904,-0.09046952580454545,-0.5276560144609705,-0.4843918743602061,0.10474068102066778,-0.6993379058382995,-0.3418543303299602,0.08881649326677134,0.05793760514875587,-0.9058807091684641,-0.3755897272860603,-0.013974343354240797,-0.08496248738378959,-0.3316120934329825,0.07056520614931507,-0.0002799747296464705,-0.24208845338029378,-0.19012378694908683,0.013792313721811347,-0.14016631402135898,0.647118558,7,Entrectinib_7_24
48,-0.24944707298021151,0.07090514195659856,0.029949427224269205,-0.01869847349407704,-0.030174125039345353,0.07718954987189046,-0.14694873348645546,0.269731013021617,-0.029203713329189227,-0.010568715403121634,0.28092371968733315,-0.10917538664338906,0.08694917482913579,0.08434460480693774,0.351788977691149,-0.19682966525250264,-0.21095951055294584,-0.17048739135014332,-0.06517641869831219,0.11186304628988504,0.27748728205351464,-0.2599009508027181,-0.3206538992481939,-0.09063142931876356,-0.17311983775833784,-0.0722759418180204,-0.2173082943278899,-0.11085757394885627,-0.030810188149064943,-0.06496363758311487,-0.1154066845705621,-0.06745487503642643,-0.043114793884739856,0.45009470245338107,-0.039994717783447216,0.04275986014184668,-0.1796027808091776,0.26557914946353556,-0.15063019133709502,-0.2076814450910849,-0.17127500044419638,-0.20893302890249701,-0.4224172180169505,0.1318614169202385,-0.1099418439335736,0.13027064565896931,-0.14220101409923325,0.043711346622783476,-0.04014923579011249,-0.14833543146741934,-0.12129162823569793,-0.0761418231160196,0.039641768658816294,-0.2005471890879155,-0.22144466925843428,-0.07760730533476291,-0.013444570904304834,-0.1420843809350866,0.3523711024757765,-0.14279369166516173,-0.4148115085693042,-0.2470295920217698,-0.3446688789141423,0.29018891617722603,0.2507542164187915,0.33678490144581263,0.11852411019121238,0.09079488518560609,-0.14159374614185521,0.013696140335358467,-0.2609206877362327,-0.2091757225191714,0.3784424212620585,-0.34046950705359635,-0.29053019966965904,0.4359288140689588,-0.12334837139112277,-0.22123423480316998,-0.1344919326205846,0.05411249594960279,0.025572129440783315,0.05301019216181114,-0.1510508924340001,0.07835463807248101,-0.2625991622996766,-0.04557797878036169,0.036736774918686176,-0.24196421479221333,-0.08535466492635886,0.1376570845798422,-0.14911070835136198,-0.06495444744585177,0.028295328123984876,0.09763163616340138,0.18991485597562754,0.13038174054508825,0.13373719289285943,-0.00421614436287127,-0.24915916700761362,1.573701843,27,Enzalutamide_27_24
51,-0.8345344905649912,0.37759880247649213,-0.36170593129107875,-0.07367534331177769,-0.042080394052851314,-1.4493180909353907,-0.3652668301633701,-1.9269344542388445,-0.7493479651274196,-0.740010447306398,-0.3443019120681542,-0.643231917497451,-0.13850013508003242,-0.32067777533651043,-0.8928053559792269,-0.5659663487572819,0.5570589626310769,-0.47866737180875557,-0.2801053886391841,0.3629725617237881,-1.088132318901948,-0.14535149571997347,-0.10467996649798943,-2.715302412578952,1.0171553897991528,0.805034171790324,-0.40165959022560116,-0.0055851231650003615,0.8025732030473425,-1.5826516591057154,-0.6880341166967929,-0.30808950254386885,-0.6471608317286714,-0.3353445879051672,-0.4531651102537133,-0.26177221916268445,-0.3274639501599858,-0.5405172999492244,-2.158062865485139,-0.4017784551217177,-1.6650465926169877,3.8915921337581283,-1.5491364037781072,-1.0152059878740831,0.7623969801567789,-2.302286123836895,1.168296549423968,-1.2180627914249254,-0.7744073898164147,-0.5072860967525403,-0.18575387588101824,0.11104584063374184,-0.4338176630268072,-0.9908491762753764,-1.0261420411703974,-0.6933251652560828,-0.2148941615962709,-0.06798468321776437,-0.3246825863314863,-0.6839311193305575,3.1170244965915366,-0.41394861956189805,-0.4660931209860821,-0.6233655669879918,-0.15926812530200568,-0.8445224808068862,-0.5392852315593828,-3.460961721223162,-1.2595247038356665,-0.05895479633883363,0.5380665520560778,0.5827476062253749,-0.37147246520182425,0.36894288502586414,-2.538441531138125,-0.37910166364718517,-0.6358232598295601,-1.661846469738119,-0.1572355276166192,0.6878569945361355,-0.026902656413094812,-0.7168714391511841,-1.4650526222194329,-0.6275032944713825,-2.6027118133750258,0.8731552991203682,0.889034087334494,-0.936754791561687,-1.3253036014081432,-0.5091830980703068,0.35569476412751244,-0.09402569017703363,0.38395157766992977,0.9123572174423726,-0.5652696020974032,-4.196959989683399,-0.8569466065563887,-0.5202119654482967,0.46834505730719145,0.683333333333333,63,Epirubucin_63_24
54,-0.22079504576132936,-0.152674979015441,-0.17561754297478374,0.26627914568268335,0.013084023294768357,0.014242399616617406,-0.1466034910308827,0.22836464927715242,-0.049200618600468225,-0.1968729212674061,0.3729641265438102,-0.03970129344227876,0.1180046898530176,0.35385272094126646,0.15176453776195023,0.3352661356523045,0.12736893677920771,0.344204666185511,0.09656148876519033,0.13995319752345717,0.08316840408559621,-0.028424307465104243,-0.11783338325927212,-0.03947273131084231,0.11982206516817893,0.3038672301808334,-0.16955320915283859,-0.04316278090370412,0.0434547431281481,-0.23317111223198658,0.08501176858298225,-0.02493809389414176,0.17533031723701675,0.34274682162039033,-0.1731625903350149,0.025547018444994407,-0.08920992437529196,-0.005173273672104119,0.11608575297280153,0.0065553585640804,-0.16587950866034726,-0.002522563724876118,-0.4735985131609422,0.044773942163207896,0.33333649580668706,0.05459710715527926,0.03692973511417271,-0.022611304452147457,-0.12396376961497076,-0.029339348329878393,0.1958368011425926,0.07125297022916803,0.10754882010250673,0.05629366189046042,0.044692036310806295,-0.004497588813040613,-0.018250630253435752,0.14690231090774453,-0.16472007492223123,-0.017049154128860707,-0.4138974885901862,-0.08137092913426376,-0.10294975444045877,0.2453887805516669,0.2579301715711581,0.3712293090372351,0.05203324025523931,-0.05796414478554543,-0.07736658412390653,0.02982751322683876,-0.19248767542987724,0.0863186221289874,0.27472049820192784,0.18625088169656934,-0.01731486863743654,0.1926876890874881,-0.10041755395624248,-0.07948127247415022,-0.07709768147753364,0.1353131926423035,-0.055205348254111164,-0.08342217787795649,-0.008156766948691815,0.0399056736555947,-0.32617601154921133,-0.037699129508544725,0.05851664025342702,-0.024221444837265276,0.02726091774366542,0.264853416656371,0.0682953486172626,-0.10477041118713848,0.009449160652198335,0.2522651716535265,0.16422315266724688,0.01814189685781863,0.09115437496544376,0.04695244322985092,0.224045692771886,1.055416144,66,Estradiol_66_24
57,-0.2588625644231949,0.3791724568103699,-0.5058092797649905,0.056936143307724674,-0.04603787921074482,-0.2203072629617592,-0.12647037211590453,0.2862261056337501,-0.07132806526963817,-0.1803008873963039,-0.058447160302885104,-0.25522647980675855,-0.34425582232446156,-0.1766021699006618,0.48756741469932924,0.0032097740234303305,0.02940491878371081,-0.16472545882392223,-0.3513598494385933,0.31456606166835427,-0.18709713386247048,-0.019891831801219343,-0.10820973615560094,-0.27562044538667047,0.05339968464063071,0.060090796835274206,0.012781457444042603,-0.1156020073766695,0.35652613541286815,-0.11516816618050202,-0.03258609335731542,-0.40930746861824213,0.10065937641650562,0.47697868796299553,-0.288550008919962,-0.31029544912833573,-0.09364594101849995,0.1430960143426248,-0.07193972281305834,0.00629680586444313,-0.2640101049168946,0.03777372762982357,-0.35460936984533503,0.20578183949400342,0.26560634154290397,-0.4587047794664327,0.04531816284181075,0.011529176314266587,-0.01015960855520437,-0.13365512630548348,0.010331668226738847,-0.01176973071857889,-0.5376829603941736,-0.043324030462168206,-0.09940358270650622,-0.1620896765751643,-0.008362317421235867,-0.3068442285566702,0.09274881966725047,-0.015909549616438947,-0.3706241717404138,-0.18678621520517713,-0.13217235967507446,0.2962062213169239,-0.4320452819473212,0.5717907669733148,0.12979023103467788,-0.005290201878575818,-0.5995626931700696,-0.21483802336616706,-0.22098210950130678,-0.2308495156847136,-0.16320992876989038,-0.140497738384038,-0.2833179915289142,-0.34512136171705393,-0.2414926016246419,-0.30758382593938854,-0.10646226196751805,-0.2830725100629107,-0.39651608242577274,-0.33812422883085597,0.0744129954823046,-0.7205678789617801,-0.39379266493059956,-0.18603687043609093,-0.02362575471807407,-0.2678624394568038,-0.38697281281085244,-0.2803977988859293,0.051761585745936665,-0.18618928019718783,-0.32126995790285834,0.30800426233129025,0.13841270277387063,0.129935969614874,0.4528762835118241,0.10828073679135243,0.22813776818138484,1.062148462,69,Fluorouracil_69_24
60,-0.21285823353457603,0.4197464569882566,0.05487580126807426,0.05406739197942891,0.06511566409525184,-0.41365107314793814,-0.17434359875091707,0.2759644709162146,0.00737698029458411,0.0006102054190148948,0.3114718989813639,-0.14859412604067126,0.4183685476139288,0.37085578054643625,0.13272459012908241,0.15796418443196794,0.24948657141642838,0.2140934577093603,0.09756502334509688,0.1209332137729812,0.16108621103172427,0.009802945836985266,0.1250844845533972,-0.02363038413233073,-0.4917505770073802,0.11190658938511017,-0.36501693849485833,-0.029556624679947508,0.07019725551435804,-0.29710842040210905,0.018619306486157283,-0.01946555069461911,-0.0646027344222285,0.2824549265556977,-0.09807035589870439,0.24727809303763215,-0.1762521657686147,0.4831044755403375,0.15544440147960437,0.1667806701250412,-0.08137258330713378,0.07751601771837995,-0.7771947327438898,0.08473397920278376,0.15171574703363003,0.12820573579519493,-0.17771244079047474,-0.0546332969497297,-0.11303264552775828,0.0662668732652021,-0.0363813766509142,-0.05924290676073738,0.1052753624394089,0.23322912815939112,-0.14876316787917718,0.04822640932766802,-0.15518535443277726,0.12824916941876827,-0.8662746664810409,-0.007741804827420651,-0.31675069190686345,-0.34546417266200197,0.06582793724369619,0.15716247781846024,0.28066562430274306,0.5177414376850961,0.030410779170488136,0.01505643925906651,-0.009501486144127916,0.0031843255509752346,-0.2724820591304112,0.07378057380657792,0.21621173738465674,0.04386179912417709,-0.06453979823682383,0.4113853310365205,-0.17961850502262974,-0.07483399852642074,-0.017097922502596126,-0.3270963559738808,-0.032205759341713686,0.056926402085203866,0.034254555055805,0.001869550130090177,-0.010358356066198027,-0.04882310429013157,0.060330406245331314,0.020897817149357303,-0.19444971160595168,0.23761472268756867,-0.1532994799963018,-0.19484516193929444,0.19391043071218692,0.15159230596006637,-0.03372202550033987,0.015610836468856975,-0.03885866027909194,0.044128481421649685,0.2516260085125829,2.384628944,42,Fulvestrant_42_24
63,-0.02513288002441709,0.10815675895789079,-0.32076866500906953,0.1927914252832744,0.029125528735147153,-0.1809180575372158,-0.07811942333322498,0.3237519176674682,-0.0006978980592006259,0.011076936704459825,0.30055943092703336,-0.24091616213656816,-0.13172259407480122,0.27351267431553195,0.3874799212684415,-0.04788744375792824,0.23598731470036602,0.028638788722817332,-0.0360381980185479,0.45116397309689965,-0.2607149836583622,0.03234771804199387,-0.01778757334962407,-0.05443504047937028,-0.011650126361203328,0.5245349574178677,0.1659662537316378,-0.06027338860407142,0.4028650310207191,-0.17335780862903497,-0.25583675557641006,-0.21919305746278173,0.17324371146644071,0.4567991698295173,0.06332114843354868,-0.07918882187972316,-0.16096329133411116,0.15776085361311695,0.12108926451594655,-0.010934754189103354,-0.13024373674358905,-0.011282084102160991,-0.1309521963915284,0.23109643400536262,0.2837206565575628,-0.5675842575666125,0.24328380925379525,-0.07632517536371758,0.01315313529070128,-0.00164408288818547,-0.011535841961788806,0.1993898046125735,0.04893452534197288,0.15761121212882317,-0.012754727182582581,-0.003774048184223555,0.07043854899119319,-0.003895154828088916,-0.02916554737903525,-0.06610578138081989,-0.20230982247206142,-0.15273338834378092,-0.018487238086248317,0.21854622078718655,0.1294351244161495,0.6010898640113661,0.1622638878496604,0.16887284073840045,-0.706782816327566,0.3850811214240706,-0.1051519924082721,-0.20084919925209554,0.14814541189517647,-0.003475937845817678,-0.1903940648397576,0.04139957140983904,0.019453611656396978,-0.04839628633238613,0.003338108561352008,-0.03187861074412392,0.021973459831047034,0.31096031901125665,0.1934991723801783,-0.06009238325052127,0.03846704331791654,-0.1760590766558503,0.03209974095305038,-0.06351037687715992,-0.4325437520874245,0.03576818081602511,0.044521017212118284,-0.07238553606067204,-0.640463326996251,0.5766474775852303,0.0909663581904741,0.14109242753285955,0.4497813964616549,0.13910374697469466,0.43253517745245434,0.8280740644,56,Gemcitabine_56_24
66,-0.2745550631885065,0.16318045561567648,-0.010591480668955905,0.2659386869065452,0.06710164827068328,-0.21720355960775475,-0.24937414775372715,0.3577315961201381,0.06576185191555774,-0.3281709413709704,0.31086479068825595,-0.23430753111720884,0.12462447082187807,0.1303713945330347,0.3633835410708812,-0.12351807447011039,0.27714998737181656,0.11552516808632618,-0.04010381594396584,0.3231973441028745,0.06979039949665006,-0.1794857059161559,0.04061850619279649,-0.04550023992390915,-0.18825179302676262,0.16708919471942507,-0.17463932239348665,-0.03167504108860585,0.40282185379759167,-0.06558041693815876,-0.2834164521366028,-0.02452261190182529,-0.07640793051779875,0.5571824810267542,0.05179935374630853,-0.19894489089694423,-0.14716749648505778,0.09204204252611477,-0.04577924115465693,-0.026587152276291215,-0.2495585595776857,0.08390012470321662,-0.5977759638159783,0.3272402239100334,0.26481387520885286,-0.047512657163484316,0.11663418481430025,0.06952640784457442,0.09077925718418445,-0.003639483095409124,-0.6416431573400264,0.07247880783890653,-0.014986066934977551,0.12048568534631705,-0.12143489456179384,0.041571051268295155,-0.11930226478370241,0.12149353699916177,-0.2299007386016704,-0.24450427641251196,-0.09640983371278182,-0.021071620893500898,-0.1925271024741292,0.22192185589642452,0.1781744146107632,0.40644546226865413,0.2504805958712562,0.11499630735963352,-0.3077790626990582,-0.18665740516356752,-0.17108400993727382,-0.07825547270895823,0.4218382014073729,0.11284156905911337,-0.15475586777755598,0.1453707250936761,-0.02103083069102729,-0.19381221463244605,-0.00744044302466144,0.08954870470408242,0.014598606524497371,-0.05716854879310925,0.005158609158504486,-0.09158223655314839,-0.15685008673732817,-0.10294843766937418,-0.026054047078587717,-0.09437856265755618,-0.2137131593904493,0.06577930542922814,-0.10684453361697079,-0.31123435931279664,0.04555598408937894,0.32446720493785036,8.728380599694792e-05,0.3449345019809174,0.269262733344744,0.19897887686630614,0.3416287053343923,1.302756753,72,Indocyanine_72_24
69,-0.16275337275302854,0.20547250028993047,-0.03918246122268176,0.17565627478687965,0.04468360672495484,-0.13986314326401839,-0.036150733909667936,-0.04187434065819173,-0.09269764244672729,-0.024882697734450454,0.19980294605294946,-0.22497531989851516,0.09363069443094453,0.0004452158292723903,0.18294849006416816,0.12408807294432227,0.030314404031629178,0.0797005510854526,0.0736202335645651,0.19280407798137256,0.09016091445574205,0.1971334215959127,-0.09460752791617856,-0.4691141523546223,-0.059563420370126935,0.942990073444966,-0.0023837478636695025,0.04514856650055673,0.39881980607426787,-0.10641550971086218,-0.08419620160289353,-0.3414579066752062,0.07710613581297977,0.3157496219101073,-0.1773077408657492,-0.09608774776002409,-0.01834957997517687,0.18060736355812415,-0.09014748417607771,-0.0069082390373490085,-0.07217981978405101,0.07255783038039872,-0.12154323189966199,0.05404496987915936,0.311628943657922,0.02430763981121011,0.4138468097281818,-0.10963152520345036,-0.146526880595012,0.22264686054527402,-0.16390901462057858,-0.012855752218359459,-0.2575251081854861,-0.10023589106324877,-0.14098193760868752,-0.05902816402159219,-0.29498255315448735,0.19723128323379155,0.025996338364449326,0.03008810057100179,-0.048485303550560015,-0.3299237474968916,-0.2526872099048262,0.06457769588361216,0.04106803051731555,0.44679511760523444,0.10109802354637203,-0.0711497871332359,0.14438120451097847,-0.13646135163024906,-0.12613113740764428,0.014518680653880067,0.2591002094317552,0.058700769508130225,-0.29497368349198566,0.1215028371440466,-0.12972109586710792,-0.08524073181128346,-0.08114436972066667,0.3636673745903202,-0.10513946513077177,-1.137853017742018,-0.29587582531506446,-0.06559768054808846,-0.9480089771686124,-0.1165893253135798,0.023838498146766463,-0.0729560952842679,-0.630595464637309,-0.10927809187763382,0.032868228144047454,-0.11649846494272609,-0.31538322932567775,0.19225271194283644,-0.10848699617155948,-0.14256539004213,1.1128617036631383,-0.09033727237723184,0.39932530187935966,0.8398241206,31,Ixabepilone_31_24
72,-0.10527574488746427,0.10865540237900502,-0.09747900802544379,0.2115168096409208,0.029941139213881512,0.09291834044881882,-0.09552653116212954,0.362663375617178,0.06763202490494981,0.09351932384152477,0.3753985424688837,-0.06798624008096273,0.1873661986466493,0.27685483659102267,0.40650295006402654,0.23839200099577065,0.2408294659493213,0.22578155407403136,0.16410425880814483,0.08881428873238605,0.24314393388835912,0.11929492373404367,-0.020313712000342928,-0.09847782021521001,-0.12109133911596716,0.21919328579863084,0.09690528479905773,0.07284593492081375,0.06458413009850823,-0.11745603919852125,0.022024537400304856,0.084255518768444,0.10013775134352336,0.5577479049357962,0.02741891434362365,0.13827411339420584,0.03378623080894776,0.3505447243693507,0.08524618570603694,0.0738593526187404,-0.12419367244532263,-0.2624057630918643,-0.4515922635213112,0.18474533824082662,0.1357380413423466,0.08433654925426119,0.1056469327064578,0.14131884036158734,-0.007729863124586169,0.31793334673130186,0.06750960002707561,-0.02502721051810977,0.19164472157930104,0.09289277936145485,-0.01498907254739417,-0.11358105908037212,0.05054409876623602,-0.05551294624791036,-0.06945880940102887,-0.012553052608524046,-0.19872069342592494,-0.10226785392148917,0.03358887694634469,0.35928683377599774,0.34410169983724664,0.6205456618202243,0.24159377739122048,0.07331788041826114,-0.2729325555537849,0.05247662622458158,-0.10739987207446851,-0.03130968831218919,0.34320521027601697,0.06090546228440071,-0.13586795487355716,0.39583036495020285,0.012276293206757142,-0.052847329560452405,-0.018971070860631403,0.17845377025128398,-0.05981188196882483,0.21865583241947073,0.11949604577011348,0.23070706004787667,-0.12820424275106926,0.035550802177498876,-0.027945371356806428,-0.07114668404853088,0.05019026047707017,0.056276327328460406,0.06475914224363925,-0.1329982065909272,0.00339868221586045,0.3603440763087271,0.26259310818684367,0.06382204648784597,0.2816974237217365,0.12933953612700486,0.11828942542197995,1.688846641,12,Letrozole_12_24
75,-0.3439034182114189,0.25168361155316993,0.003954074300273623,0.29037681034425383,0.12574994324881758,-0.09309479288734762,-0.22305396319568183,0.349643935297611,0.08550050253130885,-0.18251122529097005,0.3390079025748805,-0.1231136120261147,0.26563497792203855,0.25747821606388066,0.45926954510941337,0.2968098308009017,0.04280522831861815,0.1568187783349985,0.054737280583760234,0.37884272679586317,0.01312933897701177,0.02800100400588609,-0.052304815702045815,-0.15207701097151025,0.039836482408386,0.08700812010377144,0.018425960002998436,-0.05172301890196913,0.30661910535223597,-0.1819591852204864,-0.08776860857364747,-0.2996659773154228,0.22930195914113027,0.5456671059139798,0.10342380744169728,-0.006851459113079865,0.0111672975796447,0.30398277429211995,0.014253311803711276,-0.05488977630546763,-0.1776354833521345,-0.03583001297800908,-0.505617557568172,0.29897920922410504,0.17557682435232566,-0.09755154847925325,0.2991346873713612,0.1447838490760266,-0.01819013156329207,0.024800852033433768,-0.12454811137644396,0.24478663838762257,-0.06817366579626254,0.15580764217637053,-0.13027881161696298,0.15879735636638562,0.06004612929620651,0.01667254152637618,-0.09679612586812225,0.0481042695270933,-0.08471973293981362,-0.2681731344138258,-0.008852468027261853,0.37722138719200093,0.18328961655353668,0.48588134849756676,0.25550507331275363,0.12275291576869644,-0.7747145014462568,-0.09026074033193089,-0.16513449088918952,0.005499970635237575,0.06895681994345115,-0.13069717065140116,-0.10771067036826414,0.28493344589979536,0.07066810601360256,-0.16245073370832228,0.08552092902104713,0.0840871620962159,-0.0014190902924543503,-0.05623650355445858,0.1878907815147978,0.12461420367397207,-0.012764245801581281,-0.15068944030573864,0.02063583321660397,-0.007728123711049084,-0.5038338548318325,0.23468870597207925,-0.09830811528131662,-0.24869168073088074,-0.15658494702948808,0.2867762992781886,0.2277771939074065,0.16796911612294818,0.24598306927431746,0.28566095665414165,0.5214405064413916,1.271161725,71,Medroxyprogesterone_71_24
78,-0.30688934707942545,0.1938128538803483,-0.2470089077961778,0.0008713924550271442,0.0062990942131999255,-0.0028909798934709055,-0.17010814022424817,0.16340281017974342,-0.06153408757413641,-0.16282691914118175,0.23952120680203057,0.0028806073531826757,0.19215874103976752,0.38303354899273545,0.23080383035896812,0.19161646088266449,0.2496662566488835,0.26117588613188025,0.07462130676201051,0.19189739887779647,0.044244139544907274,-0.03110424932244747,-0.001581226237368875,0.14132147052314056,0.10279445870219767,0.35616523644062265,-0.05207280942672349,-0.05800063581723019,0.1068142405567356,-0.3257719631800027,-0.038410800458053306,-0.2855508022606565,0.26445448926209675,0.1594237347198099,-0.1008787862286682,0.1919381099286138,-0.042212050464220725,0.09910735940206239,0.04695548990935213,0.05215578367728906,-0.14353500676830191,-0.08311470875800973,-0.44261060228119686,0.061736511877821205,0.16893629417982522,0.003341572577144278,-0.0170182790860644,0.03896377544588928,-0.10868002331670418,0.2441426737365545,-0.00860598551542778,-0.009793314620202623,-0.11954878951166721,0.17994254453834282,0.1367418443376775,0.024595678163203936,-0.08899294618252422,0.0711348537893547,-0.3349633377150641,0.04841079175789246,-0.2701735208818408,-0.060856762574114875,-0.09067164229596318,0.29201017733989887,0.1796146776737504,0.33419240160316477,0.05633719446794446,0.014216340183770396,0.12916680074429968,0.13949977523836163,-0.0718500794184788,0.024815833425003223,0.35136497037580555,0.1739961477943587,-0.05148607902093085,0.08333542106357435,-0.11998045115146143,-0.03684317221586769,-0.022758842910557724,0.15816541932680708,0.22857932916859713,0.0949313047990948,-0.16194712388655202,-0.09031320369262497,-0.031020333269373812,-0.029557040278061858,-0.04562878048639479,-0.03870653961431603,-0.3956050619003211,0.21103292574230648,0.043117991630604875,-0.21188754042057645,0.11848909031674114,0.559674686887934,0.05622143505869983,0.0008976515136973109,0.12966913651436243,0.033737394358289985,0.1999180567755728,0.8227728983999999,68,Melphalan_68_24
81,-0.14759963273816215,0.2465987921290375,-0.03371516380156159,0.06551063355316382,-0.014925285663114614,0.1153877228408447,-0.21345114237346088,0.2966526287748675,-0.02085883702279052,0.04773412299058347,0.4867929209306876,-0.052089371079877635,0.2928916489357894,0.43273388732170154,0.3364289510640635,0.29286234799962046,0.37363897929344625,0.31695764504024965,0.07082190827186298,0.24162188462542733,-0.14185982074406242,-0.0006358726326004954,-0.06743795166662689,0.08753658121343023,-0.09298042714553778,0.40032764506584656,0.07074082662893352,0.037758336047075854,0.23267391199501053,-0.30414822554782434,-0.1283557579741006,0.023523038897119878,0.23400348178200625,0.4735830812024502,-0.15628200771628453,0.19299942129872108,0.14473667176310842,0.11376281107394674,0.09430260094211851,0.17194342437815913,-0.06252932939308696,0.1274047608524341,-0.605111666133737,0.08048592152326746,0.39918693048334947,-0.387535407253089,0.18530373698463784,-0.08573068879594126,-0.16550046662406565,0.17818860022996508,0.0003007168514298775,0.03310589307185846,0.11917810888393889,0.16026023975508982,-0.0007962509646419503,-0.05074870186067037,-0.06719768652217555,0.18056409867717163,-0.1904397829318509,-0.038663150135175184,-0.3349769419866173,-0.10096235529013088,-0.08162976690585903,0.35397606909613727,0.14589656402639004,0.6378350588597806,0.10776070331203819,-0.2026509974264128,-0.3701579195049143,0.16966522152459299,-0.14623314100230472,0.012899238479145847,0.08855971766696562,0.21251741694524864,-0.18017507307215216,0.1084959193159124,0.0646579658166611,-0.03657473667046443,-0.09821939896341658,0.07058247876179063,0.1708094691578116,0.060862725050708784,-0.03629523385102935,0.056053148178624716,0.09659843229326807,0.07207376692220209,0.015436292905379144,0.1532950642500595,-0.22420871579137966,0.10509643073439856,-0.02979522597818567,0.01716995000583166,0.08989770387980378,0.43592798690747797,0.11754821832796121,-0.057896510489587154,0.280426772954066,0.0334018800704599,0.17152124178187844,0.8091802593,74,Methotrexate_74_24
84,-0.06200059406609718,-0.23613651331580482,-0.217027734236357,-0.48646660844740774,-0.3416090794761792,-0.3144387928674805,-0.49082361016712456,0.22282426519828272,-0.16828536735405975,-0.644717793113602,-0.1595241315942078,-0.47214069483809284,-1.2046580119884922,-0.2211992079618508,0.10375586260946043,-0.07753604874923939,-0.5456270804899142,-0.19791374782905005,-0.42612195287498084,0.13071647692947228,0.010018813938823605,-1.027468041493867,-0.47985295735353417,-0.24204224605588648,0.7709746930444996,0.3918495983256011,0.04778688459115047,-0.2506594234729158,0.22783647901693913,-0.34931081378724926,-0.0912293664153479,-0.7474177305952651,-0.1416707467310368,0.22439532921242616,-0.1435930151585709,-0.615366829941074,-0.8603384301391643,-0.0716635405204448,-0.16940893863435097,-0.3297729005359579,-0.4545408715367658,-0.25603717782011437,-1.4856289358555699,0.04886272634996831,0.012037636353989398,-0.13370100952364464,-0.5777559684947695,-0.31868727017832044,-0.06766775104379763,0.09473031775420707,-0.543592991378387,-0.3753201172761356,-0.7585475424742718,-0.5536105813983704,-0.7655665994851354,-1.1248044911893869,-0.0603992574465754,-0.5783421651051319,0.030575595154562152,-0.5368243158689971,-0.5045365150700031,-0.0046847970737780575,-0.4300711942145074,-0.4521821090169289,-0.5344574609540313,0.4461446167833475,0.22232820563308736,0.06792142850196206,-0.7658326749986404,-0.15253643916515958,-0.3278668389728989,-0.42520508888871067,-0.7068988939052763,-0.6627354534323162,-0.3482284090536052,-0.07722562067422359,-0.10721343561793883,-0.5378554407951395,-0.746470531362179,-0.1006585627841727,-0.4815856707103171,-0.41437850890841077,-0.25031087425696114,-0.07054340307729122,-1.3474289805276616,-0.06689567398025036,-0.03763736282043495,-0.17092909275987483,0.07359576665776302,-0.7250868420704102,-0.8501010942157782,-0.38304493458536637,-0.6693630942847326,-0.29741827155458356,-0.44303635875599223,0.4071874606643018,-0.10118381459661657,-0.113804112455698,0.7124849427929695,0.0148766666666667,11,Neratinib_11_24
87,-0.14732879022090534,0.29228979262909904,-0.011033405246620701,0.0384776159160719,0.06280870111771626,0.19833191618032084,-0.11013051537525209,0.3115551316055249,-0.0019518637602687426,-0.11981250441820968,0.154502335542706,-0.0283753469154929,0.34991495387026356,0.14301402255452383,0.3494780209110111,-0.04839140598846824,0.10160442100603367,0.15616384319411059,0.043276741435683615,0.05536053745567898,0.14638377277338108,0.07943712760714279,-0.07378575970251089,-0.10602496495584386,0.1261363521081477,0.04387907001929515,0.018944608840388996,-0.0606825952232097,-0.20054103092263506,0.06947578345099935,-0.07991873320823846,-0.17081239591675937,-0.08236560803390278,0.3443170115827092,0.11959445765567416,-0.00611573145327923,-0.2237408084289075,0.22210928742179117,0.09492033970476481,0.09698461266573612,-0.21771613516139535,-0.02360110220445068,-0.5576504044911266,0.1339156960544069,0.019134638415479435,-0.059648149444649134,0.19191032148395884,0.05155900430195756,-0.010927257891107317,0.17999481690408148,0.08962177334918704,0.19364398633738214,-0.17976784719473646,0.14771197541055922,0.05477459359250746,-0.07582022595571364,-0.0819117712921918,0.1573124958037421,-0.10450193356217878,0.002218471215219444,-0.16055676418479203,-0.025925534327220067,-0.07199387650474577,0.34186878143535404,0.2174716449021091,0.37880585458939636,0.1671795593748754,0.0973816728404918,0.0064932710065448524,0.07173193333218118,-0.154516290110568,-0.1586008280123393,0.26107744511577946,0.00938629811005573,-0.19644123190163268,0.47379623742061566,-0.07608531144173325,-0.1701647253005473,0.0052103289745837516,-0.17758070163169068,-0.08212892320923837,0.10986156683065022,-0.056654661798810534,-0.02523978637674432,-0.1554772013405785,0.019130366570087442,0.0015955492446970791,-0.12494472427754351,-0.19441665915689943,0.019195055791913152,0.06275026235345903,-0.029557386297253945,-0.28911893476660566,0.15398261391160284,0.26340753053261784,0.19148926072243902,0.27282565156912786,-0.09318044407496978,-0.1565394454877862,1.9550063370000001,13,Niraparib_13_24
90,-0.17835356396291702,0.3358500727892208,0.06535192170842855,0.06078340835511084,-0.0010357856466590802,0.03686277506024044,-0.13254161775019382,0.18083042969018773,0.04650979228640247,-0.15943762415944462,0.134985076966572,-0.14908816750458379,0.03620268894738107,0.2549167903497526,0.14733856162968476,-0.16306968241379924,0.10388015984115428,0.07157001022224495,0.0589765925422708,0.2771195921697034,0.11138512310228006,0.19537790815480763,-0.06063948405093853,-0.006983763073154336,-0.09719938739598044,0.24339628971164096,-0.1763903083953288,-0.014457787146359478,-0.04841824367171552,-0.06421890501396876,-0.07607491973264546,-0.086758120604624,0.05838263679139349,-0.09217318841340794,0.029306679095497095,0.1753875801878959,-0.184320196968341,-0.05729385593804076,0.03443786662769847,0.096538117920484,-0.06673598024115474,0.024735163542642408,-0.5635939887752842,0.02718621903716253,0.29364396619173677,-0.0017556298911798052,-0.005224412696246332,-0.009355569168774234,0.05178752487778913,-0.06723403523655204,0.059987030098323214,-0.12539368097290424,-0.18709699269993205,0.19363893700798296,-0.1598610768106627,0.0907500190034437,0.00594508409047619,0.03571075133825093,0.08523197496289531,0.05711078419658192,-0.11984574142663991,-0.17911478324493157,-0.030837526219961203,-0.24237715689013628,0.19510519082783248,-0.02642239009414347,0.12973262696136165,-0.0072477332929632085,-0.09816497239451367,0.06348667793686945,0.00019679191884431602,-0.11248972083409563,0.33894783676183754,-0.014046630061350035,6.055174462208749e-05,0.13456185274364477,0.014799474592737246,-0.08049441927975733,-0.07647243540029228,-0.2952914829634106,0.027374952767890124,0.07056231178656854,0.015473763729292739,0.09681411343215886,-0.15344458510668976,-0.017545694900414216,0.18545214365453908,-0.036176990374395084,-0.18959600535317908,0.27336635573861096,-0.1947553384715863,-0.11748012488565478,0.2826359690647313,0.3982788324255957,0.22281744085181768,0.05380205875272177,0.1285066846103519,0.07856008778118627,-0.1282813985608534,1.00126742712294,20,Olaparib_20_24
93,-0.09269296001272875,0.16452185194966454,-0.27395423601425345,0.019943666257040877,0.04618171322841821,-0.161214580906325,-0.16072035738157855,0.19928009751833145,0.04899617896575211,-0.1451239633910608,0.20388228627653468,-0.21171903864656572,-0.03586090925361202,0.04364973703524478,0.20798603748963632,0.000323642215526813,0.059186663591922005,0.12496328678241164,-0.07857424321271025,0.05254751835622806,0.243255031847028,-0.06508329806062957,-0.2324970954965647,-0.30924955315591546,-0.02357927056802273,0.24682647670849622,-0.0737465807327382,-0.04738732171619756,0.0603734234883998,-0.08329048156246668,-0.07920167620452395,-0.38223378481140907,-0.16350264527452943,0.299305227127098,-0.0015407934124351725,-0.27342208322728184,-0.1024354445452529,0.22725443578531682,-0.027386797459325502,-0.23773903916708483,-0.13821851185881168,-0.027959691869337704,-0.548330087804971,0.1523976881505956,0.19889687033491185,0.10053509032755625,0.02390054025809288,0.07936927052376326,-0.03596790369287023,-0.3690957974699513,-0.1362409331933543,-0.019681782693737396,0.06371034160960179,-0.044145874171375964,-0.2949084297114663,-0.12567391096007322,0.023807103567930487,0.18608864756335128,0.03255464295154271,-0.07272653086022893,-0.25492052505505003,-0.22785462688909708,-0.23538446208439545,0.012812987534233863,0.2884235650914969,0.5004376167811955,0.19061431500798795,0.03072971163256379,-0.09100400946396271,-0.0411052440893876,-0.10209919352448932,-0.11332055036827328,0.12518034638390999,-0.13840644990114218,-0.22242204701569823,0.35651561015968986,0.20901721047299957,-0.34055336120564966,-0.33509014997006803,-0.28738403990140665,-0.028188138336699003,-0.07795376754500571,0.03370896695218024,0.04803094773209249,-0.29551099457486063,0.07706535344553829,-0.07734930862557722,-0.24502514419481577,-0.24396102868361588,0.05499817664656841,-0.049643774154220964,-0.11420021740394797,-0.20792965107022274,0.16676538011562056,0.25721049409382357,0.08795103111889395,0.16085036612826872,0.022333753435222054,0.32552176127200366,0.9288107203,30,Pazopanib_30_24
96,-0.09987040367006127,-0.056551516467665874,-0.08605442827449429,0.053223092477400646,0.07902848630348039,0.1753539727374438,-0.18509329954849826,0.35886840858374786,0.06557068494734783,-0.1295428107945963,0.31420921064701673,-0.3087202548394772,0.013503545952179175,0.18025776870749363,0.42807137664426825,0.21454657966627444,0.27915928351725044,0.10522076578267915,0.09887361710588703,0.4218149734602081,-0.2305993611942285,-0.07157200263262613,-0.04525775848742546,-0.16726561663264838,-0.1212335823799826,0.14007311205031994,-0.05394836288554133,-0.06913387188226013,0.31470704254144727,-0.36068388973922344,-0.04027299316589184,-0.19622277727208934,0.35494588544025724,0.6673137553484295,-0.005710407294307653,-0.03498381965134956,-0.07940727097213303,0.3770756436379333,0.08234867342870429,0.020610731810448566,-0.09863527145383554,0.06681151320159072,-0.501902684659019,0.2656842621067157,0.2693839122566488,-0.5014033107654728,0.23373121864848756,0.09084757959583789,0.07802289432250296,0.0741743353342273,-0.06341820794513538,0.01490192889159389,-0.19491366119319395,0.2621212291376938,0.005396286382371916,0.1188295773085634,0.0628213787566808,0.019258254481386124,0.05265724123030884,-0.0629001503219229,-0.1668078569089777,-0.03647876154234448,-0.13196359139622818,0.37551872231258465,0.29269785655917063,0.44584591132225954,0.19530829917173276,0.1265140574504236,-0.7048164165475445,0.14991741510855516,-0.06776916866306953,-0.19590806830664595,0.18657562672098157,0.12761507878548922,-0.2597598196193373,0.3518876205805144,-0.06585015224405147,-0.03857882321650516,-0.0028994761905881453,-0.05553726511271261,-0.15311543931558577,0.20194417039834564,0.1539209975408611,0.07713048156272903,-0.44338156381044874,0.048813599220644155,0.053876992263250954,0.037621645464116484,0.053409611302335125,0.08726023818096197,-0.08777460762227857,-0.16233954247839721,-0.11023655553829474,0.4973158322728086,0.15481159877443804,0.03574269699942329,0.4268457956821862,0.19485538413248138,0.09508408870705108,0.7184117718999999,40,Pemetrexed_40_24
99,-0.3040090839755685,0.10076474813616959,0.036267968378026205,0.2159681629513134,0.02510316629526398,0.05487571806541055,-0.16276562641182443,0.2841842540108402,0.03346503643324717,-0.08530242718274132,0.3754981056351466,-0.13920502716110184,0.3349126500317832,0.1736178121524511,0.44605765431291305,0.2994746861939305,0.24206496654232712,0.16694758746287153,0.07589504516660228,0.09796550318852448,0.08784184950754235,-0.11108009766457012,-0.008525099490891502,-0.02975070847621276,0.15453800352330066,0.009826703980423457,-0.05291961169127441,-0.014679543732711122,0.269423512643361,-0.10098044605221783,0.029364935567207467,0.012754271990950444,-0.17458547779152864,0.5513711071127022,0.023894188844895886,-0.03453584580114812,-0.1312933258972878,0.2657891681238893,0.09199214624760042,-0.14826064839642272,-0.18517140858393555,-0.01835866105491076,-0.3480249226967815,0.223882378238878,0.25236238437520275,-0.0708866991890475,0.09328861817062596,0.034178740970233545,-0.025496957006839297,-0.015529632307387353,0.062400573509433295,0.10628021010353884,-0.11302457356706425,0.168675484091418,-0.18819417978560818,0.09376799388466284,0.010176453559207838,0.1746518583305744,0.051648290642022116,-0.05009727119463558,-0.14209027336399574,-0.16675671253757204,-0.11444172909487965,0.13782989248358335,0.2268668362910773,0.38569204721677625,0.18903494370254614,0.0367566970392156,-0.2831542755644135,-0.057805992757473036,-0.19741228413470258,-0.08850865306230847,0.2146565382485047,0.1155668097787983,-0.12233585478046254,0.3168369140277763,0.20579510576248597,-0.1975894810495761,-0.03987880040044276,0.09416846773775922,-0.09579312132481688,0.0012840772928759496,0.037657284997257935,0.028470814854220816,-0.27920913569900513,0.027977637466342718,0.09498624926436428,-0.2191571988971249,-0.3601349762176804,0.14943663226515144,-0.09678210177565733,-0.11960998251099479,-0.0888933262046579,0.5706093256897838,0.19967566520034438,0.36498241706332885,0.04068513732956314,0.23786992101294735,0.33198098054262837,1.030784764,25,Phenylephrine_25_24
102,-0.16346820162707384,0.12743917935952304,0.062371719559086804,0.018336072310407393,-0.035540052012652444,-0.008039168462255683,-0.2759438130765073,0.2649991024352912,0.047611496112919045,-0.2117218543037573,0.3185703131946957,-0.015157609551492071,0.308555971638281,0.20292854502943736,0.28331021303661785,0.042181816311595656,0.13543943374598402,0.2314945781450629,0.04885051171964649,0.23947598080410112,0.14467772001955806,-0.0604996738436022,-0.20254565349808404,-0.22801052939521135,0.050203465954972985,0.25692366986046555,0.25665720792659025,-0.09069298113098027,0.3440496082799551,-0.09335178047486418,-0.121088843282247,-0.18413363400254867,0.3350428633763974,0.4228280468774644,-0.08014771376158315,0.2647484885553673,-0.023584493195789157,0.11979151115187858,0.13187114897748406,-0.17842030437187764,-0.004439037934125469,0.05674625803853789,-0.42960997680080126,0.06547058371328497,0.40981884013249587,-0.013909049535850702,0.11373940578486637,-0.02294966368158935,-0.044644194931593294,0.4262320169285901,0.017761343510314127,0.23727532461702874,-0.018703840396660138,0.18282303191531213,-0.03124630196910542,-0.0911788456385804,0.053826382654197036,0.041614739120001874,0.13436980409183805,-0.3159441395203535,-0.44255598449484723,-0.24593902193522021,-0.1495942202012876,0.3307321078730943,0.0815415016867976,0.43731685702384615,0.06209553179916468,0.013096859506487618,0.10387774788492865,-0.011323338068219243,-0.1615945584896589,-0.08017438275192433,0.23961875476390646,0.11217511091303013,-0.2698915429422318,-0.031781476502196905,0.0485552663752975,-0.1676619601653669,-0.04917915640756674,0.16370411120729417,-0.037381530309657345,-0.09134779960798772,-0.012915653572246907,-0.10283666128861013,-0.12023319420047136,-0.03839837595144006,-0.00876095611926699,0.058076860650782956,-0.44468016091876034,0.1381480416740268,0.06232241827974553,-0.20367920082308585,0.027651347251032382,0.20468613377224068,0.08927604015141193,-0.011249717557157793,0.5451950357452123,0.10674907963074554,0.1216319147462549,0.98956813,51,Raloxifene Hydrochloride_51_24
105,-0.17554190504247316,0.2958176726069653,-0.16623301022492348,0.033519176519202686,-0.0027764026343449952,-0.05515912133006152,-0.18323407414159254,0.34421287085265523,0.08127691937412312,-0.4046335095797266,0.31630133087880635,-0.2665378887879442,0.28102477655166486,0.47688883635137214,0.22960414463208947,0.19499473367204403,0.40691766571294014,-0.005556493522322542,0.1991570253106502,0.3487108363202611,0.10854415145684469,-0.021008236728644675,-0.028411639703413715,0.033737825611236345,0.013550765009191187,-0.038115899572923995,-0.00486651913749096,-0.13452451668810797,-0.10145294450265345,-0.0704450954816885,-0.026583735272694194,-0.04687754258900386,-0.0008526553471727335,0.40001760795897273,-0.02084571817737446,0.028245832944637835,-0.27702548670346555,-0.1545113883892182,0.11034791750308871,0.0572326692539033,-0.1516967065281676,0.011985251678824223,-0.29662149661593007,0.2283979102178593,0.2858770906003641,0.002003092137305045,0.3236675107161871,0.1400624092403253,0.12026456602154223,0.1734275211459725,0.0808679617975266,0.15182935839963405,-0.10422870137764466,0.14600715117581783,0.016698721592305395,-0.08257675525718228,0.06927709562510263,0.11464010059858942,0.1073096700690173,-0.06902479778004804,-0.23708988888626403,-0.1258418014196617,0.007461353021165566,0.1995856572185717,0.1638795292521322,0.1406943153730793,0.12953000527443395,0.11720398700118721,0.06110398515027211,-0.10714012688666681,-0.10218305213214322,-0.20767327199641128,0.2585983031541461,0.0026773034730582027,-0.04539251735198696,0.11654667192259234,0.2231844905673709,-0.06873392248285864,-0.11786123387520542,-0.1339578276378348,-0.21564064718915174,-0.049129803727165806,0.1467136116475569,-0.14146396670543013,-0.4153818065398283,-0.0687394976355185,0.17603315361976699,0.15102469833055537,-0.18544563344651332,0.2927221036654979,0.09168718041241553,-0.2104186168807988,0.04721495745780504,0.4649457089298361,0.029016842860660044,0.5072156430862915,-0.10599433301691714,0.20533753365295637,0.297356420230565,0.7829646627,14,Ribociclib_14_24
108,-0.41391803435107927,0.23206141242118794,-0.41440093634099595,-0.0742047433596561,0.025758691241785297,-0.029884673968073414,-0.05979996297847092,0.0652974896436956,-0.004703994563717032,-0.06854219102056301,0.2667179906963912,-0.13191192522475761,0.21626788451557974,0.3363226135860246,0.15361490630530558,0.2456828054976988,0.1791733301843839,0.10530630296731947,-0.04398210998471851,-0.10364928566665965,0.22066087608041104,-0.1801636552331344,0.030784931656815895,-0.0032703047359152644,-0.23291775852625207,-0.13567902821406286,-0.1269459639904393,-0.045231643143269884,0.16576816769647762,0.03663458437144081,-0.0645151065652749,-0.04225093833904384,0.09464439210428859,0.31200212469185745,-0.21179627873382764,0.0352713855019812,-0.09495605151459396,0.38271192594484565,0.003299672065619657,0.21738998686196273,-0.0516459475623805,-0.1609800629509781,-0.3169358846264329,0.06366404544536215,0.30370917036960127,0.03919972048930547,-0.019664156721469123,0.0038326523650212183,-0.05239641848529256,-0.008574867335045484,-0.5893489536062048,0.06449212509374315,-0.29404123425657713,0.19315720664861022,-0.10176912934890821,-0.07457744017479352,0.026371784856840205,-0.23160141873952134,-0.051160557116076796,-0.2219689325041374,-0.37715961987258934,-0.19048946555676974,-0.047746411758369835,0.029248918966006423,-0.2850606209575039,0.6421822039489149,0.1355910871273408,-0.08325473791299459,0.10165636465880738,-0.1108251351006837,-0.18048775867909797,-0.04978402236078408,-0.0061047816950157525,-0.14603965067472288,-0.1362740046917621,0.2142097518559782,-0.018256579870371322,-0.18415458922923292,-0.003827078570797088,-0.20765376361673793,-0.03981787258491145,0.14133580451812355,0.008044808134414596,-0.15039245749838517,-0.36369348861351875,0.009624198271803717,-0.04126628437021146,0.0795697056902927,-0.3929956031670196,0.168220119848855,-0.0383543534413589,-0.14179809851456282,0.02759931119379483,0.19370698480163348,-0.03668384979232081,-0.0256455139460255,0.38001832229346433,-0.12251092394723208,0.06138166825782007,1.5367553870000001,18,Sonidegib_18_24
111,0.05369657868166883,0.12697356588900013,-0.42948925119934783,-0.2057727229783845,0.028108035493885748,0.12349403547272786,-0.34638096973495736,0.25288637546611487,-0.029995354847891287,-0.2226595529252762,0.07425485280755423,-0.11362584292511119,0.01683423597226602,0.1467944641018469,0.21122255263673398,-0.120757671251839,0.3066120736191427,-0.24364914194544618,-0.0833308728375706,0.10140150033841172,0.15488671583378183,0.07814691316915998,0.08595387642782462,0.04382773818247111,0.3061129279896786,0.49548558299202233,0.11126753357216848,-0.19520863526791202,-0.22329898156652844,-0.24390373594310627,-0.17559676799546214,-0.17759039006308672,0.17562751808022795,0.4890892418992123,-0.11591240422862487,0.08253813184513262,-0.0824812263698875,0.00849228868688734,0.1175349650231644,-0.15327939443851604,-0.15586119263600132,-0.3693640188561693,-0.3201448197984209,0.27542168710460213,0.3435560823289048,-0.026081145436672597,0.893799184378475,0.1504006562434375,0.07262136833315333,0.42949628976537746,-0.05149766378201129,0.11044438906927259,-0.1932922511127443,0.18505353901658073,-0.08157518561973252,-0.10311938514008406,-0.11785818507146378,0.27051450597887966,-0.09319080964753848,-0.12797137190203847,0.31510314893243807,-0.10331594079085035,0.11983426977713657,0.22330414678479632,0.03649522792911944,0.566077278349094,0.21992112187268428,0.18495476200563826,-0.1373514395269339,-0.13224881180925468,0.10291698539203581,-0.22325468416760796,-0.12334764537669608,-0.17266026355977152,-0.41602067346078675,-0.21214580602746902,-0.38821483958871067,-0.28338833037983924,-0.11609835138196646,0.39355683371535044,-0.212394906569294,-0.4940774101709031,0.049324160095148735,0.04561495355163139,-0.04780170687674096,-0.1539828998632263,0.061701335030640805,-0.03962438311223153,-0.49852714921676244,-0.12000792848133239,0.15560700518828574,-0.2693064496701111,0.057317120260452714,0.4014661510992469,0.03510102630029383,0.112379621143081,0.19186202971333688,0.019815265846691337,0.05703603229875334,0.7404497476,36,Sunitinib_36_24
114,-0.1270903274853781,0.09643737863120729,-0.22974556592662473,0.0947421461433583,0.11824610197564678,-0.04515158234965059,-0.075051075013348,0.3746405488323345,0.007417111667128463,0.047433920683878306,0.26018582117240346,-0.2135700422337702,0.25636928137388504,0.1973387798811411,0.3378215757110213,0.09031708791752006,0.1224760440377514,0.1874802019809607,0.09678513236993269,0.06770026069385686,0.1090320185249913,0.102689383325693,-0.08794425031975987,-0.10368276019754365,-0.2064438633002519,0.12141806440751231,-0.2189452915219053,0.027178999064180472,-0.031790773152231576,-0.12939633359511568,-0.022004009223349094,0.010411020169941495,0.027403601341793676,0.3568416181187688,0.0007538294540396784,0.037381858558804694,-0.028066373276964023,0.5589858997105647,0.07195293988238656,0.09557842495667489,-0.03312850852833538,-0.15573739602622097,-0.4565481721832747,0.21661643428505042,0.2987653592096866,0.09473684440446145,0.0656372535243759,-0.03966848826104353,-0.020528235571294098,0.04206789262666114,-0.0036437141800011543,0.04080811696204408,0.09164493338721119,0.11381806299146535,-0.06830681346441925,-0.03161080729424366,0.025512524887729367,0.07647559899818068,0.02550074939274309,0.03479734415133864,-0.2701098227524193,-0.16378137190477735,-0.049998402335193315,0.07836663413127772,0.19937093416472795,0.5124947449696592,0.26801363817486307,0.06396875741350953,-0.28670463959763515,0.04090663339794973,-0.16670535019214797,-0.10095526316573594,0.15601026666438508,-0.04822062962939192,-0.14293437421363522,0.3052913510356596,0.1256633793309953,0.017341296261212457,-0.001089136658054407,-0.00931245831406935,0.10168775512676381,0.13884953238797085,-0.08822381858618815,0.17965282985575037,-0.36373493938401086,0.05280638627372106,0.08659324473333647,0.06299714288445234,-0.18939665263918712,0.1350412091753542,-0.24497332609996084,0.029712024758814418,-0.27605284339193575,0.08068453992443948,0.1441861553810656,0.13473170930615433,0.3193569540531849,0.0016849711713168847,0.2620843787620428,1.157400355,9,Talazoparib_9_24
117,-0.12426149202753545,0.18730532847277517,-0.11279129127745961,0.17560627004523952,0.03869213288739282,-0.1474353011461542,-0.1175188891401946,0.2964184947610624,0.030422923179468944,-0.25812372798079514,0.2659091372619827,-0.1930499053175793,0.5223630466968316,0.27837198701933036,0.4211222610946805,0.20693390802028777,0.2740444127758041,0.199946889682827,0.07506684828971703,0.07686457020726181,0.07558501219711695,-0.06753392961173724,-0.23046390307299955,0.04639456757523053,0.27354290219280203,0.3167078192600233,-0.16185785786259696,-0.08348932173269628,0.2157346751141068,-0.295420878439374,-0.21718667426608915,-0.11845356707591241,0.11379698132456197,0.42324145676343533,0.09387186416861243,0.05599350791756925,-0.10841267941614709,0.15366580667300284,0.1041926391470804,0.006758107198844125,-0.3496184539910076,0.022647828650302182,-0.4145432161203033,0.23441915204048902,0.2954606301687011,-0.04581050918883863,0.1376579882927131,0.020702131860593165,-0.009571939030233814,-0.06275920389642169,-0.250724570431797,0.11473124796003631,-0.07889865212436949,0.05250656615487625,-0.22706615321797674,0.04859903898204074,0.06624477344580874,0.2709020578315444,0.12365706999447235,-0.10819745097107208,-0.06702783230612983,-0.40298840110817213,-0.10984572423966037,0.46748256935149324,0.16023241249787,0.5564280202498901,0.13324616478279333,0.051696426912028824,-0.1409176800889829,-0.20065636941846485,-0.15682132469338547,-0.11828119630305955,0.2882388695587715,0.07162921867109272,-0.12463339419153208,-0.008986539963852217,-0.07817275697614263,-0.05349117130968658,0.011330460605174541,-0.4910480575716009,-0.21624098779821976,-0.006153116851505584,0.1812574067931018,-0.14294297651613308,-0.016666035748771547,-0.09383514210030343,0.07914687736376293,-0.09296334052562642,-0.11471923099526023,0.27472759501592176,-0.009210038021479424,-0.15570114414691014,-0.12627630402387072,0.39715910594263343,-0.004779105580699217,0.2646968656616937,0.2307663881611759,0.23486967312624674,0.3853314692584646,0.8874498357999999,47,Temozolomide_47_24
120,-0.28999660509038355,0.20088856626233756,-0.02658041659269428,0.11320320863393922,0.04015459246964948,0.07140178124639451,-0.12772588013588718,0.22749374476555828,0.0702401032115344,-0.0018015520631610993,0.32183701067487497,-0.01475505060216401,0.06982265777295123,0.24264500711421466,0.250367410073028,0.19763895276748336,0.30211902806676033,0.2706519736143809,0.0678945382234502,0.2385469190177623,0.12829725258493474,0.01122973103435008,-0.007686489604206907,-0.24654119070726632,-0.24571182191823804,0.1250214580370352,0.15744756295325135,0.0002287255603610668,0.2214042406529577,-0.33849873218129334,-0.13813450951067327,-0.0017681914349838013,0.10558126781354989,0.2658527782375928,0.03841362920241132,0.3025280699042527,-0.11043661729547155,0.19618101253985884,0.0792393802907405,-0.17057233651396234,-0.24564837798639502,-0.09621275525349045,-0.7768420957171377,0.06418455514640471,0.21504945516859839,0.02589089821566923,0.1599727621172248,0.03782474829906058,-0.09942074721808973,0.24525416407107645,0.0238845477684619,-0.02374601992467428,0.06425360462686304,0.1743203675025098,-0.023901268269620014,0.07238310407079081,0.04778569234634966,0.09407024243803132,-0.1951156649000101,0.016331588427143773,-0.29749864037495416,-0.1725388592470979,-0.061426456322079735,0.212020338920023,0.18126796737963413,0.3776460390414949,0.07812817223525799,-0.016733685594074236,0.04031090908393122,0.205336695927689,-0.12501631554706627,0.03653834920634476,0.12801937109953665,0.08385828928138324,-0.0032685082604237046,0.1645293840073911,-0.08772878969387891,-0.17014364592760947,-0.09575116542260544,-0.26145208136939857,-0.03477447544066956,0.09857459402295145,0.04624233379633569,0.003041472113830356,-0.025390687474826673,-0.05682776406240334,0.11687660979799956,-0.07508911878673104,-0.3243695966738767,0.14767490554929255,-0.03111253320667955,-0.13525013784107498,-0.043522976848476363,0.5050307310639451,0.20842191638577265,0.11759179506722257,0.10919440257704612,0.13882391751016768,0.38700523909694007,0.8476982975999999,61,Toremifene citrate_61_24
123,-0.045246732707467485,0.1544957438196275,-0.0632293658325614,-0.041198271666223335,0.0859968092616285,-0.05453001270793086,-0.08622448761630434,0.22037484583840858,0.023803286680588797,0.051799968604605,0.20774735523802104,-0.22278837662745152,0.35418702171489896,0.23574902500793007,0.26924157984024144,0.3011898619984556,0.08698527661102795,0.040800863108661344,0.0008609310052931351,0.14454023737429386,0.19562941282456783,-0.06743676657282933,-0.1104358322883587,-0.06937672803490104,-0.13729643329444766,0.2579653232457601,-0.0030995644759206262,0.04040851513850804,-0.010402872649168374,-0.26200090992692454,0.0013942468682951136,-0.12437420895548368,0.05894612816341938,0.0798197970985307,0.015305793873437034,-0.19234964862221304,-0.43987621616811445,0.3566595958125898,0.09631780732354063,0.11572777910882252,-0.09121077093679393,-0.10396724784459443,-0.22449020228163116,0.15338622742590471,0.32236653360164624,0.08869026596013162,-0.06388101391346515,0.07096510534381774,-0.04984545421155858,0.26660135328514967,-0.23345751765722164,-0.03697553426205083,-0.005771631472269455,0.19619127359784216,-0.100203770470452,-0.07314391438126047,0.007602567642731169,0.12028742625489663,0.07967059105812364,-0.011313158133983132,-0.4008078871861506,0.07253222557952811,-0.07874796493604701,0.22660833707919817,0.2121062518234864,0.44659808820995023,0.16901042840944427,0.12366615836469454,-0.2071877142825539,0.16195310842714175,-0.03262490813920624,-0.09348277498682724,0.28213674729463495,0.23019367919568332,-0.0803694283449304,0.22666650991291068,0.1792160432492251,-0.16385779718381507,0.03632421428491045,0.08384296036042399,0.06104023824283672,0.060349912431553604,-0.065732806409469,0.13127288207465854,-0.5569906591269663,0.08158554889019091,0.08189150915615133,-0.25284843060228024,-0.042649696731824865,0.22687158646859454,-0.18562687633949504,-0.014732159533304893,0.02751006391068303,0.33570817192173624,-0.21267112454165985,0.2787567367383661,0.05068425374237009,0.05778059610952966,0.21998874897700973,0.7309808131,5,Tucatinib_5_24
126,-0.12378257504756485,0.3964797219573469,0.07478402092265732,0.037415214892769014,-0.038121804862912716,0.028523944610214808,-0.09232966055114006,0.2070061240927592,-0.1772767995885571,-0.08564386123526373,0.18794542306604925,-0.36922391062652693,-0.014946355258442586,0.04208749095568056,0.25524728979690176,0.17702759078823135,0.02002752729820422,0.18275085944089897,-0.08027543832323793,0.167858411970815,0.1994380154517775,0.10783630960060982,-0.26089947218698567,-0.16011179246860166,-0.1649674285403163,0.09066409359583132,0.10687390825180042,-0.24965180625671193,-0.006322307296850553,0.2040775996569664,-0.23791594828738538,-0.06330496539882259,-0.012899241604911913,0.2504565565640694,-0.1724270391682083,0.09789432457365176,0.1328196350304183,-0.11416196323753887,0.07157417183494641,-0.3333754612159614,0.0022858625022965733,0.33962173811701457,-0.3990976289507753,0.039758497900747924,0.2455397242708087,0.20444408294814576,0.17864533022792184,0.17973360319843654,-0.12312093209833457,0.14799306924523228,-0.17633930388623428,-0.17429427066531797,-0.25365366813687545,-0.026109948546835404,-0.4000785977494374,-0.08708743878191871,-0.058067784664302506,0.33974908443554225,0.19748596795773965,0.09520477383802235,-0.4076583427722576,-0.45691660971228765,-0.28387498721023413,-0.012396903685106181,0.12315575936523954,0.4641357297559925,0.142843453595148,0.06467726398659056,0.1954709041342538,-0.21892807619099353,-0.12558673120620334,-0.2123016078685345,0.21083991763592427,-0.06952520527193788,-0.14951645572731978,0.05244004870990565,-0.12895485882930502,-0.12147690833585506,-0.1833275577755906,0.32023705423053916,-0.03911448666265224,-0.06595275651364536,-0.11110118496285636,-0.10061892321810191,-0.3223118571423121,-0.06283593719360524,0.059125660858735725,-0.10218904447936267,0.21663749493124637,0.10482400633567802,0.1898220118010786,-0.10498973268645138,0.028912626981001166,0.12072030309921537,-0.035780050323308187,0.17841905038408268,-0.002306142363991274,-0.13453268575849614,-0.01835621552410323,0.9361390285,28,Vandetanib_28_24
129,-0.36151742650593083,0.2350916590804709,-0.03832944185441552,0.030700193759865574,0.022033726802358423,-0.2088067651617954,-0.10315158946203806,0.05885601242019117,-0.02288885564822894,-0.5800889949259868,0.3040897213372427,-0.328129199796478,0.3181096247259631,0.3012114825269601,0.3082787793541426,-0.07445278169753035,0.02642090686350292,0.10415626603243044,0.03182847344244696,0.3039597516898871,0.009380063077919222,-0.25612178183823026,-0.13482831541009913,-0.6943570007150117,-0.23548881046809136,0.7813927018159018,-0.5227936131130931,-0.17572454153143036,1.6085150133480972,-0.15529922303419164,-0.22409262021854107,-0.4110418188570419,0.42963459167474055,0.30659930744512803,0.0240931532173274,-0.2636443802417542,-0.326582548650838,-0.016990432551258233,0.07578693410130652,-0.2567824908200486,-0.35907866915997655,0.054696367801926264,-0.24996851671782103,0.2825120533403496,0.20872160651692173,-0.06110756969734001,0.06074705738287824,-0.029008731609163618,-0.05005526291777156,0.27763583293370325,-0.42287486495795507,0.112311573874182,0.0423440444737127,-0.12202850829217742,-0.38692596193379236,-0.1815330900657971,-0.18488957912614498,0.18317754852229107,-0.047486624431320394,-0.35205957777295893,-0.036366027560274516,-0.4345545127126738,0.18423253407293963,0.3312418923424863,0.09614560120242659,0.7204228590246831,0.0652289795246478,-0.17379787889000756,-0.012153354634268379,-0.32796760776107814,-0.1492742639953464,0.23459963401535022,0.32349682888619463,-0.12706786668278366,-0.3366767046924726,0.08161254722298812,0.21304674123805092,-0.24664745055559667,-0.13253628806749743,0.2526887495577209,-0.016946874473305156,-0.892717597076664,0.3616236630197272,-0.14119262888908732,-0.6135657841601375,-0.5425190587487925,0.033641396537561354,-0.1966959574713839,-0.23844733859709555,-0.07189220851069571,-0.220034504423668,-0.5215408160229091,-0.13684884193300542,0.23416816152767458,-0.3312258577877478,-0.3677961853399034,0.6115902232996816,1.0850423915678147,0.25506228820746896,0.6965488508,67,Vincristine_67_24
132,-0.3149034074971426,0.20517061407476037,-0.19776448664920557,0.09399685517132157,0.09126567259143824,-0.18821696383035125,-0.21151219286394551,0.34339388223999173,0.08855444808486847,-0.1148714492342184,0.21570321752780205,-0.08739571671241993,0.3240000722756755,0.26837455075547895,0.31049273885379775,0.19807684392514177,0.3813109105750508,0.20943586918459367,0.06031054783899522,0.29331215517270043,-0.021336674720660958,0.05986199631788186,-0.13280244060501772,-0.24369275263657733,-0.21732919663355996,0.16595175054233446,0.056000433236023835,0.017867301215365918,0.3599754176660955,-0.18232621529204704,-0.08338394890526912,-0.17477111470156623,0.03133645131978605,0.39489175338462795,0.03553595017347566,-0.08137915806834155,-0.06841082292751882,0.1512548412922022,0.07952462112690378,-0.09686565929176748,-0.17463699999764418,-0.19638207650817444,-0.8808810334528371,0.2579464300822547,0.35272220617865807,-0.09811125365143898,0.17473719831841136,0.11173511431208294,-0.032779166956724656,-0.011651864984011143,0.10135087325171976,0.06479819667750751,-0.14294439077651863,0.1290956754855596,-0.049599827461045166,-0.08493626165654405,0.01677881143486087,0.17398301413353282,-0.18780946869680673,0.08406094839623283,-0.13339858656713766,-0.41415918759176934,-0.05593685400104218,0.3178568859775744,-0.031414195562003,0.5869257175498362,0.19311256023132795,0.1284610370438761,-0.331826117745506,-0.05995370144060633,-0.06834245770222092,-0.18600840422309273,0.34256516570212775,0.09619777145685027,-0.12160891366812443,0.29865146168409706,-0.17215028357955,-0.1362817641780303,-0.10569533117121442,-0.029186193134118948,0.021460345552680088,-0.04879808630776291,0.10070900335025046,-0.003068142411410827,-0.052849851940920366,-0.026003888125762542,0.0770500060017751,-0.22623786750385408,-0.25434314616781256,0.19618346174824766,-0.1388128857779015,-0.22007781975585508,-0.030530507574155975,0.3641427548100699,0.3135478485040322,0.28805604862952333,0.26370445221896877,0.21852895044660695,0.23326500076682413,0.8561352305,43,Zoledronic_43_24
135,-0.5332741152883261,0.5199431518269423,0.0573476453686248,-0.07315145482787955,0.1147734414150109,-0.7121740400655892,-0.19599910663144485,-0.5761512440170079,-0.3756081060032406,-0.3395460439491808,0.38982275933445587,-0.203427783154018,0.20319436038974034,0.18618737388579265,-0.3762795842251463,-0.22140486167795825,0.4282344484308826,0.16298959304396468,0.12901647133051006,0.4286243042431033,-0.09948981133313951,-0.06241139664144776,0.05884726522236095,-0.7395789441599336,0.2800397287999453,0.3130830419339609,0.10963160823031663,0.06993773420040102,0.22574581317409456,-0.7737828699443243,-0.17223230192960667,-0.29035400104153425,0.06707333250264481,0.1139900643854368,0.09980636660650481,0.17355473859082352,-0.2351044718413221,0.1688130875613414,-0.6329099587802409,-0.08062096956170618,-0.731336220103263,1.362421745905184,-0.4334015891889074,-0.2897347440732994,0.3615861296133754,-0.31846142234805624,0.4856575696443417,-0.629604508205906,-0.41673803429337575,-0.018249197163999035,-0.08188589014674609,0.019121926614925677,0.24648163320788086,-0.33653578030430514,-0.21274800574844166,-0.3098370733424112,-0.22374434596428183,0.2850580334057082,-0.041861525870866494,-0.20068940671358093,0.7069446108409179,-0.317740318506597,-0.3009144290622599,-0.055442059524199304,0.25499505553492047,-0.3210868946091514,-0.1614488115277945,-0.6067893115226731,-0.49027421579098585,0.07182773126584463,0.019897162308746563,0.438493313636914,0.2425101883536744,0.08994526605638925,-0.3218640789338581,0.24866648004822664,-0.13478219796711108,-0.4309821058284253,-0.023264508584818478,0.19259445282508145,-0.1047421172838936,-0.15644017593397577,-0.5306188211166595,0.021413440676019024,-0.9026909887297253,0.13236198545261516,0.3756466410253949,-0.38233377069849217,-0.6747118478403255,-0.1318575879074919,0.1540974564133109,-0.08717679184040718,0.1269563830766779,0.5530035387500382,-0.12312061012192048,-1.5379595858070079,-0.08356121497956608,-0.16185769675774195,0.23180631023771262,0.781995,75,hydrocortisone_75_24
