,O00170,Q08752,Q07020,Q05519,Q01105,P98179,P84090,P62877,P62277,P60174,P56134,P55036,P54709,P52209,P43487,P30520,P30050,P29966,P28074,Q07065,Q12797,P25789,Q13085,Q9NZN3,Q9NR12,Q9NPA8,Q9GZZ9,Q9BUN8,Q9BTT0,Q96BM9,Q92743,Q8NCA5,Q6PIU2,Q16643,Q14108,Q13630,Q13557,Q13442,Q13363,Q13347,P28070,P61026,P16949,P09110,P06703,P09669,P20645,P20042,P20020,O75955,O14979,O15118,P04264,O43252,O43670,P15531,Q13740,P04179,P22626,Q15057,P05023,P24534,Q12792,P02656,Q96A72,Q15257,O94973,O94855,Q08722,Q96S97,Q9H444,Q9NS69,Q9NZ01,O00622,Q9UHX1,P06753,Q9Y3U8,P11717,P10412,O00391,Q04917,P17301,Q01995,P35625,P08134,P49321,P62310,P11908,O60664,Q96HE7,Q9BU23,P07093,P48059,Q3SY69,Q02750,P29317,P11388,P27816,P68366,Inhi_5,pert_id,trial names
0,-0.7202620013014682,-0.25085064562065473,-0.5770297487314463,-0.17796841204195857,-0.24676890714823285,0.13581999832551395,-0.8821171409020572,-0.08863777631038668,-0.6513919391707471,-0.1652087769667743,0.06662125762779246,-0.2807855805791596,0.3974169672970372,0.00800527325028106,-0.15573449005401943,-0.3238454115637298,-0.36687117009892467,0.5914127337049743,-0.17722803135320062,0.19702544164023642,0.18577139835992065,-0.30950913334517255,-0.06373767945609081,-0.0713072710856003,0.06585975509418851,-0.7111679030475401,0.22943486298448046,0.20667362008734516,-0.18764892457327234,0.2664306753754429,-0.4179668153126171,0.06093284555780784,0.03396760615055994,0.2082346476037045,0.1973516758678049,-0.06848836365584325,0.1480290211318103,-0.1661419754397005,-0.42103476903995357,-0.17911931456801253,0.12684357396066911,0.24627110883013292,0.027901066307957818,-0.40649551022499475,0.16097346167475698,0.31954682813579627,0.0894500581491593,-0.31494898404324023,-0.18553472008431238,0.016098479156841167,-0.23501756438000387,-0.2497874917165831,1.8162149223539086,-0.12202551713004921,-0.039024092839600975,-0.11975205712810667,0.4807950325775827,-0.2448713383953054,-0.09779510663323558,1.0496539060191379,0.1770942405423647,-0.08314625138530306,-0.5850782653010476,1.586795756663762,-0.009378413622823253,-0.2626799519407216,0.40396304171341296,-0.36552713259099034,0.19800182686530662,0.10914069292738537,-0.5035871836070783,-0.1547570103419751,0.2481192599872426,-0.3450621676784054,-0.7814931078943438,0.21664551796649753,-0.5567557015602308,0.9520121725652917,0.24389758655122243,-1.4670979068190484,0.013259832505668298,-0.4012222895111046,-0.11683022419523613,-0.41065987023778855,-0.2108996309150929,-0.0840851689780278,-0.1063139701567891,-0.053712524532816,-0.33981218870303653,0.39809768513809457,0.3558807133971745,0.46400875662980196,-0.4955050420789708,0.2513258272059841,-0.018956909667960403,0.4710643536043977,-0.04282101007518824,-0.07937368441974925,0.6996586559236523,1.28742563113041,10,Abemaciclib_10_24
3,0.08061852646611646,0.28520403723035115,-0.14225522692430534,-0.12412924821542937,-0.06878360873468682,0.18552396909088417,-0.057411787464964496,0.6609238287760512,-0.020699278657949304,-0.101427679791344,-0.1837120379245889,0.09070090836783891,0.20233629742077133,-0.010228112032825537,-0.12445340704411735,-0.05485908888536592,-0.10200693490881907,0.5271958817336428,0.14729508853800055,0.17445627174353592,0.30494343540880314,-0.30998299978551463,0.09148153956079692,-0.3335574276835053,0.11074323525973878,0.0118217503192898,0.14129246749261318,-0.16243250099430345,-0.33961480358052415,0.2941849954677053,-0.0657329250696866,0.3475157370901261,-0.08509436077541231,0.10356162481218578,-0.2270805825507253,0.407931581037232,0.017830140285558498,-0.08497359284720578,0.1657438875237853,0.04335019026094944,0.008939447144764542,0.03658581541306907,0.3067268800508192,0.05051905966197936,0.10143443029431702,-0.12032686354827134,-0.21706019614977104,-0.029882318400320462,0.5202108455816129,0.3170500784233939,0.1049310867399964,-0.31312666893332963,1.1963722480098407,0.07280838076989,-0.39494967051905094,-0.21045279366945335,0.3187443386249363,-0.23381334003163023,-0.10638872774537696,0.3989768320797986,0.16913085302508138,-0.3873918815785398,-0.020868995377880544,0.9414841952599463,-0.21302823389327527,0.2718207125612256,0.03390084207014279,-0.16892266857104218,0.1889477837995024,0.07942007266211039,-0.14309877121007045,-0.5770087655563502,0.14332412199794656,-0.30587446308737504,-0.363972387012691,0.1725859328300268,-0.027594979877415993,-0.3687641968200075,0.4065663247303745,-0.9120295126605503,-0.022966605934323998,0.18411795793613148,-0.10105140663376593,-0.8612154030462786,-0.30948531134960716,-0.17622607941354992,0.18626994284960016,-0.01372189426743938,-0.13817773420726864,0.12307112562330798,0.7101528289768044,0.377187325018667,-0.7432977915572114,-0.2628429693674226,-0.14752663169791227,0.17980362025646787,-0.07166576986050817,0.061073934497850695,0.8256785434286181,1.4663129120437401,8,Alpelisib_8_24
6,0.039124731115311645,0.097369203918374,-0.15638787565727977,0.11144558125812952,-0.26709465692349527,0.085825413576057,-0.8652182512785028,-0.008697418437688625,-0.0694672505820047,-0.10448364128174054,-0.19262287385179847,0.04826045460817879,0.4024738952967866,-0.06048775544064076,-0.2557024686324792,0.00029308054121285343,-0.045584735635774455,-0.4738547557268528,-0.02140637483997911,0.15800384429455958,0.14543231417879435,-0.03213127782828642,-0.06998444709041308,-0.02265413741581353,-0.5819247530736714,0.015654328285778063,0.07148843080816526,-0.10067158774383204,-0.06351563675800997,0.15004847138798047,-0.5033189202107956,0.3553599993860764,-0.03105291809097775,-0.5882559526859729,-0.3987541719997327,-0.11067457179274302,-0.022593036540465312,-0.14525007231145792,0.1553964034352721,0.05107269855945027,-0.173432671352448,0.3206729669637514,0.005566115271277511,-0.3743220804552773,-0.16904730066658635,-0.06822632231971132,-0.03299300255373993,-0.2316037846237957,0.28595961033539286,0.03229043624194492,0.05486539931285455,-0.2249793866832461,0.9338778757546914,-0.0245232311671519,-0.3126527032059348,-0.7580771447433275,0.10898853699784576,-0.1335845890687292,-0.2012560789662244,0.23855808825493963,0.23877229418773852,-0.39307368868858056,0.216044073689898,-0.035857501099251086,-0.22185594892550728,-0.3160488653289025,-0.4260539257816982,0.06739928443660101,-0.25285250546728705,0.06078777618342903,0.059478130476953085,-0.1653796107277926,-0.10160368862926017,-0.7183006399987265,-0.22890549478509295,-0.3889574310708959,-0.003395216950839164,0.17476369821183604,-0.1289243239304716,-0.6705620754290611,-0.2836710297559376,0.5000288547734808,-0.8431941581339614,-0.7790794377795174,-0.19032382870244313,-0.10686301560432215,0.15035877842251272,0.09732742751178602,-0.023948342934080102,-0.03615981256187384,0.11845969671538248,0.3407610414506606,-0.7389455128584638,-0.32643846503395213,-0.027559600517273613,0.00830906678444234,0.11206338780002434,-0.31180692455652675,0.4963189099677912,1.448152709,55,Anastrozole_55_24
9,0.010327081503645733,0.11478819913355938,-0.15500945864502394,0.24096725855501802,-0.23424145830159868,-0.029998549029135,-0.6829360864732071,0.5208810410585939,-0.131310809244915,-0.025949782206130072,0.04404653513633045,0.3557916233102456,0.2685179164145472,-0.031194859219785893,-0.4159874518256285,-0.11128348316642145,-0.025666199539701607,-0.19198172538788483,-0.1435827750136648,0.1201214535126016,0.13799742323041583,-0.03661683381415883,0.27660454410643104,-0.014020177448512602,-0.391507863723805,0.18707810702884242,0.06004441392775025,0.08168259894799967,0.09597462366141092,0.17930731361535487,-0.34796695793767324,0.19233009134974374,-0.21883916514272325,-0.39445617295263774,-0.36054850661585974,0.34908072450370337,0.3617985305360667,-0.4521097470657187,-0.01694825156932375,0.12286715267910664,0.036494659744999075,0.43561605211793286,0.22684432976203137,-0.09803275783638432,0.16746316905924477,-0.37023940003047145,-0.36890016460050984,-0.49739237987070356,-0.5499943411970891,-0.38497288549000247,-0.1926631485306198,-0.054681315763627746,0.22254032501349885,-0.11563793802408313,0.013719510420945324,-0.752749472857833,0.15568409873251585,0.11800145539058028,-0.06451693582289887,-0.5993906909493946,0.0627566206378194,-0.16351284835314078,0.41705789526865195,0.2571497692091828,-0.07330240987416106,-0.04757983133408783,-0.23024478796339642,-0.03304188182332444,0.025522240783281285,0.453319863885995,0.29594075936703995,-0.45124925418611544,0.3451181122196311,-0.3818643210053037,-0.2766630506584236,-0.14623513558902484,-0.036217597348424786,0.2070617480042487,-0.2675940475500016,0.5610092787989054,-0.1048950764125633,0.6295040818641203,-0.6798845616479837,-0.9937362493050091,-0.11283090222165677,-0.06330465965368459,0.27612017362800095,-0.6910273393326474,0.034183317327962814,0.18674214506388617,-0.22410205926451313,0.2903114863259976,-0.15397921926725813,0.09569841318968646,-0.293137486178263,0.25410654914778236,0.24140148087174929,-0.19304613845380392,0.14311074690873474,1.236982163,44,Bexarotene_44_24
12,-0.16898441576385181,-0.09173356030275459,-0.31550734008178277,-0.3495087856113868,-0.6485194584223216,-0.976532168589852,-0.8504538036070306,0.2076466383849409,-0.18461831292366884,-0.4146857210102091,-0.35748784675246476,-0.6423879613721181,0.5630630034557963,-0.24039311475918668,-0.21469957706807105,-0.2809800718673509,-0.03905547382775412,-0.06872861252789679,-0.39324330195165386,0.37160698681743515,0.3087642872316361,-0.5920770891411186,0.5226991476837867,-0.04795137618178616,-0.2839239457270201,-0.3423583043686398,-0.3402661662431958,0.03923146124762613,-0.12784991504893448,0.48950650690356473,-0.39134804498144593,0.419660255423231,-0.016358758860962292,-0.11699250468186284,-0.17409204427378513,0.1487407570822267,-0.6120598977994399,-0.6223281035553968,-0.5297571491467227,-0.21651106342308768,-0.45953251958461533,0.3558559816274154,-0.3881806747199648,0.34010145209508585,0.2778573764716991,-0.1086929091157063,0.2657321582533976,-0.18077436891450438,0.4073201074523065,-0.2315501971453403,-0.30642433952063497,0.17225864325447282,0.3959823457324898,0.09714905459848498,-0.4289551159177695,-0.6987142950237398,0.4051158346423825,-0.056121830434905005,-0.20508212589597616,1.099985697329582,0.36484491810743863,-0.26827081377474415,-0.4271436078740101,1.6264124351141032,-0.4818687443710237,-1.3006063948677407,0.031211283594807016,-0.17535285788851165,0.29578972452183505,-0.21320646405806354,-0.6498520671169045,-0.3069174696123844,0.33718178549905015,-0.2775899464324351,-0.658675655862803,-0.16240518309073831,-0.4856968683212104,0.09722119118390131,-0.27410597798259634,-0.5515247286807631,-0.4182814641017949,-0.020229341058318927,-0.5003532218711995,-0.6944164522417514,-0.28091721987375234,-0.47861635509572764,-0.2803551079182807,-0.23441256671279934,-0.2925969577075889,0.31313103930860003,1.1036984113797856,0.6626057203990011,-0.5077548143288486,0.198489866274673,-0.2826135940705044,-0.3734248321748906,0.019363308889221924,-0.4229317632883014,0.8390289860710922,1.08544595357684,26,Bosutinib_26_24
15,0.30512501214817256,-0.017472924720971467,0.005829131254307351,-0.05832229883371967,-0.3708310047116903,0.11861523648522286,-0.8644003907285963,0.4342370818876821,0.07575594894386693,-0.11269254059746163,0.03162563346729924,-0.0161809729546825,0.4578540461244984,-0.023491716179669154,-0.530244202542287,-0.24915019562523252,0.007659311855602482,-0.36132090217641183,-0.15015421558892936,0.14508325059592003,0.29680106875628287,-0.29936582904847253,0.2979575332487322,-0.029629711512972435,-0.520544374498166,-0.5362557885987141,0.3162474494871147,-0.039719396621593406,-0.26951685107838846,-0.057980071102895804,-0.9676420173891568,0.14696023071015443,0.1005814397551612,-0.29989842884646706,-0.1838316598112699,0.08998146724332949,-0.07192477719029583,-0.07812303818842026,0.3008702714025569,0.08846574555283769,-0.20699409864821952,0.07613650151920433,-0.141465483722212,-0.18343303680543113,0.17241366987237527,-0.3597104731949574,0.3144121312193528,-0.0013828683361072625,0.2512826601999351,-0.056547213576000226,-0.24096685644589522,-0.32791724144284856,0.5423590326680108,0.5748625869854952,-0.12694789138041046,-0.7615567162361904,0.1595184833639029,0.02864419957251556,-0.13865139487369124,0.27647941106162716,0.169794030250031,-0.3633871514680735,0.09651295589845638,0.5289243730981972,-0.39455843685925496,-0.3841263816813969,-0.19592585609362367,-0.16179605082301776,0.19592544899228745,0.03606544637746787,-0.09181403518085185,-0.33365283197702206,0.4157874552159266,-0.30259139944008057,-0.26646133635864094,-0.44218864910590067,-0.11437659458473863,0.26716716205493585,0.01840567834455989,-0.7678119039498991,-0.24357672596966728,0.4732533171616526,-0.7311593296410478,-0.608159112309313,-0.2148733892084362,-0.14342657847450532,0.1875061034542642,-0.08729523389184606,-0.08946108809878557,0.16381623877948762,0.47477809296514545,0.45435125898103074,-0.2441162380532508,0.08217633307908527,-0.33015909298200063,0.19223917998195986,0.1372219434384674,-0.2673074113579355,0.08230546036707882,1.189296429,73,Chlorambucil_73_24
18,0.25294697963291607,-0.38406295363277504,-0.2591004292108893,-0.09702527489725687,-0.3318925169554075,0.14677876431266026,-0.7319930314466188,0.6135231765048973,-0.11176897968270309,-0.17950787511420283,-0.21943309927086385,0.20522963445144046,0.15814802953238608,0.08138672900656682,-0.14104337700255576,-0.5660703396038556,-0.0835440984662701,0.6186103375133504,-0.04646481891387035,0.09296552132083291,0.06428088429036892,-0.20956790296713235,0.22065251111152043,-0.18198886972926498,0.08287078544209935,-0.30355943589978646,0.4490215198932573,-0.19779070456422618,-0.6370470711718053,-0.03339202174906485,0.08408291553010665,-0.09792248605244373,-0.12902319997899503,-0.05469544540258311,-0.42643982306497846,-0.01637343254973694,-0.23373801405229166,-0.4098415418140098,0.12328643897096925,-0.11006268083572361,-0.09095972603858282,0.14309580638857355,0.09233004292246345,-0.2923425368636359,-0.08260417371380181,0.025604179501814484,0.1190352625986389,-0.2718555326078084,-0.3535566481717162,-0.2589192350005334,-0.1261226371120503,-0.10843193446634429,-0.3340112153513541,-0.21181206293667784,-0.7662126786087926,-0.46527828567625834,0.5449298570468886,0.2634548445842712,-0.07782096953411737,0.045349559843327884,0.08772802113073698,-0.4446874006609202,0.06189911590369738,0.3665870859853004,-0.3135622096963885,-0.2303015125565321,-0.35044412501917005,-0.08575218025027075,0.0872820133582079,-0.4360131205713144,-0.040241109736835694,-0.4375939328088975,0.13039709167570537,-0.5470235904935211,-0.48384783450826463,-0.08779695880823525,-0.16267721140736463,0.05491753895531643,0.27830506488658696,-1.2689116770800766,-0.08977361621377805,-0.6802831787553844,-0.05851984783016461,-1.2798239415105142,-0.35697726102975463,-0.3575045878375955,0.07964566428741894,0.10252157346220249,-0.10072634697366507,-0.07236511909620934,0.23128621708303979,-0.03310018719158676,-0.8725865486382874,0.05569342366080146,-0.10786007546263915,-0.13367703231783856,-0.6752277024695434,-0.1331978388188997,-0.3372941694682754,1.43989314336598,17,Cobimetinib_17_24
21,-0.12382983168517438,0.2892200954493438,-0.2609830538289658,-0.391738994341513,-0.280164004146544,0.07704674942354646,-0.5570198443661883,0.42030008338841623,-0.13087106049470612,-0.0478004503017549,0.08659758751286722,0.1225514082226608,0.32110475111593834,0.0687409269171856,-0.4299984332895846,-0.2781116512312778,-0.10146221792537953,-0.5782859930757333,0.007020937474753315,0.33608246519242774,0.4160758939593685,-0.1371833419852419,-0.03027341268378131,-0.021908577911614404,-0.4523838515884952,-0.08872440272032704,0.20247984729270666,-0.28341689079985105,-0.16418016854066605,0.28698651963957095,-0.08910882951313774,0.11578892993845384,0.2855024552500251,-0.28618347586848486,-0.19023582351957927,0.28992809988107965,0.06120806084838993,-0.007063100383341579,0.05807609019374543,-0.16685333357594598,-0.015082942331069252,0.3535422720775773,-0.12890615332174848,0.29078130836194355,0.24713367483046553,0.27947593963267775,-0.09376734100516552,-0.14195953087538293,0.40989604041304456,0.11379368576577976,-0.15834401515172541,0.0348228877898095,1.74113485218876,0.23445713851511926,-0.3293258716508736,-0.5611504637446076,0.30053775849001796,0.5114271819541987,-0.1766681800233384,0.6742601165926011,0.3267137087029584,-0.3198401961833424,0.2548640216103614,1.176009193405714,-0.3430503011788437,-0.10976351873640418,0.12729752395232588,-0.013049713340555666,-0.02183911878548796,-0.380258976637701,-0.18084871434091263,-0.1677013107796476,0.17402739563829575,-0.7297377114045339,-0.43949246745355763,-0.6759986082870514,-0.2001131283422388,0.2387255637372846,-0.22040516291559642,-0.31035148063996854,-0.2912097762488292,0.40625075526505716,-0.6007277229344204,-0.5485836890819387,-0.188957845975232,-0.24124897840220308,-0.06877347201893406,-0.04599194697090033,0.07308358322137674,0.13929850724655563,0.4558822784227252,0.817267118410669,-0.35525529111698145,0.38577164276667303,-0.43420909694052656,0.2857674087542747,-0.16066737525299526,-0.24648359188148428,0.14775156058146974,0.8804682685999999,34,Dasatinib Hydrate_34_24
24,0.11382318496838285,-0.07443296934162433,-0.2655289492528749,0.015230658218980885,-0.4971430162554748,-0.05869322377188877,-0.7600286170585019,0.49973019348950265,-0.13636544914368462,-0.06820832743391696,-0.07803730412937372,0.11865881780550787,0.3182562402964359,-0.03833259728638507,-0.4545249601465698,-0.16395630066529598,-0.0959973293015437,-0.6899408590912236,-0.03476449005675374,0.32599643553032265,0.25186234309094396,-0.09094130081127887,0.14501070554946927,0.024967353738749403,-0.4326601667142702,-0.4347778233945236,0.20750236255826118,0.031011787926604455,-0.36263427665225384,0.21172827849122802,-0.22912465641564964,0.40274048279368607,0.09167135918488928,-0.37379502039098905,-0.2881787759511198,-0.2593646644606972,-0.1963466059907916,-0.23711253885431394,0.007433186703421297,0.05763401517822159,-0.24814648361708927,0.34282540299186043,-1.1044844865410293,0.037991810524937546,0.11673615229953567,0.43523376457730906,0.1565081861819707,0.008401769801112355,0.5111145888360511,0.3881148574803452,-0.022213341930469237,-0.13767241690113152,1.9899628985740374,0.11404000192702296,-0.46307431282320977,-0.7839323049842498,0.3026333976787094,0.28970246016828255,-0.24176619650083894,0.3342518856992052,0.3135978159821622,-0.5154688068205843,0.011986396163829516,0.7364389452606842,-0.4637486978536378,-0.3890764906912099,0.2805582018896907,0.008011483294057048,0.43480477124917255,-0.16742877867211203,-0.24442382363022794,-0.29962843950255375,0.19824358644949713,-0.11003507693359742,-0.4003435053904561,-0.4315805596907483,-0.2001541494029624,0.3378365643478635,-0.7865787136185958,-0.24242619007309138,-0.21296958422416937,0.682373923562754,-0.7257833437533173,-0.4528371148341992,-0.09516905596228613,-0.21091764114569933,-0.13086648071051568,-0.14911159098455773,-0.0420168065357697,0.06246183815894051,-0.1325160067740827,0.6443591814705655,0.1648706458855571,-0.02904318732026952,-0.07238372084781282,0.1028492548663913,0.6679099185919716,-0.20295025550079326,0.4790839268972467,0.9035098522,53,Docetaxel_53_24
27,0.07740108144635673,0.08451115513329237,-0.649107340434973,-0.355128176966989,-0.32163858396825185,-0.2043719514211084,-1.3384277770620354,-0.4461375528900622,-0.4214913399093705,-0.1027174670110265,0.13483307816198864,-0.11019725124508169,0.2743402440069407,0.03054431183715739,-0.27093541238491553,-0.1820239159522846,-0.34830588862506723,0.13077562235931273,-0.22191151761613348,0.5227844662379263,0.5109476347062237,-0.364620270571383,0.15434605697463946,0.2714867157192011,-0.15235816355495232,-1.2425319190663506,0.37419604953507335,0.33542746611246327,-0.07569556728562188,0.444225624605655,0.9735850808923243,0.08215667160484684,0.5210469514763021,-0.14469444167470422,-0.03552551950640211,0.24987656056247878,0.3384937317107665,-0.12442592201667552,0.0930611769326739,-0.06323416202995145,-0.4856123175813611,0.5887579228523042,-0.1331132013552159,0.21929254952384233,0.23056804968446146,0.21714316340516468,0.43504927538733895,0.12589888812113795,-0.22397600345748003,0.5971128167536759,-0.2891341787249429,-1.022290706104637,1.2317135098493797,0.22627129986527753,-1.0115609442270646,-0.7696023469193488,0.4130566648573861,-0.4869047409244547,-0.5462722557254787,0.5824807580230411,0.2166071757250452,-0.21389206476637046,-0.20171987194038968,0.8242365197607416,-0.4526353762964781,-0.3005779005209673,0.06723055551167956,0.05975126771828965,0.08806609228523381,0.18822865423713542,-0.020941873522872925,-0.23130254594681876,0.6313201917083854,0.022160333100975455,-0.6964833841673587,-0.3588681924861749,-0.654710409145781,-0.18603460528573565,-2.5545849908498273,-0.7301303774890792,-0.13001003547712556,0.037669093991860976,-0.06556334995330848,-0.17581523353925252,0.22928261599210517,-0.359218962788131,-0.33327676786357713,0.3201508928409016,-0.3022281981497663,0.3716712226589985,0.5218542944638482,0.8316121328773577,-0.3925646472103372,0.28884335849728054,-0.010910762456991055,0.010833537815479355,0.49874003365701314,-0.31624653398284175,-0.1133306655440397,1.1014220000000001,54,Doxorubicin_54_24
30,-0.04430800637701804,-0.22176963311914483,-0.353673273442839,-0.38127270954334697,-0.701691326716093,-0.1940139365406004,-0.7130289459616984,-0.0589276243451044,-0.14045808395787812,-0.584021251203643,-0.2999480131746465,-0.1902947494388025,0.5608093127390531,-0.48716278080349773,-0.4601017115793617,-0.19587782968578824,-0.2958407660548874,-0.0066538598651126775,-0.5128371185472936,0.29773909321061737,0.25875253771595647,-0.732777006749216,0.655831775148447,-0.2756121004130263,-0.6712876554828312,-0.5925580134457923,0.06049520844224628,0.6043206821570067,-0.5454067887455043,0.5582417876454002,0.5623774796513935,0.38847180478142934,0.23585180975681333,-0.48639760198093374,0.08224707592578435,0.04655160357818055,0.272853400998409,-0.4679839588869492,-0.548591431562938,-0.6800951951843559,-0.6410005343325637,0.46880952822709415,-0.6201480703783838,0.18468594739532326,0.06443927928630956,0.32307400639310485,0.45457208185335496,-0.6131684931168342,0.5487865014049413,0.4967011753633515,-0.1724580708658401,-0.03724163585388964,1.7045602219670475,0.13120348166311555,-0.9246864818046158,-0.8676830065059198,0.16106991749070151,-0.2877171658051558,-0.2470571302948786,0.4836499593340779,0.2830602230097598,-0.4935598998921959,-0.3037904409469898,2.0966112024524137,-0.13615669809519734,-0.9795845538548025,-0.37461761500198687,0.08736411555523656,0.12044698723704854,0.17195562656527189,-0.3154961171213179,-0.3660888350950325,0.43461147629928387,0.22696997068908045,-0.5877455957888376,-0.20561868504270864,-0.2954931463140362,0.0869940499664471,0.012806543630962822,0.020657726661871195,-0.800465316881803,-0.03366387509819566,-0.660681733363845,-0.20504542504707524,0.003724732562545389,-0.7400850941716866,-0.2834971496777193,-0.19371770286807263,-0.5239267648309722,0.08421666216877145,0.801152372714542,0.7900029557680969,-0.5455181851430213,0.11478493448905208,-0.3562268292185764,0.44018395658520965,0.7333679071589222,-0.6006602460514449,0.5402048371714158,0.9710564399421131,7,Entrectinib_7_24
32,-0.19292450922656532,0.10593529100727313,-0.11608979635056292,-0.04303748084083075,-0.20097187813302,0.07493495469008855,-0.72029040986186,0.1670130854290545,-0.2250197399403511,-0.1095384792920908,-0.032337870680276326,-0.09310382091575742,0.337562860489024,0.031152023075653845,-0.40139583867550616,-0.03678246050982597,-0.0951385405309882,0.14743915388830733,-0.05372144911270333,0.11600449363031333,0.1893014609832041,-0.23764758714849357,-0.5368984568832712,-0.09707407401448885,-0.09059311838658718,0.1429821432054448,0.24917350560326954,0.02086587469731438,0.03226828181014487,0.13195177786767742,-0.21586514789543562,0.051607729029222504,0.056379259865386035,-0.04550111909673074,-0.1428684661652021,-0.10751835965047829,-0.1543764757690877,-0.008323472565978374,-0.40055061157113797,0.12002974440509744,-0.12260383913429133,0.2761105161925425,0.09918407044611981,-0.46014068963841565,-0.11983332309104888,-0.0757186173081467,-0.05971005743889379,-0.07034440386656474,0.09643402589529233,0.4399525773850569,0.11125294319475941,-0.22635202127971163,-0.33092877419509215,0.15672776189430757,-1.1585205490599144,-0.3803843088575298,0.3078005020153723,-0.13416476779439657,-0.19411571348918769,-0.14203740962778974,0.012244128974109056,-0.1899769889168803,-0.1951938370576618,0.5786446466956446,-0.2408081152285645,-0.15840672402962339,-0.2935675370957948,-0.10902167848508675,-0.03587814034851552,-0.2266539105272413,0.09447168980864085,0.005916985065166858,0.19463728819075418,-0.354074827692461,-0.2460880986100369,0.0023812212740128152,-0.1720268161191221,0.051250048768329524,0.1535847419048165,-1.149564096982428,-0.11701036109617298,0.05851518705258866,-0.2832591411568892,-0.9809016305675738,-0.39412712859438476,-0.08744783387033882,0.059033062167781945,0.056012751238648906,-0.0021316467128133947,0.12128364213850346,0.36906333570899225,0.21629425516914058,-1.0609540231016756,0.11428689110270795,-0.265992427458236,0.44944603189768856,-0.2919091587698341,-0.10465869898851606,0.10747544297977396,1.08693197016079,27,Enzalutamide_27_24
35,0.04359395392185215,0.18428045388591383,-0.6249236058469676,-0.6423402237362593,-0.42000703345265994,-0.31356826350071726,-1.5557777592411413,-2.075859154848767,-0.44935437728759525,-0.25090571566744085,0.010653298343770679,-0.7361353733257777,0.3576072359145697,-0.06258444735569767,-0.12837896720648173,-0.060508574296588215,-0.5952461153706069,0.288637995998677,-0.6154742146390288,0.5380624028854205,0.44984558154748155,-0.3124201107560277,0.4452350736912674,0.22254660593312178,-0.10582128917060622,-0.9735349991379696,-0.31052077644287107,-0.004072568004522122,-0.27900416117717275,0.056702799662130716,0.7457295140317762,0.6774639025393148,0.4336372925236292,-0.17622151011274456,-0.022456422939363823,-0.11853415805894141,-0.13607103489948105,-0.6048889599963908,-0.21766006586612205,-0.0314962974174234,-0.3941531019103443,0.5659692671347932,-0.4141987999519383,0.5050676646770166,0.3611251358318264,0.1181122122506643,0.5136467319125949,0.033341124097611884,0.29091930810760047,0.19529929604015853,-0.41584279200294816,-0.43582543207596425,1.4593667879417185,0.5659848769873567,-1.0658352067056007,-0.7119547925680861,0.5982989768270978,-0.5104210368044529,-0.6920175797190454,0.39045162211775813,0.33253044682190985,-0.5278738126038255,-0.1702523360335936,1.2468191183784683,-1.1185733343269897,-0.2616866517020017,-0.14527652566259477,-0.2494823568494373,0.319750478289012,0.5746665386180198,-0.17398150330149656,-0.46441799337481565,0.48306835588998975,0.0054706571091920715,-0.9440198838608632,-0.5985275799834037,-0.7468430325950318,-0.43268290585458247,-3.1444201960278626,-0.6747965703201491,-0.40586108815372857,-0.06545057611601646,-0.13212938684234019,-0.21018673825439485,0.2783615503804236,-0.3455815874628298,-0.6712910847514103,0.28167878134754515,-0.43656568789396455,0.5004342402699035,0.7000266274315523,0.9917112630029551,0.06967411709086695,0.017688937070451532,0.01303840217504526,0.5791521716282223,0.15437455179795864,-0.4676531572802354,0.6037918465240687,0.9589257999999999,63,Epirubucin_63_24
38,0.03800193365351405,-0.04609664364120584,-2.722147899713523e-06,-0.42378911823262255,-0.18660066229238367,0.20256450118714076,-0.9945009907033683,-0.11813952724890604,-0.0707923680830916,-0.057910338743286854,-0.3553241751080742,0.12462018784767785,0.21980985183103305,-0.07161138016892503,-0.3617261033874728,-0.06764766392181325,-0.019751288611709616,-0.47106185171272186,-0.06283211072001084,0.12300983684428284,0.20697804097869618,-0.0732306072144557,-0.5318770046781052,-0.1576364254917494,-0.26353343635779736,0.05544931890606234,-0.36586562420981456,0.3562349747128463,-0.23780701855379158,-0.11503663034629659,-1.3502067927503123,0.326068220403563,-0.4649262763575979,-0.43921789243724274,-0.3444423660458873,-0.23387412305954522,-0.771503400262644,-0.12971627150457674,-0.6475654767617595,-0.06905987757019398,-0.01687610196320592,0.3696396894866343,-0.0953954063301911,0.05399587531130787,0.07825366877756046,0.34081234523466336,-0.12386584495833804,0.16987656862256595,-0.2662678450221763,0.5127585091630974,0.019019124998630125,-0.4489385435293786,1.0936865881862368,-0.27000175558025186,-0.05227257892405144,-0.5306410498435933,0.2316592456355994,-0.09876046386183429,-0.08724461052304146,-0.21763501011750372,0.10157792636487378,-0.40468319156330046,0.25385076258021944,-0.04866676667594694,-0.4158724323117801,-0.07664262984931035,-0.08125496908957765,-0.35268134784255706,-0.1042627529671513,-0.08542423840424018,0.002537550906078878,-0.47128802203913484,0.14184716569067288,-0.6269301155147217,-0.17936729116076175,-0.2417004393968417,-0.1043329487127792,0.6668626257997414,-0.27494781249749206,-0.7846106697023911,-0.4933577980701085,0.2908483312699,-0.6520011538237747,-1.0076695823572879,-0.21642736928797665,-0.11622950459014925,0.19833220327048848,0.1764357119703935,-0.14098534381906422,-0.0031093913723303224,0.29761508193508573,0.1855025647374624,-0.2929998739983373,-0.08095224130047747,-0.33647632985144343,-0.23605956342555445,0.06912017600820473,-0.16071121598019192,0.63245597672431,1.411891559,38,Erlotinib Hydrochloride_38_24
41,-0.0037878640811360234,-0.1296607937866229,-0.14312061026896264,-0.26271834268413663,-0.16565963641533318,0.09787698095922813,-0.9067675698752505,0.46258246321053687,-0.2083998035733228,-0.003796527040824301,-0.1259794516451176,-0.09432912041097642,0.3732679541893155,0.056088214921362546,-0.18929328122981315,-0.2720699811284559,-0.04794578526143697,-0.055729351397931115,-0.2073810304810357,0.33361255683494107,0.3910191698540104,-0.3756120421803155,-0.06814474121524122,-0.09134282883550315,-0.5347380596437885,0.15959658390852513,-0.3071401102041151,-0.25542409750991685,-0.2342759204460961,0.3578601667294829,-0.0524692449524948,0.05296093542384645,0.07906761516009024,-0.4041892183275151,-0.10840348437444898,-0.26385723485561813,0.34938377429754097,-0.33403365252257355,0.10239577277544433,-0.21014031927923407,-0.16620062714299336,0.5089496372215118,0.30679167025613946,0.09941356944246825,0.27599142812966687,-0.3360168372117052,0.04529339136471957,-0.39493455592672905,0.21916764135836,0.30179496384592136,-0.0008302558859608344,-0.028238157906126733,0.6974439584971907,-0.07036596997610067,-0.42955615389323415,-0.41220917153594727,0.551277761423446,0.004652916312672395,-0.08510645293821657,-0.006484458428514454,0.30297417962973394,-0.2642267641451107,-0.19992654827061948,0.5863864161118038,-0.17917710123403244,0.023076775883466228,-0.1458782134534896,-0.1494826822995183,0.14112581559499923,0.3891119884772161,0.07218717928079338,-0.4550424597329079,0.33632981701478,0.11197405580271946,-0.7934836848162604,-0.13110081688086386,-0.14877423158230818,0.16112784658859128,0.2935670945187098,-0.8099149617263895,-0.10479153476360363,0.7139926949658056,-0.4892276354042331,-0.8355696854316014,-0.009811065268909644,-0.11760670005457592,0.3766632220685359,-0.025692193341997488,0.05706781225354477,0.27903422450000626,0.5936652006972305,0.6410268338779622,-0.27745022030202393,-0.017920880619477275,-0.3836402273961681,0.2765724324949808,-0.35234277698338695,-0.34684273707127056,0.23919420277558778,1.043153049,41,Everolimus_41_24
44,0.0830275713551261,-0.007651439054378063,-0.16736253203485044,-0.09526359411630302,-0.2808003923096213,-0.023806051557336356,-0.6831962131912048,0.3127583233381733,-0.1881674891945182,-0.12687083800946997,-0.3188000874450381,0.11945743927407843,0.5441842873275684,0.06641655496309097,-0.4298445715454719,-6.335729768121763e-05,-0.013583962335417026,-0.1612675224474531,-0.026519203535384884,0.11770871435067028,0.14594967894265407,-0.29442098322262616,-0.44749690336416603,-0.16129455413734026,-0.17044820639353567,-0.07500984438241227,-0.024139636322521755,0.023205835502536507,-0.07133892970906697,0.2631756463361264,-0.19495086013306218,0.25918144307868546,0.0957491089137712,-0.08245787119061707,-0.5187061374935854,-0.33265065290331486,-0.11760994355935284,-0.03483814745518632,0.18653471199976127,-0.17724863556341294,-0.1826122589569085,0.28398365325616554,0.3274112517877706,-0.08340176542216804,0.11375961311849625,0.13892532469429955,0.0842996180898982,-0.07127054181439989,-0.09900338357410866,0.09356543437632954,-0.004722924187595882,-0.18279332837131834,0.5382564882195059,0.04686951237742639,0.01781225989784359,-0.6367996242818937,0.33212034248637456,-0.028826274626752506,-0.09030654004631898,0.386158760409113,0.1509857929973411,-0.4595256630482538,0.23239458134628854,0.33636122099393934,-0.38476608545974855,-0.4816247683013053,-0.5983948471496073,-0.20059448420319637,0.17062342082726278,-0.012460761974942244,-0.22677271923538098,-0.4504057071027428,0.364139168670051,-0.33533160051817984,-0.3083293668849704,-0.4103737910211334,-0.08463157887440194,-0.7134254372153149,-0.13181962560248794,0.36023518172090174,-0.3734931864746251,0.31255505297052816,-0.7138164265706693,-0.7345864768878879,-0.18824237427405546,-0.06933736445808532,-0.08119172058293793,-0.09467464556901682,-0.05752345660652075,-0.012960240547478024,0.28544751493522313,0.4621619393198702,-0.5752826663386421,0.038970905036102746,-0.2029742705559547,0.17055733970452214,0.20257601355001462,-0.20106984504252956,0.11270311129017478,1.202459724,42,Fulvestrant_42_24
47,0.41058153143190085,0.20266106061987513,-0.12827468276652662,0.29020510169042346,-0.11067509391770243,-0.08805763679451444,-0.9292069623977625,0.21015427329500835,-0.035509001283689716,-0.05717428380736927,-0.09053509155690094,-0.07766192150744053,0.26326665575234887,0.030825392223547965,-0.5258735177269457,0.030541539072062113,0.07848154007518231,-0.23616778411682796,-0.011540711510156426,0.18348334909611172,-0.04945288912247936,-0.22921540287049835,-0.051612390787406794,0.14740924581718073,-0.18608976426931867,0.3181592984704444,0.08915508058915837,0.10719489444725071,-0.29599851134347627,0.050133702157635684,-0.5919914238303986,0.3088940650632541,0.05520145260169024,-0.10250191075277226,-0.38675665458825376,-0.07948596807793872,0.04892696181207312,-0.23966895346848785,0.18627981166127938,0.1432000888400141,0.08760341038576451,0.23211551511751724,0.03195918486681647,0.09453549268975607,0.03800253941120326,0.15049327433810167,-0.25652114130812215,-0.3279888997335557,0.28079553428310944,-0.1293131318010477,-0.2499990818223842,-0.2834717888588717,0.9360466581264418,0.34464559653116034,-0.0018291671123802967,-0.8475164727926073,0.07959943498834286,-0.07710007155840921,-0.22833545057982896,0.009260043314540722,0.1975839768824168,-0.22871799914769442,0.24131357631197312,0.03410387409863328,-0.21324301672852738,-0.42700217050546047,-0.09449401547343333,-0.25821509991575436,0.17772562822406393,-0.11715361307752566,-0.09725101648204783,-0.3434520574412074,-0.06948946336281706,-0.4633581825286832,-0.251053333232838,-0.4233750360949631,-0.043914056631898964,-0.20055042559576175,-0.5278386545680095,-0.9520267396286127,-0.14191743597726159,0.2090655836050178,-0.7331845365889865,-1.0614270719365888,-0.19755565120966836,0.034774053734411434,0.1548134368817831,-0.09490716465575565,-0.09546510553448383,0.09897220698689406,0.21532277752221765,0.4048306103370601,-0.8473464884933568,-0.42423763673516235,-0.0660601582925835,0.16707716060812153,0.7450814700204985,-0.27246902527258093,0.03520725082290008,1.312684729,57,Irinotecan hydrochloride_57_24
50,-0.2777378809503028,0.07078688110910099,-0.3264242808113342,0.08652635462575244,-0.5775072896774339,0.021986062162713028,-0.5936824469407168,0.13517236802754054,-0.2530851725507028,-0.3343187162632539,0.26835923260029787,0.10146151293382777,0.5750339628337081,-0.20004900652534027,-0.5165567160216814,0.02874091217435851,0.017303185322833297,-0.1508479068046089,-0.10421352977929137,0.2806653959409273,0.2853178533511299,-0.29449374520649774,0.2605047908148459,-0.020822299136314032,-0.22028416404576748,-0.3164740004873257,0.266824742593869,0.14768363927620617,-0.644184566326221,0.31264739176326856,0.30485814436861775,-0.29376596322296705,0.19414261004201325,-0.2313403378602105,-0.12223770089815851,-0.46789155999678966,0.2720250343244371,-0.4259093649055588,-0.22779890656115062,0.04804133282326936,-0.22701295019868759,0.30997082965522854,-1.8885980324989002,0.3477267535249264,0.15308686277711678,0.3618388649417453,-0.03469003667896087,0.1530859765176967,0.1826187578458682,0.34228615196185097,-0.005532359318655118,0.01326690956135614,1.143142930959629,0.6266597213932718,-0.28145428610759765,-0.5617606496309878,0.23554274632129138,0.026756623833464093,-0.29535092402854674,0.7667387617488407,0.23746753954465513,-0.3480480890766468,-0.6501454372294037,1.109201127932888,-0.29228137572840807,-0.28108488038388957,-0.07215176857971008,-0.20575339915646632,0.37723148698307557,0.07387211299051782,-0.033587470967536025,-0.04119691034655112,0.29485434741676547,-0.02811914771841506,-0.39610553118694153,-0.17445932497626593,-0.17961801873352715,0.2337574330340245,-0.6898587844021266,-0.8283972116635075,-0.25671572400631953,0.3077809238363544,-0.2782047486475516,-0.37964407918376647,-0.0505767148921329,-0.26675928385175796,0.08355518618095568,-0.24058753025350507,-0.11404580687607431,0.28286897494363944,0.3715047462552486,0.5158320459821887,-0.3968067274633161,0.13214203936021654,-0.3080060571167143,0.3407090628903559,1.0535435776615083,-0.09466112161147454,0.5665378499938005,0.701756471602223,31,Ixabepilone_31_24
53,0.17632408517065237,0.19669346023732226,-0.13809332893526474,-0.10557307909104659,-0.2660930726844988,-0.08529057820459962,-0.6971784722397619,0.5282084120937159,-0.15821409578524712,0.10893899031762232,-0.12230055558475206,0.14497224828806474,0.1742432902272664,0.031360739787414625,-0.36944395460395024,0.09568331629504669,0.13277240326471318,-0.40540793563329686,-0.07078155285865871,0.09823300687608721,0.032101656149584885,-0.24410813269315024,0.013464620391354978,-0.10123708309250512,-0.16730552840118582,0.08819663922441456,0.4210529832417287,-0.485444024164265,-0.06367468244943982,-0.04712427417224067,-0.7373558578960938,0.06711451570165199,-0.025742467329308998,-0.5229698298357848,-0.40078892922453296,-0.17453805710749723,-0.03009851989453204,-0.314756499296108,-0.13505030561187747,0.016308634628947497,0.22781664718852535,0.23852447121454756,0.34660178089914456,-0.4166829539483948,0.009818449619155623,0.13085318383561928,0.006196414489827347,-0.4112958354860065,-0.027520606018895482,-0.030832554801938427,-0.043897971059195684,-0.6786489712230434,0.014207286129287372,0.23350060573190703,-0.3501296244301812,-0.6539090267833223,0.14122768380306575,-0.15794326490334196,-0.12813992855604364,-0.6468204055927399,-0.047041558261129955,-0.415065658505283,0.11863280668638869,-0.12840602987235453,-0.23028639965515066,-0.27127053911174853,-0.40262518310742695,-0.09356770779680157,-0.0721914272304214,-0.33723356645910624,0.1341517498654888,-0.604946373396008,-0.12460749883791351,-0.6857640515617396,-0.1405244294752188,-0.5239955828910413,-0.021774636442296505,-0.0906735933875566,-0.41427655907209,-1.4569853609316548,-0.21411268901816424,0.02307131194423298,-0.5737086900097936,-1.1963321225958072,-0.3199112659942655,0.13355418977788028,0.11847464720046542,-0.06464348834293286,-0.04603852464753989,-0.03283427239035408,-0.3002941656282075,0.17747160454358915,-0.7886791384803842,-0.655117477164712,-0.05341743344945785,0.19502602997029803,0.09755766497703477,-0.08565901106205076,0.16782281974194377,1.548598275,32,Lapatinib Ditosylate Hydrate_32_24
56,-0.011401039217986728,-0.23566188474921734,-0.11146551308690206,0.1764499186917691,-0.05822090306698562,0.2922288322808047,-0.20747965346397393,0.753874348451665,-0.005704605144549966,-0.10417510128548117,-0.041094708665581105,0.31939041904653837,0.17431350022850314,0.10296373973308,-0.13669603937011474,0.026816877702078728,0.07272446487843899,0.6221426145857579,0.053489834156573914,0.018227126663702676,-0.04820114449484794,0.063473026297577,0.3115882400792802,-0.12172954335509552,0.03452038017627364,0.2966572976034189,0.263156319835962,-0.21815530186301188,0.0031579203809032758,0.14201940084006978,-0.00024203777698877937,0.44758005496202896,0.10751475540218354,0.11021025258352772,-0.23818860301336928,0.1014394390719246,-0.08218253002058552,-0.1589067163681793,0.012030568848466918,0.21174886289416203,0.07703716653773672,0.13390653301784694,0.15326693581558956,0.37605064385197223,-0.10589462735031373,0.12378376956349792,-0.0928313480205913,-0.18468211975300894,-0.24706022476317455,0.07926200396839274,0.0534722257573371,-0.17083105952808497,0.7292187019861132,-0.019798007555203796,0.12445517813434948,-0.2014347627159949,0.13565977933204165,-0.062077882040341224,-0.15361234894918271,-0.13406168110869918,-0.0826816360900637,-0.23674992565141303,0.10963417656631962,0.1970546373800969,-0.11344959816183565,0.16511503829762253,0.026834747864010324,-0.13195974241409594,0.21573249469042236,-0.44156661756813703,0.18700374514145146,-0.20057904686796543,0.07086442939525672,-0.5093418578634431,-0.09530960466014786,-0.06621531025146069,-0.0589036760531349,-0.0012015722200248713,0.17306437509708542,-1.4152937114191655,0.11299231293897309,-0.08738278895563867,-0.1767369753769673,-1.1038684238975485,-0.25599946505295224,-0.06634710418864201,0.28786408318913353,0.4201317771154729,0.053996223650759935,0.16638186752136763,0.021431483043807247,0.029795495452730303,-1.1097486644245624,-0.16925707844719676,-0.15733858848061058,0.19127021034246092,0.08401830902254596,0.15403378387178232,-0.027732644743634505,1.60463045414069,12,Letrozole_12_24
59,0.3230734161542898,0.12055988426307514,-0.0691095031062642,0.33254462335470536,-0.18364710541934268,-0.16869248326599703,-0.8804796398570874,0.6287952601348102,-0.02910965669801782,-0.05809711502029955,-0.16106529338550982,-0.007172763659598939,0.41837733843966757,-0.08386374765427111,-0.22126030786679393,0.24241607583863342,0.047688146222481326,-0.2747835674275984,-0.01368109109749475,0.22716192242043487,0.23638007844560613,-0.23014872783715704,0.16622302181777973,-0.025403692532428874,-0.3118950583836868,-0.22283071215812375,0.25032734609261514,0.16937458184836793,-0.020713935711225807,0.041916242818975345,-0.6523509865384685,0.18448593844286432,0.23792871972569316,-0.20064931442704947,-0.42758418429257244,-0.21977153645654499,-0.06768415710072062,-0.08601851508242297,-0.11749656849726257,0.08894835552158996,-0.0783233296242336,0.42199358968703643,0.15416834650841643,-0.07036791364128621,-0.054515088380914144,0.3306610583048206,0.2322170243605645,-0.043080817046259,0.03918378405010429,0.06783480458584135,-0.03485873672904651,-0.06348438027466541,0.42507464804417977,0.1395791998711487,-0.7149692874655617,-0.6623838351233532,0.2667486130142867,-0.034240840898973744,-0.2190953290557834,-0.00510120898955876,0.25012045978757913,-0.3257682261044221,0.2880946331594289,0.3289140175556711,-0.2639306236338801,-0.5777917856606031,-0.11919759487568443,-0.05153653220781504,0.21787779437106003,-0.14203987624566242,-0.020747911296117305,-0.6241024019879592,0.27009241710389853,-0.4431396621693135,-0.24087097364114993,-0.27154790597983997,-0.19338037372042427,0.2139090159591601,-0.025799614192818027,-0.7737132195637281,-0.2848916684827614,0.43693836573223904,-0.8585663561725364,-0.7561162439063086,-0.15617475121614513,-0.07810212870462159,-0.05082618497455386,-0.3657244475810615,-0.04234284203315189,0.33838067321167814,0.3883368829961172,0.3726967768023619,-0.41744948531873827,0.13836567975116365,-0.026474382759966043,0.31708286583499207,0.20415920782871666,-0.22257714747392487,-0.29455755223127394,1.0905835670000001,68,Melphalan_68_24
62,0.1295405567254059,-0.05342639995444957,-0.26891176307972736,-0.23006369313696032,-0.27680165260888384,0.03808092085321898,-0.8565179391945511,0.13757828933614544,-0.28806900697931076,0.028590956748450913,0.19400184381872246,-0.01738766867404506,0.3714722761156379,-0.1685167043358642,-0.5733165856360379,-0.687050890707868,-0.16449498138545118,-0.6809521996744,-0.037077847984547774,0.4974387721637586,0.28305867517914507,-0.23213106904566636,0.17398427209209652,-0.00045116552139593213,-0.23085824160603566,-0.029031797941706333,0.2033282460465484,-0.04909747117376037,-1.4560962336978913,-0.08385120900175402,-0.0275136242898411,0.3226631330987283,0.31585924740230187,-0.2332658309305858,-0.08414673578132052,-0.44072482282743436,0.09984068745843248,0.05135141732205478,0.1194898254370969,-0.01094046424662958,-0.019384289880268347,0.19705637315460686,-0.002671172710340545,0.1101812942628259,-0.0319966743868266,0.7080583160379484,0.42761540806957116,-0.07893511472963984,0.2922407179012771,0.3615202703517803,-0.021956804126593833,-0.009333762057144349,1.3516780794452667,0.10073213940248917,-0.3264004834617589,-0.6804366744594894,0.24079879857318406,0.2626661464306726,-0.33676913414136683,0.5070247333513076,0.1888729492034211,-0.31611804998608184,-0.03193301101892591,1.2517436395536483,-0.20359492939174476,-0.26692834436574553,0.10196760615046435,-0.05007116969953509,0.04684605052716669,0.04478797844014507,-0.037937117261525787,-0.0029612147381611297,0.5081584269439815,0.08693932612804887,-0.24344439221976621,-0.6544980490776684,-0.2786813374614705,0.1397505130805439,-0.6088325145170664,-0.1567130925247483,-0.19629263790290752,0.5215702234620659,-0.18970347981081412,-0.8070105409216248,-0.024748206432269826,-0.0884305195591457,0.19056470950024296,0.26008421035416557,-0.23429114505654336,0.2590433744750797,0.41358156699237086,0.47283048913049713,0.25924143568635255,0.15199934808914534,0.2626084308618498,0.2902449230934741,0.3807160320671817,-0.18361143777755315,-0.03269023522291803,0.6693603019,74,Methotrexate_74_24
65,0.01733070985333571,0.20190169938796915,-0.45631264446972125,0.25603928625939587,-0.39301463380779694,-0.13334285956556932,-0.5999400292552416,-0.7352438417784687,-0.3777034231855241,-0.23362510988977095,-0.40604820836466243,-0.6478561869927516,0.18233745693921644,-0.07985198018510721,-0.31511698334069044,-0.7333210952375212,-0.2163628942986681,0.09262503904192239,-0.4816786808333668,0.2008447006004467,0.2242167054734933,-0.4017734761964755,0.3149581570818751,-0.02342198230966395,-0.25466122236463506,-0.5106891794738145,-0.2388292563858669,0.0054205445945787745,-0.5526569517019541,0.11357274921703246,0.21379151037919641,-0.07721526744464018,-0.5440645733390862,-0.26049530520569786,-0.1841745989160822,-0.7407465098718479,-0.09064344096780586,-0.5083778345478329,-0.6074638133819051,-0.02272379673301514,-0.1706688744669322,0.12463776948978068,-0.17617099253934845,-0.22632919530922643,0.3641971147339666,0.43557439927496616,0.3723641718295098,-0.019192241368403546,-0.16161592790328475,0.062017441806571726,0.09393900063022388,0.21946240767978875,0.9267591797710352,0.48813363975501917,-0.5126579520868328,-0.4774225048612326,0.22100312527362956,0.006326256038672079,-0.15080080472064814,0.903785108268142,0.18637047615861355,-0.2610566165692976,-0.31239475879846407,1.3994713311675746,-0.26373076221797737,-0.14294784392515422,-0.32702281273846634,-0.6909412033316769,0.39571120366959467,0.3701323908592606,-0.16419946165096913,-0.28116094173501127,0.07253005526144847,-0.17565806448578283,-0.3799943900786553,-0.06819599571849876,-0.3609996762444458,0.12884238395528355,0.12366015211581181,-1.2851043599403165,-0.024342265040899907,-0.19254422182046108,-0.15929590448136335,-0.5855031011761633,-0.23068269900875213,-0.6037324389734162,-0.006867737993521836,-0.24389407828348933,-0.16258630045377823,-0.12891154461553808,0.6815043975213392,0.15334223011889012,-0.877469686078518,0.015636243990668357,-0.19310819529152848,-0.04313111861573047,-0.3420335456335814,-0.06295776805865484,0.5670103474051869,0.989146164978292,11,Neratinib_11_24
68,0.08911055321898968,-0.14695852301892273,-0.1627761369244389,0.0956179749191638,-0.19479401641922076,0.16895847686042162,-0.4412289198886428,0.6225394790088571,-0.22300040193281745,-0.05395357907319425,-0.029199697044630452,-0.22622462792068873,0.09132378303404347,0.12289501839193397,-0.1899984475141695,0.1422998356349142,0.004273287082402326,0.28476320697137547,-0.1758642559914316,0.11930239872011829,0.13094707700855188,-0.12396383533387756,0.37841891281329243,-0.15345722974287324,-0.10348444729342225,-0.28688632349025345,0.41679327127751503,0.10595212538995713,0.17602422196241643,-0.2529833644581099,-0.7874269461393274,0.3528891833840679,-0.17317612674692626,-0.008480630014915164,-0.048864649602722736,0.019346609128156445,-0.09586187884464374,-0.17705445893707672,0.14080941493374635,-0.08843931217240857,-0.18893375941767218,0.11992600517988683,0.07218305324816549,-0.40084215662457967,0.031453186027751316,0.3450377986215669,0.03757729222282041,-0.2741489991795982,-0.04801251890867603,0.2640217519307994,0.29063136613211454,-0.23781840440984506,-0.4952043265060524,0.19504496590428766,-0.00582167156930127,-0.6162204546113766,0.21430649241084457,-0.08814655042782608,0.005546281970842952,0.26516003642099345,0.04622288922655263,-0.13124800824001406,-0.05654597708924489,0.5614029713370153,0.0799617522117984,-0.00832090149261644,-0.3491028283550577,0.28558365781386374,0.17564242105304165,-0.5315872507716367,0.1547244227294373,-0.11834657446642322,0.2593278224889177,-0.5281188224291965,-0.24092151769921155,-0.0506538420521054,-0.10352950315485408,-0.6991330114204496,-0.09602227147002719,-1.4124271063269074,0.05020479853098896,0.0028328240448634765,-0.18492260850147144,-1.187027988448219,-0.1920040385876165,0.11421821121087704,0.17191371125824392,0.27611603897890086,-0.04549082984206166,-0.06911840494840274,0.4191770025779497,0.19344455338433028,-0.254566199429645,-0.012926590589439143,-0.3282576493383866,-0.05591028890048751,0.5661602751694431,-0.14373499711741758,-0.2384919253721635,1.51424755120214,13,Niraparib_13_24
71,0.2799891098005675,-0.17762868492095094,-0.06647682136031872,0.27616280382240244,-0.11117683648335641,0.31037657859854795,-0.5214684819311487,0.7015823408355882,-0.11977217470057085,0.06365676426227342,-0.24512790676592636,0.30610507897366734,0.2713890970400457,-0.17437267314161128,-0.43193760573233037,0.10351968054248391,-0.11836923372917879,0.06179829085935292,-0.022518804335248777,0.13532280242733877,0.09734169542106662,-0.031456801745530956,0.001958233059656205,-0.21820484347005017,-0.07552361330698965,0.2965899824284309,0.2267965721428092,-0.4448254290590805,-0.27247653020358253,-0.23830568768269966,-0.29915765708024233,0.1868425293921262,-0.11754222538486292,-0.2754927528045044,-0.4541635159297969,-0.055181203473516904,-0.30098347390320773,-0.09631821418930829,0.0676726364787414,0.17917023949543878,0.027959019536608704,0.3853883098498872,0.31928382024289226,0.026820444681073235,-0.3018699154063683,0.06220219138729414,0.10189468533759717,-0.4701042702353508,-0.44567957089112614,0.12493313375142164,0.010925908875159185,-0.3845486861876422,-0.7434844713964853,0.049192312488156364,-0.22604075142069957,-0.6849962531556312,0.08958845669487099,-0.5150783440221628,-0.11268863045203771,-0.2400560533714934,-0.03558326110980206,-0.3475522575073162,0.2537691063437721,-0.5069877423199196,-0.3286741827392498,-0.16792964243069053,0.17650833006445546,0.1022907824395713,-0.0747467134479086,-0.20474436655890335,0.15591670905683927,-0.44450855522443095,0.20366517467374215,-0.6058209705617232,-0.29021920442218524,-0.19929409022635372,-0.011991932411817978,0.35502244521047394,-0.38042403639715716,-1.733957068991202,0.0679272778338089,-0.2252568649723771,-0.24208624887662786,-1.3737835642112006,-0.1491813686162731,0.14109528490101372,0.4410050070354152,0.020103306871190482,0.04773392377358642,0.12250039217777205,0.3822174342020508,0.21127115185336667,-0.29228726963990065,-0.0782655945038373,-0.1837674470586735,-0.014414554092704058,0.7813654008227964,-0.026002663700206912,0.27006290234222663,1.3437219999999999,20,Olaparib_20_24
74,0.3376856686989688,0.407972299574854,-0.506688393403446,-0.046449358734040595,-0.15708043162755966,0.20471590641570828,-0.7028503675246345,0.48653006323827763,-0.4530731960327099,0.1762939736635668,-0.41565138656049233,0.3400001719980524,0.27923733031960674,-0.008091759615436974,-0.23554960669130498,0.07132719753897077,-0.3900952379550704,0.01347239869985567,0.2821481226958786,0.14107747812350732,0.06427692225053001,-0.05398416602842592,-0.08635546456108795,-0.24251876758617996,-0.24281242082922236,0.21964789649539648,0.24122765550281947,-0.2674790778538979,0.24169747368406455,0.2575470632774442,-0.3612919417714862,-0.10891465378288773,-0.18415834270366413,-0.2723975742265658,-0.3371716787241685,0.2611381532659341,-0.48451221605835476,-0.4151161082684462,-0.08461025115943734,0.05336722031575902,0.15540003149405388,0.3930128132673821,0.376027877788439,-0.08436310600452686,0.010756922621389572,0.3642619407000598,0.053816992278267785,-0.11539798105789095,-0.08604582529958378,0.31346228727925685,-0.037044456497957644,-0.5418886500714508,-1.2362434001446603,0.32550065442359705,-0.5010025586420092,-0.5736719980616449,0.19655899123305232,-0.3741270937392354,0.02067734811881915,0.1587753734725076,0.08061055967315953,-0.30981709898845916,0.09658874082552789,-0.6251537850491231,-0.6385889029159447,0.004106924889404932,-0.18597467020736533,0.1325199164255297,-0.08061635900800114,-0.06993704470740612,-0.2561882553554604,-0.143197963209925,0.28170977911771616,-0.9004185167130659,-0.3592737321930537,-0.11725087163736443,-0.3695760100537606,0.15301793523215573,-0.030450816227021876,-2.332108448882743,-0.021758691397468177,-0.18476561272697148,-0.3508214103550508,-1.2683175706002976,-0.08900403481243241,0.18913754229742138,0.2949907378560707,0.1896106423229198,0.06287435395824252,0.2526322776743309,0.42308616903435453,0.06907617777130892,-0.6357722344199866,0.10831085809646011,-0.6662482407150382,0.030267972494843105,0.21659230021271872,-0.10125493498441197,0.9183960955763258,0.9749347,77,Oxaliplatin_77_24
77,0.13905383189583012,0.35488868324053846,-0.1624203373129904,-0.39874524207102335,-0.3393351633691209,0.06597870879689581,-1.0034278527796814,0.13266954561668667,-0.1625438564431908,-0.21724093323127117,-0.01344537443432986,-0.08596503797401206,0.3354587094420895,-0.015685440014937824,-0.4749823741947446,-0.2808844661758813,-0.21802374459634435,-0.7575842697086334,-0.3128889121333434,0.2800798374220581,0.29491243940174766,-0.4409156620552415,0.2547876860624435,0.19369373367625764,-0.5465983372702595,-0.29429219698299264,0.03886254340951726,0.1934423059778816,-0.5335676355872172,0.2035954163737647,0.16191225921536245,0.40483739952165027,0.05870229694458743,-0.4226573288856059,-0.21329646348259731,-0.08402323300100105,-0.0562688364651136,-0.23216585735674564,-0.40147313434399606,-0.1138091293923277,-0.2374566782098063,0.3893537846294031,-1.1965112441092762,-0.05590687411301293,0.11767690881727877,0.48405399934783294,0.3685080281158632,0.012943433720035405,0.05563317734102243,0.2016409833619036,-0.17409520687181693,-0.16143128724197203,1.025960646173898,0.08021297197704275,-0.645667818183481,-0.8841489935393027,0.34209222322832766,0.24248354181886275,-0.3644684703605934,0.7609193999373725,0.3010034841628436,-0.3146951740386437,-0.05486687078522227,0.8692845059659162,-0.3031545621017604,-0.6764778362491866,-0.07335791709756101,-0.19259705793754292,0.3996687395641909,-0.029156374872175594,0.03509911752682363,-0.03127471742901266,0.4103488318842363,-0.2951188559728187,-0.48384287366044515,-0.44017961518788246,-0.13369957064695728,0.47276549372689053,-0.8299956338550473,-0.3189330944592482,-0.15644613532504956,0.649871646686765,-0.780422517225016,-0.49915068476072494,-0.15653045088750495,-0.5130173789836813,-0.04520875345193015,-0.46727812795229046,-0.1874483622720938,0.35263088456590225,0.6621630649696592,0.781023052487099,0.05244311710853449,-0.3469523453511492,0.2864927318724652,0.27871016650369007,0.6702012375971362,-0.24928875999272937,-0.0788220040180428,0.7347906404,58,Paclitaxel_58_24
80,-0.3760934090923536,0.1780805795793493,-0.14459730858345313,-0.06506679123604399,-0.179490339141635,-0.10060452360935046,-0.9732971179930864,0.0489063088093305,-0.1981674947369564,-0.2655384561579885,-0.7585113119988525,-0.4333628147866935,-0.14223273815215717,-0.44115755543786356,-0.1350076425615014,-0.0796844176883396,0.0814832373402783,0.24637204439804472,-0.3054152900690603,0.11233593234427248,-0.2944007342121762,-0.27367068965826863,0.5495586085085381,-0.22905143116032042,-0.31517619485501475,-0.8056593025589193,-0.19247195920199242,0.28066395995158816,-0.3321126969867211,0.3652959333125088,-0.4729036149093133,-0.41065414803459,-0.19661607478001789,-0.5790811354939672,-0.07726915394157556,-0.5305722231487908,0.08395425502689985,-0.4953024996138611,0.014227707579139272,0.022897335110574218,-0.1819235300787346,0.26327011728921773,-0.19301988892607844,-0.2969986663072563,0.09246501379450019,-0.047283280440889024,-0.23089721575274505,0.030263276243401322,0.19656317228123518,0.2277472904523221,-0.32085377015954414,-0.6278122956880979,-0.7671020428234231,0.24252988439314846,-0.4479180135311702,-0.4626195802674851,-0.10886332166641059,-0.11109183338233397,-0.10420155647274225,0.04386385720750271,0.06624680784498012,-0.28947751951784534,0.14981511705757392,0.8870913062921865,-0.29817692592348477,-0.5238870331973314,0.29198881986668523,-0.40566111999052196,0.5295371767937721,0.13974005547422944,-0.565336949598939,-0.3634416280098656,0.1808878259977005,-0.550603952215518,-0.08762328372606709,-0.22296920912039708,-0.14964128162841314,0.1098251306870004,0.014847086956595146,-1.3133736149710875,-0.32152385755587654,0.0204152942977693,-0.33337169218865553,-1.006619834432896,-0.196665200853695,-0.16110707408562788,0.11805847425717703,-0.09678002945636978,-0.16882040493872666,0.03575131360529915,-0.01842902966065388,0.2986334689810806,-0.5577905341142296,-0.5149502149516755,-0.45661628461031456,0.17291048652738486,0.35840546438652826,-0.19862014563400301,-0.5834676172094643,0.762385948227182,30,Pazopanib_30_24
83,0.24106956983608238,-0.07641066932538298,-0.19813234873107724,-0.044979542491992965,-0.23143274180466364,-0.35310077647707677,-0.7215880738757257,0.4072146114908645,-0.08280256735394499,-0.013067085787526272,-0.12623209530462656,0.3365160781046063,0.12465516281663576,0.08779888831391876,-0.41456677222874067,-0.018819652540001397,-0.006624662261161281,-0.36782488972349,-0.04375443748502539,0.18360233397333459,0.02253290771711375,-0.13368335477459414,0.0010017543544615926,-0.13750905767751148,-0.30558637280684403,-0.024508889641827705,0.14880079650925357,-0.11296424644107121,-0.1611525925596953,-0.31318816159053586,-0.6903396264516372,0.1618144075154279,-0.004212142247565979,-0.29447412072414797,-0.5584167356340527,0.06272806375068292,-0.07638005539373105,-0.4916912352240815,0.07357349006657256,0.02282637088796054,-0.5029815761547641,0.22512280006112548,0.04678472117067114,0.10331911693856115,0.1154226235769716,0.07914151333351938,0.002293558900676627,-0.41975528222275554,-0.05830717329385171,-0.2624360061334818,-0.3342608492004489,-0.5440663247182774,0.7898806198883334,-0.13651085557570447,-0.36671290167912923,-0.7410497287215557,0.29764955451469116,0.06232293028894061,-0.2108214121116434,0.38632653838680353,0.12246702037149808,-0.31194482509200844,0.031961800372821765,-0.052103489905243716,-0.39383568565946003,-0.2868856059555184,-0.049175473379445535,0.10546175777927326,-0.18492310719454166,-0.20853218146948863,-0.7372721261738393,-0.4621182992101636,0.16717440646243276,-0.3375013413544146,-0.3856583016561941,-0.6985431448633941,-0.22864498836638394,-0.057274002561675426,-0.7222194166512516,-0.8428786510406944,-0.2796026190442799,0.5080926501133499,-0.7125792655172042,-0.9497404946617009,-0.2799431388482597,-0.09091409601787191,-0.143134920562601,-0.200290354844766,-0.009593468924926823,-0.08138181642021781,0.3927985980005715,0.23608535601574512,-0.8637432283098246,-0.19927347143247678,-0.08427458661434706,0.07921754986599046,0.0004894935022482597,-0.23161403573997882,0.41654497915791705,1.519994246,51,Raloxifene Hydrochloride_51_24
86,-0.13210650199659849,-0.5981028588291917,-0.06924276659827111,-0.038804359740700484,-0.16201149566016423,-0.10074100764038424,-0.5081202037604379,0.2566763519068126,-0.1795538542506956,-0.1513449371078816,-0.21925760912830006,-0.2039351149877976,0.23169397558207147,0.05267682958983297,-0.10359275610436902,-0.16854697705741908,0.03308339908293892,0.29362939152215967,-0.15717792017891127,0.005977607793861565,0.04641461666547144,-0.19578325881273873,-0.20330528891578317,-0.18030575741549146,0.20386207421586403,-0.31633709360848455,-0.13812347257166946,-0.06974579313437347,0.20418576029993243,0.16533930701086322,-0.26502499217542824,0.1962114831154812,-0.4820524899216787,0.01494371229616757,-0.4911225534508281,-0.03648139428186307,-0.33733202544901464,-0.0815007357496431,0.05733033022859,0.07841322828150973,0.010462168511660826,0.025588141015561994,0.30610627717330474,-0.17036769063120835,-0.0250431136476149,-0.24554606065609988,-0.6688100658645864,-0.23184825391039968,-0.3498604034634887,0.03750911375967537,-0.004265678353747374,-0.3115489208243282,0.5566640605515659,-0.45025912007208174,0.22321145637573236,-0.18974024656093555,0.25419819604176175,-0.17385850474042974,-0.11504478368259707,0.3157815316213127,-0.01339613116835553,-0.15363736480128434,-0.12183412942428579,0.7672466485831086,-0.12364131342411289,0.18335715906180192,-0.4369367005550317,-0.072898144135284,0.1297059714035524,-0.13761000905331658,0.09886481480597731,-0.6379704010672637,0.10073911279419052,-0.5674227650894939,-0.10682209624475025,-0.008427769565646346,-0.08025742206716897,0.05152698352157736,0.21074797843600965,-1.5056201884841414,0.059699064388946725,-0.824220792650288,0.1122643001530877,-1.565386355741148,-0.17786742361687036,-0.2794459734611348,0.18157387117956927,0.05543764334331595,-0.0333547064671737,0.03581170917579105,0.37426127881793175,0.2890322357911753,-0.2954877666401477,0.14701850630820448,-0.1612388050414334,-0.0644220955885005,-0.5684100421472057,0.06925377559753979,0.6183104989718414,1.77726910828025,6,Selumetinib_6_24
89,-0.17852014914325323,0.08987453909514785,-0.022393419283518165,0.02839194313174423,-0.22059595109712446,0.18877072074335202,-0.16290345946675078,0.7526514703324163,0.039973814264091634,-0.2313438886587297,-0.02428822560156944,0.15182637455840384,0.2586889373811559,0.021770322739856577,-0.24414281820246572,0.08888142102856027,0.013660845003016791,0.20765228597785237,0.14218195252989468,0.23503318784891047,0.2409257846522892,-0.02421960455970103,0.1972806045635739,0.04372166231945798,-0.016482108899194558,0.01034024983913793,0.12450708356281404,-0.09808969150944262,0.06886749861358991,0.29093792964658316,-0.004119188339655948,0.2998788290380056,0.03862778366110814,0.04022040700901599,-0.17190310838978937,0.1453322219315183,0.10462159397568406,-0.189914805513322,0.14313732822370986,0.02251811330215031,-0.1284173829355144,0.3606912271402844,0.139833438120508,0.24229146339985508,-0.10207592302768494,0.15784757063244467,0.08177222477064362,0.18887682678468184,0.17654950915882664,0.23596013266216095,0.020862128472989044,-0.09019472818876144,0.6870468075606474,0.20621287718077233,0.1378306764796122,-0.4704708308105158,0.20872152993416612,-0.18319753325966107,-0.22962657411434262,-0.16175033017116883,0.023254116692387403,-0.2378095252974061,0.11624432749140158,0.666020390007858,-0.10698488458879617,-0.20105780728368372,0.07811918063483408,-0.18649878011820745,0.037680740453907596,-0.09558208634356369,0.22025337039004342,-0.22624480641320854,0.28346222275580063,-0.4739584220213802,-0.16218033401252355,-0.1012220066003726,-0.03485447909903027,0.03560393179204144,0.03292638382336414,-0.255199107427066,-0.04947646138215148,0.1806586452873836,0.05296731903961934,-0.9231818116309191,-0.07255282913455297,0.00976345292382294,0.15001644769492486,0.18499912312811798,-0.06141063853127237,0.27630810230593633,0.5724966386509488,-0.08930474711747893,-0.5008339706135877,0.398037636196334,-0.2844582628983627,0.3082335587329789,0.2814294945530368,0.10547517683066153,-0.5194670860043199,1.05431878895815,18,Sonidegib_18_24
92,-0.13307801771483493,-0.08486798664478871,-0.07172008510548329,0.08341589396510886,-0.3668951842959438,0.11869045649994821,-0.7563457284461165,-0.017226033030100545,-0.08363030166977324,-0.12131645795835033,-0.3264413271931383,-0.382039274076073,0.1495983657565889,-0.15156428269417846,-0.21565446653437711,-0.39168538946511916,-0.05561819894854223,-0.210106937866583,-0.27077612235254345,0.16099172001514953,0.12305451450235294,-0.29150514480089806,0.24144676565170164,-0.026328235078069712,-0.2627497624971053,-0.4941474169733065,0.08081765390348454,-0.1966810970769514,-0.6076176589601129,-0.16892901875619415,-0.3136190687560451,0.27109141709227685,-0.003975656365747297,-0.2048411749946328,-0.19394152954832886,0.1876032626323241,-0.03525035579765368,-0.4938028764626885,-0.18184626594314257,-0.12829958238801054,0.1881636438714057,0.3225229700024909,0.1892341876051904,0.21921382682001114,0.19248920979572717,0.26055561394132826,-0.07642254892807344,0.21946188776358286,0.16025301025426986,-0.34108533324934337,-0.271310503477063,-0.3289779964517206,1.7980144062880958,0.3079524407848694,-0.07274051311369296,-0.7736738492188291,0.17281570570764437,0.06271623687048501,-0.15497036859104074,0.7145231793585233,0.12234440236962983,-0.30026660274909167,0.06882878971939559,1.2991566045045189,-0.23052970506391904,-0.4144381767979857,-0.16864039079016427,0.0656192213770735,0.1998216117090819,0.06182364301610355,-0.5413743451014263,-0.24328764226119073,0.6855727920267608,-0.4852422832775223,-0.030430061480675386,-0.40629187576412057,-0.11708134833769536,0.07790476620045456,-0.05207683883261124,-0.43250196053905016,-0.26307060126945064,0.007065571237654926,-0.6349364437704411,-0.8560401394410766,-0.0620479376591358,-0.18335084925764192,-0.2810615205170967,-0.10647605223168666,-0.04339779094303372,0.12884569824247083,0.12505954178322673,0.24441121911478028,-0.3901730154196466,-0.0638707809177324,-0.05103952605284051,-0.046125897859370345,0.1701410686209878,-0.2259943571388551,0.03455725637917384,0.9081947012,37,Sorafenib Tosylate_37_24
95,0.3965525604237011,0.13085582143156266,-0.2259041092703024,0.2799890481187526,-0.0728748766921885,0.143822167933577,-0.1291991569071277,0.1106257273495811,-0.16260726977855577,-0.10328470370543189,-0.366306844745501,-0.04834657318539451,0.1730272411840458,0.0755690389977567,-0.14537661709744293,-0.02291298811923982,-0.03203796490525522,0.5816119180052114,0.0015067300622039134,0.16319291017436902,0.018476928403796194,-0.012615508810049164,0.08129611625025779,-0.24716501596905416,-0.1553200974829469,-0.7646041193948652,0.25820647071124153,-0.06865121401512644,0.29163417388779617,0.15135969857464227,-0.36890147527214634,0.40178243890699883,-0.12992466558792812,-0.03837423978116869,0.03670194121101317,0.5233396854308145,0.15631149809411696,-0.3903660495026372,-0.2349665228293848,-0.029405140085623067,-0.3329207815438635,-0.20433633253998879,0.20648867000406507,-0.4133458509639098,0.20033823407018211,-0.29878021442172453,0.511721503668302,-0.4374629164046649,0.584173049170861,-0.2820242535606944,0.01361173819721656,-0.5401418539542002,1.4317628725446192,-0.1671081007490763,-1.2002863104043175,-0.4632223163913115,-0.060586503431807014,-0.057706898423250955,0.011249516868452936,-1.2349165099099886,0.0670889160085814,-0.1853517901226289,-0.3378551891797436,0.6701117122928529,-0.09955583146210306,0.07328914916492098,-0.2880216342189407,0.19815218250031824,0.06162291501350746,0.11182988986534098,-0.5724768857049244,-0.7048102401239162,-0.255172978911854,-0.9180931970061206,-0.14075027508419083,0.2593001197438949,-0.25229765988340475,-0.38352220735551684,0.38260989571964044,-0.5219319272761063,-0.2479644568476117,-0.26542254256699155,-0.16560363415130414,-0.7010990206834208,-0.14158898388140775,-0.14702443042987057,-0.015535322182284178,0.17738205541866525,-0.35323278780398726,0.234162383281097,0.24405468798034025,0.25896283109177,-0.7320078485072538,0.2246626592627691,-0.3604247975099514,-0.20593447799606407,0.7787967676495839,-0.029637179845111654,0.9503782522855082,1.43978131532401,9,Talazoparib_9_24
98,0.08896801469520908,-0.25727712313804457,-0.09815147382270972,0.12927901544426856,-0.31664425585922257,-0.0691231340402872,-0.8578225220450125,0.4776509451381097,-0.068754751402214,-0.17476394971060719,-0.04984908692951865,0.15917468027908513,0.4261369758767343,-0.06549335407221564,-0.38107658342566486,0.11543422295916829,-0.06433172038589,-0.7452139012851537,0.01702577294211963,0.28742906625087034,0.2573672996041462,-0.20577938144752175,0.07362799677457177,-0.11913747748616954,-0.4204372496584025,0.1435467531852296,0.5352078361731737,0.13037015514862063,-0.18975870938600528,0.26088706595234396,-0.3345432687297986,-0.08222581943903189,0.2919904775236554,-0.30924883670861497,-0.3244220610665131,-0.2971094080447008,-0.039853953457299994,-0.12363132403489084,0.23966168875481145,0.026836718169112272,0.12214029298351751,0.41230399888180064,-0.49400134803993206,-0.07937178453824055,0.05108040717982169,-0.023518711280335374,0.2610950428770747,0.03817048329170627,0.23357939984572865,0.08745544173731477,-0.28308586875837666,-0.2993331514104102,1.2242588112832464,-0.0025295984038868485,-0.09246667045914699,-0.750717959908997,0.34913768012442375,0.1936097219047043,-0.2127667656486777,0.4669474453652989,0.3089915574098861,-0.42012350315602826,0.22137167996866616,0.8050667262893697,-0.34467608359220153,-0.18578756073896638,0.026279565469601973,-0.0893834237814987,0.11440649835029582,0.019775450948267086,0.11019628395161363,-0.050736303183853255,0.20190914279806912,-0.352812664261271,-0.3683204911472206,-0.3119388632770917,-0.16031718203075632,0.773627726169381,-0.15292816723150793,-0.8683671977977611,-0.3275704237705395,0.5445313987585215,-0.7721297349320356,-0.590180213596322,-0.06773932828783451,-0.1380104194017763,-0.011444147174965447,-0.19307556608373447,-0.0853862718244011,0.2858626103597201,0.394328238072098,0.5630329180366823,-0.5555948018119449,0.24047501745227529,-0.03978128042340836,0.24122061398204322,0.287767601061937,-0.16971539241748157,0.055492792858859295,1.236945813,61,Toremifene citrate_61_24
101,0.08732879581480175,-0.11616300864424844,-0.054133066807198794,0.13329588451989713,-0.118098172372386,0.3082150746734763,-0.39153043765176543,0.2947584631715482,-0.1271577388367964,-0.059134637731999284,0.01904679799756348,0.19621190551491297,0.004987226669453758,0.0760408833967516,-0.35414643049626954,0.12663278139066358,0.07217652350618098,0.5270531415269908,0.04090634823433163,0.12080972692594387,-0.014939788799736231,-0.14664271820251026,0.2357309710741792,-0.10878652147232869,0.11046380577366477,-0.18586224636230822,0.38426480083897796,0.06196600187979314,-0.01451630478583014,0.10192767772244003,-0.610015955234713,0.46864762242047703,0.02782638944581196,0.07222703576661356,-0.3965717685527818,0.013332207448889058,0.019057560539444924,-0.05263285209969734,0.057416359265465094,0.24538410236519548,-0.08614799193226082,0.15717440072027627,0.2761795252644868,-0.05637938295543404,-0.08036411768438192,-0.06558476956015623,-0.2755198764807604,-0.1933889770056699,-0.04819909079921419,0.21347322761464946,-0.045694301643759705,-0.18164184560398833,-0.16477242178027438,0.31118854311135347,-0.008826569530712336,-0.4320123124668307,0.09693784579765115,-0.26690124557220224,-0.161608060365729,-0.2500785622887322,0.03261661728917733,-0.20784659762133426,0.4136124468141118,-0.07390547337335988,-0.060357231496341,0.22101462875744718,-0.1501106713182264,-0.059502083562968024,0.04825351092262933,-0.2961084264339986,0.23054054574247662,-0.02020926492807884,-0.022888729313936776,-0.7250878741504119,-0.28803553255492187,0.011020441991071439,0.02678966952728574,-0.11157730394245831,0.49275521944142014,-1.5569991853670542,0.11268549691650935,-0.16740080260720394,-0.06104628562628762,-1.2314841848371645,-0.17338069913453014,-0.020592592740998575,0.3102100607550904,-0.046188135565225864,0.04343120886377205,0.31506629116424595,0.29294081463071414,0.07557527903711268,-0.5639270891551333,-0.09490861919155041,-0.31034563175332813,-0.11735840728027797,0.11025410063146618,0.17831429273358682,-0.1384856966048392,1.6120621019108299,5,Tucatinib_5_24
104,-0.014877142201297258,0.08762334031506058,-0.14049680719121518,-0.22800366228435956,-0.29102234321098747,0.16154806104302719,-0.2226941333659477,0.5866896890180794,-0.11735488626487638,-0.1251087497976198,-0.24323067488981873,0.005670956792265545,0.2012324094903515,0.1696414372113093,-0.13367623321330505,0.03701076378362334,-0.03482214098706748,0.3222161989712087,0.14751570641910686,0.18770293866997892,0.1351462860566052,-0.10831626561572526,0.20889644414606376,-0.08564294291521463,-0.11929420081455207,-0.13409865706109628,0.15426900461849583,-0.005674490283327375,-0.07030584611723352,0.40328731730740697,-0.11725965975645479,0.2956007843842157,0.22703589872466165,0.1287217799487765,-0.16097123687559603,-0.04451850568820378,-0.019316195848271305,0.008039646356746666,0.14052754696003497,0.032659452395807,-0.09099485206582748,0.3134035135732643,0.18519484763401994,0.13978957530381855,-0.0660730602674612,0.056639064282149355,0.026595528735450624,-0.3118695861858511,0.3269538496725332,0.48636065119653354,-0.1837436415698137,0.2528304762709244,-0.22576955799094522,0.08128949101244459,-0.16212663376440828,-0.26514418075523244,0.4883697440363341,0.0235245672023926,-0.18218512533855288,-0.04786357361359872,0.23808841599115413,-0.13330763061054976,0.11097600915668478,0.6282307428169308,-0.2939797126335328,0.10880010895371445,-0.3270635683834496,-0.1372071174946964,0.3119948719279704,-0.007299454591345215,0.2624988400726784,-0.20594970070105598,0.15993786378066763,-0.6528034658282594,-0.2833973150126387,0.1379431853017029,-0.0988707021411002,0.044692340391105444,0.40018255461959473,-0.8599640731843228,0.08532943860622372,-0.30562786549644017,-0.1866165531956017,-0.9459849785190393,-0.15320538636748574,-0.03277608389173695,0.15605355038602867,0.1615167133551633,-0.05288919313861321,0.14919415502709146,0.39297418993828903,0.3535593133851289,-0.43114322844992925,0.00958364204642681,-0.29689565394162365,0.26336308777025635,0.036354863413039694,0.1004230682291209,-0.0021028485315367127,1.1561803429726298,28,Vandetanib_28_24
107,0.2100304156917582,0.43974035113227034,-0.03212245790260264,0.21241044490004363,-0.16526531023321892,-0.5648521634357297,0.34265830013342735,-1.501531425992908,0.05171028096552717,-0.40363336123622506,0.2516696549629719,-0.9270989903105906,-0.49583160760558737,0.16352531222700936,-0.22073740109632206,-0.14958568472615227,0.11953373416814435,0.5309031901477125,0.06452584888948365,0.33809651504185184,0.1310497756941998,-0.14171284570347598,0.1866791918204258,-1.0480677254421606,-0.23962502546162678,-0.9966204511722297,-1.5054648965093615,0.7456033427520055,-0.06710436078888227,-0.6092241674413074,0.4760204342884291,-0.5745189110344305,0.46262635233439237,-0.5902871552332454,-0.17578460475212496,0.07242039672109007,0.226803554210673,-0.13816517431296824,-0.15615626301794433,-0.10495471065304879,-0.044560693167375216,0.4850373421697085,0.2137964317206584,0.31188064963856243,-0.7425366421933696,0.47623430557353397,0.0,0.12351305076654898,-0.6067115568861334,0.5513007875460793,-0.7283455417944683,-0.49313109533726723,0.9110391256778398,-0.4965124197980799,-0.1616925991248768,-0.5257189261452788,0.20587046296052688,0.014703857916827202,0.026547594028907467,0.4083556958843122,0.1090595932025833,-0.4359944897026423,-0.1314411668230726,0.3116135679153377,-0.5583632989185773,-0.38253037853986166,-1.3287295175642155,-0.36509942844138993,0.35708813651420623,1.7625576536078444,-0.5814938055013056,0.11448279852293552,0.0,-0.9967353000280559,-0.15086540689595507,0.3825543891465572,-2.2389165714099657,-0.21768031398935284,0.32771636929447984,-1.230949840571027,-0.2058640665772743,0.5342517897674578,-1.5252837796247636,-0.7748609294813906,-1.69953870846145,0.007452352874804523,0.11442159283246003,-0.20428040053227814,-0.688279476227923,0.4787597760856164,0.20535430440271513,-0.3244921777591747,-0.13806496158922102,0.23748783883522173,-0.579946395182053,0.3106412693159041,-0.26574656044255895,-0.19710343414669698,0.2893896914179016,0.8043728423000001,45,Verteporfin_45_24
110,-0.12266420706053931,-0.08649920966290757,-0.11134627213343817,0.037297861251436935,-0.5188940809048944,-0.11881231774608696,-1.0670611154695633,0.2741307347651543,-0.0795463570643655,0.29965675135563646,-0.055987983682905064,-0.006825990633737067,0.2854275271477087,0.4900992390259937,-0.6577308928977327,-0.39971662791594437,-0.11099502718116094,-0.5273252582235678,-0.22408000496994104,-0.06332032558578983,0.029580972030419168,-0.3789811610379243,-0.06843020003031945,0.5842294380978574,-0.06926889351843278,-0.18739978632345541,-0.6853173498967061,-0.14281592043759303,0.13212058189257864,0.12212210432060112,-1.026057055715359,0.30911352578711293,0.28857447009333753,-0.37175817404324357,-0.35484615653035484,-0.32670178506592706,-0.025182748404158118,-0.606781152475058,-0.7623659513221757,0.04429635660173059,-0.13680063186950978,0.47710709436238835,0.05287487260624274,0.5242335272631086,-0.012136002217820888,0.3255034067555161,-0.10567802617648032,-0.15053034792185782,0.49690202923451593,0.2034917657537583,-0.3393988385678904,-0.07988603475408607,0.7644367027174997,0.10344406545576719,-0.6850157880326769,-0.6507838581185176,0.4076680092877347,0.35764599170419853,-0.3007615770015732,0.38188231946564044,0.508708859814691,-0.7652169350433407,0.21211556780277172,0.21776763185106987,-0.4178952279807118,-0.5624621163528255,0.12232101958191526,-0.23604260078811637,-0.07333632139068784,-0.33500371171162896,-0.13849205734432177,-0.18156302886119643,-0.011681487288664546,1.1667690865768643,-1.0290436952589601,-0.0828248084661997,-0.2815537267119347,0.3899569840476554,-0.5962845361112824,-0.6442171927334441,-0.4517417414562456,0.03926790964320509,-0.7821730709533643,-0.42879208422311593,-0.26054030711511084,-0.20917468202545342,-0.12021437241526338,0.3449013276321879,-0.1025101203262066,0.22046900099763886,0.38219240653371456,1.0868894765420383,-0.7099114071884632,-1.0918733852638611,-0.11148919035899373,0.3084947353590839,-0.18094725800963432,-0.284216387369091,0.3485484483222727,0.9967652495,33,Vorinostat_33_24
113,0.1690361412311242,-0.08232706780017507,0.08173440534820126,-0.4075626082955554,-0.0925604061116005,0.4869485500441988,-0.7105221712791563,0.3841163819139388,-0.18020550836158664,-0.008919422543440763,0.12668314797207095,-0.22176494453431142,0.010076820785256188,0.03394602683346417,-0.3000412979466031,0.19248476792897362,0.0017731486446041674,-0.3616051365437573,-0.2516973403313258,0.0680802090535622,0.04880638978575099,-0.16208920555280162,-0.41360987427060825,-0.15832838939760582,0.03945944123911147,-0.5955295854003538,0.21044328023382897,-0.22348826232819327,-0.06235000974707081,0.036444015277938537,-0.3715991671174271,0.05784410132035812,-0.005712247526440117,-0.14070746678063406,-0.32215733975348154,-0.15316692176553348,-0.0801202892831509,-0.3822677688976374,-0.18258567546856574,0.0911579190180502,-0.1358849274680233,0.21054867452339732,0.43139387009909963,0.11812902538500723,-0.15354026938809637,0.27343464390968236,-0.23973048487988147,-0.2101522939079102,0.04694107008991174,0.030289718158440542,0.0677050377492714,-0.6060709866330429,-1.6286309265818348,0.8144749241034465,-0.3483406335820099,-0.8756914532569643,0.3504087503816647,-0.3287941384103102,-0.12221182782132588,-0.23084952702917222,-0.07005899508796931,-0.43991265622107845,0.11049133784661269,-1.5590981773005492,-0.11803046589778794,-0.191824969108344,-0.20717399190079777,0.13967301398968335,-0.28613207386300366,-0.37870937494455764,-0.1024828324198354,-0.6144752978494935,0.3308963797122925,-0.5699182146110594,-0.1760516843671757,-0.19497542907875565,0.07793190593440079,0.3217730679254364,-0.026179382992610318,-2.2247358654030367,-0.01647331576805842,-0.6656514254071507,-0.36642221170220607,-1.9005310968655273,-0.2789775698579813,-0.16011418424223883,0.26109683583448245,-0.14870145350138408,-0.10340783051622926,0.1907025606607435,0.1871270270251548,-0.017692640315376883,-0.8435236441232882,-0.25584430962493365,-0.09809132718160096,-0.4489818293437006,0.2342393658852763,0.06667221342311332,0.8075901065035124,0.9376753999999999,75,hydrocortisone_75_24
