,4EBP1pS65,RbpS807,MAPKpT202,MEKpS217,S6,PAI-1,AKTpS473,AMPKpT172,b-Catenin,BIM,Caveolin,CyclinB1,CyclinD1,GSK3abpS21,GSKpS9,IGFBP2,p38pT180,p53,p70S6KpT389,SRCpY527,STAT3pY705,TSC2pT1462,YAPpS127,ACC1,AKTpT308,AKT,b-CateninpS,Fibronectin,HSP27,IGF1R-beta,IRS1,p27,c-Myc,SMAD3,STAT3,STAT5,STAT5pY694,COX2,PAX2,PLK1,YBIpS102,CHK2pT68,S6pS235,S6pS240,4EBP1pT37,Caspase9,a-tubulin,ATMpS1981,ATR,BAK,BCL-XL,BCL2,bRAF,c-JUNpS73,Casp9cAsp31,CHK1pS345,cRAFV,EGFRV,ELK1pS383,ERa,GATA3,GSK3ab,mTORpS2448,p21,STAT6pY641,TAZpS89,XRCC1,PCNA,PDK1pS241,PI3Kp85,PKCa,RAD51,SRCpY416,4EBP1pT70,ACCpS79,Collagenase,CyclinE1,IRS1pS307,p38,SMAD3pS423,TSC2,SRC,G2M,G1arrest,G2arrest,Sarrest,cellviab,aMEK,aAKT,aHDAC,aMDM2,aJAK,aBRAFm,aPKC,aSTAT3,amTOR,aPI3K,aCDK4,aSRC
0,-0.61974883,-0.43373036,-0.32350397,-0.43868896,-0.022900183,0.33090645,-1.9227825,-0.2172272,0.27149707,0.055784177,0.12911302,-0.5315056,-0.2696936,-0.9322005,-0.53302634,0.028809397,-0.016128808,0.25994506,-1.1529149,-0.0016158691,-0.14517571,-0.6362789,-0.3246118,-0.34819227,-0.40066627,-0.48079458,-0.05078212,0.0130973235,0.0012306833,0.057985216,0.22242121,-0.03280869,-0.028568706,-0.21380153,0.065011434,0.00066212873,0.74570876,1.1467658,-0.11113258,-0.1547778,-0.11936984,0.15734322,-2.3427637,-1.0964999,-0.86600584,0.020605365,-0.010193885,0.016848791,-0.04520391,0.18519382,0.27532327,0.00025337216,-0.026948098,0.031568404,0.019300302,7.636686e-05,-0.0882361,0.08296565,-0.062730946,-0.10867542,-0.040939678,-0.05442849,-0.15251325,0.010105077,0.07018569,0.009350103,0.004978079,0.25274873,0.015902076,0.00014095023,0.009826609,-0.24635759,-0.001399943,-0.4727776,-0.1814354,0.3363516,0.002055308,0.032094862,-0.1803634,-0.06501505,-0.34503073,0.07925269,0.18852909,0.19343837,1.7110232,0.5440578,-2.1328497,-0.37594104,0.47064698,-0.0814534,-0.1762573,3.133055e-05,-0.46433118,0.36847824,0.028672906,0.542365,-0.9516516,-0.09493603,0.18960987
1,-0.47333458,-0.19619869,-0.04359244,-0.24230658,-0.01674324,-0.016129848,-0.13423344,0.08809234,0.19406301,-0.041569743,-0.28200302,-0.15499547,-0.084129274,-0.37207925,-0.32948977,0.015836388,-0.007929083,-0.130047,-0.56887066,0.021644762,-0.2223506,-0.30084762,-0.27457508,-0.24846487,-0.21671498,-0.23711404,0.040990796,-0.009705542,0.00016121674,-0.017448282,0.16699241,-0.057249278,-0.026337191,-0.24681775,0.044712707,0.0006386793,0.13392015,0.97480494,0.13358313,-0.27040735,-0.05278839,0.14859654,-1.0305934,-0.26205102,-0.5970961,-0.038861968,7.579998e-05,0.007129137,-0.023201277,0.22380692,-0.015731357,-4.968322e-06,-0.037288908,0.017366126,0.009941727,0.00018302296,-0.027353376,0.09687736,-0.13431479,0.3516478,-0.074241996,-0.044278793,-0.15214673,0.0039397,0.1235292,-0.012627983,0.004735841,0.014941963,0.004402934,-0.0022999933,0.010361781,-0.41292736,-0.0007001802,-0.6639575,-0.040586244,0.26029587,0.0010438581,-0.0020379054,-0.050847538,-0.042388108,-0.354386,0.0481283,0.17280304,0.12831993,1.2558352,0.288649,-2.0427291,-0.22444995,0.18065071,0.0789958,-0.085917205,1.5208009e-05,-0.034954343,5.2377727e-05,0.0067580864,0.34870923,-0.01049528,-0.16504957,0.00499724
2,-0.8952486,-0.42372748,-0.13425748,0.02052027,-0.5684374,0.050161503,1.9096909,-0.042584404,0.37450364,-0.3187086,-0.16467267,-0.5351823,0.20233332,0.18294235,-0.51883316,0.03199613,-0.004593301,-0.10671209,-1.8456247,0.13963975,-0.2579571,0.2922676,-0.24136765,-0.4651781,0.6890114,-0.7234892,0.033888645,0.10881948,0.00033172013,-0.039859563,0.41672993,-0.18753372,0.12200829,0.026186768,0.085065015,0.0036141113,-0.046128158,1.247771,0.235198,-0.3248461,-0.11728861,-0.2629498,-3.8493962,-3.3774483,-0.9454129,-0.03105697,-0.02887832,-0.0063394317,-0.036166064,0.043316737,-0.61907125,7.5642492e-06,-0.067782864,0.09858126,0.010037818,1.5478272e-05,-0.09103441,0.13849767,-0.31561628,0.68362933,-0.085697435,-0.08762902,0.01713283,0.0014208062,0.031637914,0.032039206,0.004913765,0.016741332,0.031463467,-0.027538594,0.008497303,-0.16797395,-0.0012788838,-0.6821273,-0.18554974,0.08324048,0.0034939444,0.030253844,0.43041304,-0.06446684,-0.48056749,0.091000654,0.15617792,0.15949187,1.5444558,0.9287191,-2.1386104,-0.3032568,0.6230836,-0.12987289,-0.15219109,2.1193808e-05,0.8262742,0.5434477,-0.0690689,-2.15562,0.179913,-0.25003996,0.3068333
3,-0.80366254,-0.42664087,-0.20129737,-0.08111014,-0.50389415,0.020559503,1.7802154,-0.021396179,0.34860873,-0.28592435,-0.15361825,-0.49600393,0.15907189,0.11269212,-0.51985943,0.031727158,-0.0052155764,-0.073904365,-1.7775875,0.12819852,-0.25360262,0.2854492,-0.25106,-0.44559935,0.5849755,-0.7110489,0.033621076,0.10022342,0.00033689247,-0.037257146,0.40129814,-0.16958751,0.113592654,0.008951234,0.08377601,0.0033955753,-0.051652372,1.2307022,0.22114117,-0.30806234,-0.13032264,-0.21765314,-3.7644997,-3.2469914,-0.91731405,-0.027973045,-0.028689388,-0.005569006,-0.034958072,0.07558002,-0.5799013,2.7346232e-05,-0.064923674,0.09434035,0.010103152,4.614335e-05,-0.08869162,0.13638817,-0.30767718,0.63767326,-0.07082612,-0.08507533,0.005638502,0.0015593705,0.037474316,0.031117091,0.004913617,0.042986326,0.030252706,-0.027249657,0.008713531,-0.18755583,-0.0012975563,-0.6226657,-0.101703934,0.11745103,0.0034217814,0.029492687,0.40098318,-0.063123524,-0.4690609,0.087757364,0.15974778,0.1631848,1.5650241,1.0070025,-2.1383524,-0.32923472,0.5798279,-0.12820265,-0.150055,1.570328e-05,0.4700357,0.53504974,-0.065716386,-1.8681085,0.14830276,-0.25904012,0.29636714
4,-0.48729107,-0.21343231,-0.04865463,-0.25719255,-0.017656162,-0.014939259,-0.14011474,0.08869274,0.20354737,-0.0411211,-0.28156763,-0.17060366,-0.0827982,-0.39245197,-0.34584796,0.015935507,-0.0077746282,-0.12576485,-0.5870954,0.021772476,-0.22402543,-0.3037377,-0.27739388,-0.2572927,-0.2103477,-0.25379214,0.039654087,-0.011343927,0.0001579506,-0.016571598,0.17196372,-0.058104586,-0.02679422,-0.261724,0.04504238,0.00061461946,0.10987778,0.9653025,0.14824939,-0.28421572,-0.0547114,0.1556738,-1.0699462,-0.28921655,-0.6294378,-0.037755415,0.00015345376,0.0071321344,-0.023353603,0.23117179,-0.02124341,5.332444e-07,-0.03746262,0.018263297,0.010109297,0.00016626765,-0.027768338,0.099270776,-0.13644238,0.37464827,-0.07638773,-0.044644162,-0.15224515,0.0037583497,0.12455475,-0.0118785035,0.0047714724,0.0039808913,0.0047763954,-0.0020342069,0.010382177,-0.437255,-0.00079024676,-0.6705108,-0.036073405,0.28005055,0.0011866187,-0.00067462324,-0.03835226,-0.042517975,-0.3434269,0.049415488,0.17376615,0.13024752,1.2610298,0.31321457,-2.0541022,-0.23155305,0.19370084,0.02654263,-0.23432717,1.610791e-05,-0.036390644,0.008674205,0.0067059584,0.34560716,-0.0017986372,-0.17100078,0.009849387
5,-0.46051463,-0.19587566,-0.049116973,-0.23892182,-0.018045602,-0.015063614,-0.12761644,0.08947272,0.19120103,-0.03758992,-0.27462995,-0.1557199,-0.08437219,-0.37339607,-0.32647493,0.015693739,-0.007794732,-0.12490081,-0.561271,0.020576302,-0.21896358,-0.29628363,-0.2675818,-0.24930863,-0.20666319,-0.23265216,0.04081788,-0.009790153,0.00016534461,-0.017060993,0.16365604,-0.05406499,-0.026278771,-0.24192075,0.04450247,0.000614261,0.13103074,0.94126916,0.12917176,-0.26676697,-0.05542949,0.14512822,-0.99725926,-0.24602947,-0.5952319,-0.03918046,0.00025590736,0.0071404004,-0.022982739,0.21995287,-0.018475376,-1.2100734e-06,-0.037087742,0.017251289,0.009871279,0.00017063488,-0.02679825,0.096496254,-0.13184422,0.34809062,-0.07019592,-0.043849487,-0.15171799,0.0037175114,0.122787215,-0.012895893,0.004727076,0.018307637,0.004437465,-0.0020364772,0.010357506,-0.40782672,-0.0007164817,-0.6387514,-0.032150213,0.25996596,0.0010983897,-0.0021822688,-0.04873089,-0.04180617,-0.34519923,0.04764921,0.1717685,0.12793727,1.2253041,0.2979995,-2.0357046,-0.22344509,0.17576057,0.029011974,-0.0844439,1.5006566e-05,-0.035527192,0.003790883,0.0067921556,0.37512174,-0.015862426,-0.16349271,0.0043195635
6,-0.8594345,-0.41824716,-0.11290594,0.009337507,-0.52687454,0.043343753,1.8231264,-0.040688608,0.36864266,-0.30117986,-0.18064097,-0.48196763,0.18017852,0.15696059,-0.5312555,0.031675316,-0.004635402,-0.09040755,-1.7769809,0.13153648,-0.2592969,0.2369436,-0.25945932,-0.4504589,0.62371224,-0.7137392,0.033941627,0.10069158,0.00033282948,-0.038944595,0.4016754,-0.17871457,0.11711613,-0.020482369,0.08387339,0.0034542417,-0.04159945,1.2438147,0.2310025,-0.30126572,-0.11334321,-0.21339522,-3.764622,-3.2675679,-0.94224536,-0.031395182,-0.028022148,-0.005829928,-0.035217103,0.07538948,-0.5905382,2.2364737e-05,-0.06639147,0.09598986,0.010102152,-2.7317476e-06,-0.08893277,0.13310616,-0.30862147,0.67193514,-0.096151665,-0.085828915,0.0073902374,0.0014288916,0.0347897,0.03135333,0.004947071,0.018091518,0.03027556,-0.027156424,0.008659275,-0.19460133,-0.0013153616,-0.6747715,-0.1715571,0.09781547,0.0034565674,0.02870546,0.3928742,-0.063508295,-0.4674295,0.08966116,0.15938024,0.15933245,1.5164002,0.8993794,-2.1383414,-0.3066265,0.59989077,-0.12730956,-0.27837297,2.0984957e-05,0.79980564,0.5336645,-0.06449392,-1.8253994,0.1759186,-0.25348008,0.29190713
7,-0.9058934,-0.26787072,0.10796933,-0.14860173,-0.18762296,0.03373503,0.089870825,0.05970345,0.16313228,-0.108889624,-0.37858987,-0.113810904,-0.14294142,-0.27740794,-0.3732414,0.016687246,-0.0072412267,-0.16540545,-0.5980296,0.036393426,-0.23731111,-0.37329474,-0.3784213,-0.3162917,-0.24692038,-0.49611935,0.0427404,-0.003203948,0.00017522529,-0.025512403,0.2242005,-0.084087335,-0.008560266,-0.24349703,0.048236486,0.0008109437,0.11015084,0.9917321,0.22598803,-0.20833151,0.018497791,0.22536364,-1.1237957,-0.37481016,-0.74171686,-0.038907852,-0.0032528674,0.006024795,-0.023117278,0.26301035,-0.046741024,3.1239542e-05,-0.0387417,0.02460993,0.009985912,6.802831e-05,-0.029767431,0.09473999,-0.1542376,0.4494502,-0.12800474,-0.04611355,-0.22706425,0.005401467,0.12088562,-0.0124507835,0.004943102,0.015519277,0.005923854,-0.003892279,0.010155435,-0.3449183,-0.0010335532,-0.7203064,-0.020061493,0.3171673,0.0009944321,0.0020473287,-0.03242248,-0.04478384,-0.4755637,0.046391826,0.17450105,0.12373947,1.2532364,0.14422008,-2.1015372,-0.24532446,0.17314467,-0.05926792,-0.09369541,1.5138594e-05,0.0118514085,0.019082112,0.0026624314,0.28831545,-0.029387534,-0.59533185,-0.23194657
8,-1.1028711,-0.23307289,0.21528295,-0.1520183,-0.19327243,0.04106971,0.2433516,-0.04556838,0.46073475,-0.16662133,-0.40042454,-0.06557625,-0.17369044,0.018993968,-0.47671795,0.022638839,-0.0075592496,-0.18867931,-0.76746,0.056697678,-0.39382648,-0.4031189,-0.38545647,-0.20166032,-0.35317147,-0.58478963,0.033965625,0.027737735,0.00033264438,-0.035514638,0.4682499,-0.13168037,-0.028301701,-0.4108024,0.047580026,0.0012780062,0.18508585,1.2841306,0.2174857,-0.3003735,0.054882247,-0.0055253054,-1.8782941,-0.92769986,-0.6828753,-0.023904456,-0.014356774,0.0048024748,-0.024644021,0.23226105,0.050652314,3.4902943e-05,-0.04194916,0.038867738,0.011093857,1.5373587e-05,-0.05051825,0.138504,-0.1339982,0.3607123,-0.06533107,-0.053869225,-0.27149603,0.0072822245,0.13948487,-0.0012240456,0.004925393,-0.06189643,0.009121555,-0.013690531,0.009915972,-0.32119176,-0.0010459963,-1.0572914,-0.30050912,0.35473496,0.0011858707,0.0049866545,-0.049646433,-0.052674204,-0.55235404,0.058324717,0.17425327,0.12638117,1.1205628,-0.093527555,-2.1285973,-0.19934835,0.09728202,-0.06187569,-0.11945655,1.4524227e-05,0.042669445,-0.5878114,0.014661766,-0.1281027,0.041982763,-0.65587986,0.123990096
9,-0.4755193,-0.20223196,-0.054044474,-0.24525638,-0.030112002,-0.013808667,-0.15356632,0.08169712,0.19691658,-0.041228555,-0.27198195,-0.1575928,-0.08819339,-0.38086465,-0.33541825,0.016239332,-0.007878636,-0.124855995,-0.57787466,0.021191744,-0.21823457,-0.30263233,-0.2659677,-0.2436105,-0.2184543,-0.24111553,0.038929824,-0.0087253405,0.00019187081,-0.016560288,0.1709236,-0.055601403,-0.026281394,-0.24108006,0.04522591,0.000643149,0.13452627,0.9234066,0.12524377,-0.2621713,-0.054646276,0.13586365,-1.0667993,-0.29491037,-0.60254836,-0.03815321,-0.00044530834,0.007357863,-0.023475975,0.22303568,-0.010603202,8.056459e-06,-0.03712395,0.017992655,0.0101399375,0.00015000795,-0.028402943,0.096411124,-0.13289177,0.3542195,-0.07410491,-0.044181153,-0.15145306,0.003948588,0.121824384,-0.012322191,0.0047457507,0.016152656,0.004726438,-0.0022319928,0.010354145,-0.39875427,-0.00077147817,-0.6332814,-0.039843418,0.25888517,0.0011668598,-0.0014841468,-0.045953758,-0.042396963,-0.338479,0.048510157,0.17137796,0.12966497,1.2072196,0.30091456,-2.0486252,-0.22439301,0.18483418,-0.055707432,-0.086967774,0.0015344591,-0.033725668,0.0056139114,0.061781596,0.32404944,-0.0031815178,-0.16445917,0.0114788655
10,-0.69484395,-0.39489296,-0.1754567,-0.28400585,-0.048033666,0.378251,-1.9800899,-0.26061562,0.29358673,0.04065856,0.09275524,-0.4870665,-0.25866377,-0.8816781,-0.5311122,0.028313046,-0.015688974,0.24110828,-1.1056088,-0.00049395236,-0.14973265,-0.7491636,-0.33675388,-0.3344013,-0.4129935,-0.4562819,-0.0523374,0.013641164,0.0012648646,0.05786989,0.21764444,-0.04403752,-0.026714927,-0.24929373,0.06446185,0.0006972127,0.83302927,1.1709162,-0.1335568,-0.113698415,-0.08615787,0.16415344,-2.2354848,-1.0800244,-0.8623312,0.014599016,-0.008958752,0.017324112,-0.045808382,0.18038169,0.31041905,0.00024857032,-0.02752508,0.031262573,0.01952829,5.867187e-06,-0.08794249,0.07020091,-0.053078126,-0.11452839,-0.088181175,-0.05394428,-0.15917285,0.0105616795,0.06311379,0.0078304745,0.005027272,0.2355773,0.015280003,0.0012110397,0.009771903,-0.21934493,-0.0013489788,-0.55006605,-0.31905824,0.28357345,0.0019002222,0.029286575,-0.23442468,-0.06540879,-0.3520818,0.08021111,0.18769896,0.18628877,1.6155554,0.29548156,-2.131236,-0.33189553,0.48474023,-0.07391578,-0.17812626,3.996339e-05,0.058768597,0.34311503,0.03519119,0.69068724,-0.9765949,-0.07155047,0.17255357
11,-0.4265021,-0.26031697,-0.19866519,-0.40888947,-0.0040553994,-0.04415785,-0.15332864,0.114916906,0.18489316,-0.024926983,-0.2261179,-0.22264077,-0.100574076,-0.46922314,-0.36125827,0.017588511,-0.008674091,-0.08758679,-0.6712964,0.019492025,-0.21379602,-0.21010835,-0.26852205,-0.27529612,-0.2021513,-0.29286706,0.036776878,-0.01017355,0.00019058466,-0.013030446,0.17740884,-0.045414295,-0.027166942,-0.22575924,0.047485273,0.0006009063,0.053846348,0.9163792,0.14916205,-0.30640817,-0.09068612,0.1466983,-1.2623285,-0.35045767,-0.64905435,-0.030182164,-0.0018758418,0.0072458126,-0.024094742,0.23272602,-0.040850922,2.7083062e-05,-0.03682685,0.019861609,0.010462405,0.0002081197,-0.031985044,0.10980261,-0.14426549,0.36210632,-0.033117928,-0.046043187,-0.1434828,0.0036153742,0.12802315,-0.009186577,0.004797435,0.038409337,0.006082534,-0.0032627499,0.010495564,-0.44656622,-0.0009177984,-0.572591,0.09138335,0.32987112,0.0014623827,0.0035813085,0.008672735,-0.043666147,-0.33209082,0.050494455,0.17580038,0.14342014,1.3643442,0.5642376,-2.0796635,-0.291604,0.20406558,-0.06647035,-0.23695883,9.112944e-06,-0.5296076,0.06651688,0.0008187484,0.24585044,-0.017949583,-0.19001974,0.038833264
12,-0.71603477,-0.306075,-0.36791977,-0.35802808,0.01945159,0.71771765,-2.7127092,-0.4632116,-0.06252974,0.010242239,0.55176675,-0.41684514,-0.20813996,-1.2900898,-0.53783995,0.03277733,-0.015023636,0.38205427,-1.3068476,-0.0136744995,0.14291236,-0.94191426,-0.24441834,-0.12758957,-2.3069289,-0.22379513,-0.07570878,0.07911296,0.0016424672,0.0787609,0.08700276,-0.05597145,-0.028508564,-0.1347771,0.07133505,0.0008680631,1.1198405,0.80989,-0.058198072,-0.08314775,0.06067043,0.26530325,-2.6203895,-1.053264,-0.5580972,0.031371597,-0.027740236,0.020586355,-0.050066356,0.318067,0.35374254,0.00019677069,-0.00757883,0.019104691,0.022694143,-0.00012834845,-0.10059872,0.03603597,-0.0457532,-0.09282869,-0.10685905,-0.044973303,-0.1378821,0.027568718,0.035578918,0.0138036655,0.005020628,0.50266546,0.016145911,0.0041894275,0.009086509,-0.2699671,-0.0011502713,-0.44313347,-0.12223073,0.26944968,0.0024046795,0.046271626,-0.2350868,-0.06636908,-0.2820836,0.063280955,0.16113676,0.19383991,1.57416,-0.009907417,-2.1362622,-0.31505135,-1.160339,-0.08539131,-0.19947954,4.3804674e-05,0.19233727,0.51683205,0.027432095,-0.6111091,-0.8424308,0.16808568,0.358807
13,-0.99073076,-0.32829508,0.022702195,-0.026871588,-0.4464929,0.006485889,1.5786331,-0.13889487,0.6402527,-0.31607172,-0.2181955,-0.39011306,0.11876769,0.36793175,-0.57503587,0.032949552,-0.0054041627,-0.13627422,-1.7077781,0.13243102,-0.4126129,0.097496845,-0.24315761,-0.27959752,0.27543664,-0.68641174,0.026216976,0.11724446,0.0004280773,-0.04566214,0.6252912,-0.20332423,0.0639388,-0.22464892,0.07343779,0.0033579671,0.1060393,1.369955,0.18134153,-0.40081984,-0.05327511,-0.2929244,-3.8003402,-3.2550988,-0.82774556,-0.017302614,-0.03463489,-0.0043053213,-0.033777546,0.03489071,-0.359815,-2.2561577e-05,-0.06279661,0.0936773,0.01113707,2.988711e-05,-0.09486414,0.17255777,-0.25396037,0.49068907,-0.03389798,-0.08240344,-0.0793554,0.0050898083,0.071345724,0.031750444,0.004840089,-0.079648755,0.028467445,-0.029731978,0.008626884,-0.17705542,-0.0012639642,-1.0486728,-0.49574268,0.16419838,0.0029657595,0.025151795,0.288296,-0.06580616,-0.52097034,0.08997667,0.15594052,0.15012196,1.3048149,0.46517372,-2.1386962,-0.22749513,0.4275024,-0.118516184,-0.16001716,1.9241477e-05,0.71593255,-0.31245807,-0.03934269,-2.0561275,0.1832927,-0.31724936,0.30334285
14,-0.6796041,-0.17998652,0.0697354,-0.2502071,-0.034580816,-0.03647292,0.065446295,-0.035311755,0.4958653,-0.11515312,-0.31102097,-0.096224256,-0.09791812,-0.08082581,-0.45998386,0.023422845,-0.008820105,-0.14269164,-0.787007,0.045222007,-0.3802809,-0.3145874,-0.2974684,-0.13742116,-0.3125921,-0.36075512,0.032326616,0.026095847,0.00034967385,-0.029327417,0.42326647,-0.10988072,-0.040041767,-0.424228,0.047154777,0.0012220544,0.22900529,1.2916055,0.1187073,-0.35001054,-0.015108969,0.04060048,-1.88906,-0.88464713,-0.6020374,-0.02258195,-0.012860851,0.0059550046,-0.02595755,0.19036403,0.06670658,-2.3162215e-06,-0.04248938,0.034947135,0.011519424,0.0001653021,-0.05295029,0.14080417,-0.12798828,0.2652203,-0.032113336,-0.05367434,-0.19332007,0.0070301034,0.14061826,-3.6171143e-05,0.0048607104,-0.05451698,0.008203051,-0.013435685,0.010266812,-0.38078004,-0.0008827074,-1.0139658,-0.34995145,0.29346707,0.0012355135,0.0019907341,-0.0690308,-0.05297042,-0.44072664,0.06162152,0.176287,0.13653135,1.1668991,0.09025266,-2.1188571,-0.1928959,0.13393076,0.019593293,-0.11703305,1.4430051e-05,0.023574328,-0.58215153,0.015657399,-0.017802684,0.080816135,-0.25924224,0.09121475
15,-0.9662482,-0.25679383,0.1304267,-0.1384959,-0.19512828,0.06352031,0.11667718,0.069787554,0.1796795,-0.110582635,-0.3921061,-0.11311843,-0.1617404,-0.24172069,-0.3728272,0.016158717,-0.006918476,-0.18385065,-0.5865389,0.03710811,-0.25199914,-0.39143062,-0.38779807,-0.3191725,-0.22769041,-0.50833106,0.043883126,-0.0054428885,0.00015958227,-0.02633185,0.23121518,-0.08774634,-0.011000551,-0.25388202,0.047339685,0.00079870486,0.09153107,1.0266532,0.24211052,-0.21940212,0.023462497,0.10051755,-1.0919179,-0.36472955,-0.6950959,-0.040160865,-0.0025681842,0.005829355,-0.022892004,0.27407616,-0.041884895,4.0175375e-05,-0.038731925,0.024431832,0.0098343715,2.4231806e-05,-0.028619532,0.09812722,-0.14905766,0.45911163,-0.10791758,-0.0470768,-0.23161075,0.0046013026,0.12589875,-0.012701743,0.0049349787,0.008351451,0.0058050267,-0.0038051752,0.010195097,-0.356006,-0.00090486446,-0.76047856,-0.008858548,0.32591596,0.0010027551,0.0018206381,-0.034792993,-0.044555865,-0.49853575,0.047509033,0.17527558,0.121288456,1.2570254,0.10227125,-2.100998,-0.24130188,0.16197926,0.025415976,-0.093142204,1.5475107e-05,0.005472211,-0.0031615994,0.004831742,0.30454484,-0.029689841,-0.59589,0.050431035
16,-0.5797493,-0.22116704,-0.26996818,-0.3443391,0.02834634,0.48520634,-2.3360374,-0.24239968,-0.092250735,-0.036748506,0.32534894,-0.14802319,-0.06321929,-0.9232577,-0.48536885,0.024609905,-0.012826638,0.08757382,-0.8949805,-0.01762458,0.11541116,-0.60766506,-0.21052474,-0.12956934,-1.6178552,-0.03832931,-0.023214811,0.04167066,0.0011519056,0.024538217,-0.04034524,-0.04730557,-0.06315989,-0.16431178,0.055799205,0.00079079764,0.56115943,0.49549073,0.119942844,-0.21618818,0.085630715,0.22744079,-1.5478399,-0.21198615,-0.451602,0.0072052977,-0.017319636,0.019619074,-0.043759108,0.30889636,-0.013452577,-1.3413555e-05,-0.022141661,0.004981445,0.018922154,-4.7034937e-05,-0.071512,0.084751695,-0.07038061,0.26136765,0.035814013,-0.037660863,-0.07007004,0.024873078,0.13584986,-0.006856618,0.0049033454,0.3270026,0.0025757502,0.01127516,0.010037533,-0.41470787,-0.0007080627,-0.3853256,0.12860544,0.25032187,0.0018223133,0.025052251,-0.102623686,-0.05541499,-0.29090083,0.061016586,0.15650405,0.17618532,1.3240858,0.22001627,-2.120257,-0.30019245,-1.1393015,-0.07600707,-0.13062385,3.1601223e-05,0.15508649,0.35576603,0.058711067,-0.61747503,0.58820105,0.14100365,0.2353067
17,-0.7228709,-0.4685005,-0.2825498,-0.3237777,-0.08074017,-0.07473078,0.33964527,-0.027108742,0.58947784,-0.046498545,-0.3229775,-0.26088068,-0.25540298,-0.26998556,-0.5382238,0.024896242,-0.005910349,-0.1015704,-0.90852696,0.04990484,-0.4068934,-0.31735992,-0.29057404,-0.14025927,-0.2622934,-0.49379334,0.022230605,0.019933376,0.00046724826,-0.02295537,0.47045338,-0.09494605,-0.036203444,-0.38280806,0.050651576,0.0016086614,0.10865073,1.1279147,0.24522555,-0.35460132,-0.091428325,-0.09376871,-2.3199637,-1.2265193,-0.8392269,-0.010052766,-0.014369114,0.0034189657,-0.024822203,0.26128668,-0.02254999,5.9336926e-06,-0.04216288,0.048164625,0.01146465,-5.3076938e-06,-0.057943426,0.17042239,-0.11991042,0.3266814,0.0683735,-0.057420656,-0.1959757,0.004630292,0.14515649,0.011673523,0.0049404143,-0.111372024,0.014592341,-0.013167726,0.010221533,-0.43101045,-0.0011330727,-0.87697273,-0.288947,0.39073145,0.0032624472,0.016318522,-0.040617462,-0.051281534,-0.40311888,0.07006362,0.17641579,0.14941719,1.0939888,0.4118266,-2.1288326,0.23813656,0.14540009,-0.07229603,-0.13094085,9.055557e-06,0.07066136,-0.571516,0.012668388,0.0134155,0.064617954,-0.3771424,0.15339048
18,0.01754106,0.0098191,0.008294422,0.010158187,0.005282107,2.4665437e-06,0.0153211225,-0.00408945,-0.009414454,-0.0016662927,0.008906952,0.012995334,0.003960852,0.018451218,0.016384883,-0.0007037763,0.0003387038,0.0037993628,0.020397699,-0.0005773791,0.007592097,0.01209401,0.0070865033,0.009322036,0.014547646,0.0049924785,-0.0017528452,0.00011930341,-1.2137822e-05,0.0005253323,-0.00889096,0.001156365,0.0019222163,0.007372302,-0.0022251983,-2.6260208e-05,-0.002417441,-0.029140733,-0.0042440477,0.010818528,0.004090938,-0.0036006067,0.04507206,0.016915407,0.027535101,0.002526739,0.000110490844,-0.0004068283,0.0010936481,-0.0068766885,0.0042675855,7.334144e-07,0.001765289,-0.0006926579,-0.0004958033,-5.4974853e-06,0.0010483216,-0.0042978497,0.004757001,-0.014855716,0.004979491,0.0017911998,0.008264386,-6.281663e-05,-0.0051198024,0.0008111492,-0.0002350166,-0.004826571,-0.0002692324,-0.00014564882,-0.00055264984,0.014378827,2.7552793e-05,0.017832598,-0.0014601572,-0.010089579,-8.137998e-05,0.00045102398,-6.8401314e-05,0.0016821974,0.009759107,-0.0022768197,-0.00922299,-0.006891383,-0.04811567,-0.021418435,0.1400455,0.010355287,-0.0048732944,0.0025553466,0.0038145224,0.001521651,0.002439476,-0.00042082777,-0.0003117046,-0.007656243,0.0053343596,0.0068015717,0.0006096769
19,-0.41139004,-0.24697727,-0.20382728,-0.40328735,-0.0056880065,-0.047019415,-0.1693117,0.11403102,0.17426132,-0.02326484,-0.22283317,-0.20972121,-0.10608747,-0.45998943,-0.34468144,0.017584953,-0.008854697,-0.09061029,-0.6540068,0.01882341,-0.21045166,-0.20426133,-0.2621961,-0.26367566,-0.21896896,-0.27657643,0.037197318,-0.008792488,0.00020237152,-0.013287897,0.17451164,-0.04340428,-0.027716896,-0.20723008,0.047176737,0.0006152334,0.076538175,0.902543,0.13255534,-0.29216456,-0.090237126,0.13528752,-1.2413348,-0.331017,-0.6195185,-0.0308984,-0.0020823593,0.007375772,-0.02396085,0.22439602,-0.02890107,2.470464e-05,-0.036350217,0.018755041,0.010365564,0.000216925,-0.031609617,0.10753694,-0.14129125,0.34139952,-0.031685103,-0.04542507,-0.1447259,0.0037803743,0.12665118,-0.009948338,0.0047687604,0.048480093,0.0057909694,-0.0034105284,0.010475617,-0.41916877,-0.0008536966,-0.555022,0.090974435,0.3114597,0.001371216,0.0024120822,0.00023654367,-0.04340454,-0.33600116,0.049157407,0.17426026,0.14220642,1.3453567,0.5468249,-2.0723536,-0.28575152,0.19220258,-0.06541003,-0.0899248,8.176864e-06,-0.5467802,0.055809487,0.0008627094,0.2183559,-0.026486581,-0.18365456,0.035286386
20,-0.8644867,-0.40140307,-0.31402358,-0.17312178,-0.27461424,0.63835156,-1.6593426,-0.4189494,0.123887844,-0.21819791,0.46206042,-0.38837278,0.0901613,-0.60098445,-0.7063495,0.03671922,-0.012649475,0.19049872,-1.7847338,0.054807644,0.07153461,-0.30778888,-0.22451499,-0.24939862,-1.0582411,-0.40826714,-0.05218769,0.12777485,0.0015881789,0.019538788,0.16276583,-0.14636575,0.020501766,-0.06574246,0.08394969,0.00287626,0.6345416,1.042336,0.16522315,-0.27067798,0.06808342,0.0033284822,-3.5967374,-2.7201078,-0.71346205,0.034810815,-0.040607832,0.0142014,-0.059455004,0.20322256,-0.38004798,-1.1958667e-05,-0.04276642,0.06413491,0.021954538,-0.00015486893,-0.13235447,0.12049929,-0.15545838,0.32506037,0.06899222,-0.06849028,0.031577423,0.027566373,0.08541965,0.027189141,0.004964208,0.35255924,0.020889612,-0.0030888738,0.008432403,-0.26035497,-0.0011347051,-0.48226762,-0.11513037,0.1510509,0.0032536457,0.05309295,0.13967833,-0.076374695,-0.43764222,0.10293248,0.1524826,0.2038108,1.5562001,0.61942667,-2.1389194,-0.3511929,-0.9073991,-0.1244312,-0.19167827,4.0464707e-05,0.7488869,0.62482786,-0.0406649,-2.0914013,0.8594648,0.112094134,0.4192089
21,-0.959951,-0.25906995,0.122530825,-0.14044645,-0.19912097,0.06322784,0.10987143,0.06943905,0.17883264,-0.10766477,-0.38672096,-0.11343059,-0.16513033,-0.2490131,-0.37156808,0.016173087,-0.0068340995,-0.18050607,-0.5821939,0.03618687,-0.24941944,-0.38618243,-0.38151824,-0.31679326,-0.22577007,-0.50691247,0.043144982,-0.0056723906,0.00016993718,-0.025811035,0.23150727,-0.085383765,-0.011486157,-0.24948432,0.047269765,0.0007787387,0.08964508,0.99026173,0.23797344,-0.2160305,0.021287378,0.094516054,-1.082495,-0.36052474,-0.69632035,-0.040226474,-0.0025354477,0.005932993,-0.022779897,0.27100688,-0.03802765,4.575359e-05,-0.038474027,0.024316046,0.009847314,6.88393e-06,-0.028388277,0.09781214,-0.14704458,0.45936236,-0.10680033,-0.04669367,-0.23237513,0.004445745,0.12513983,-0.01289897,0.0049402555,0.008980481,0.0058845957,-0.0036085537,0.010193702,-0.35015857,-0.0009403507,-0.7384908,-0.0041629905,0.32540056,0.0010817875,0.001826968,-0.03115281,-0.044151474,-0.48787916,0.047233596,0.17425287,0.121401176,1.2210137,0.10994399,-2.0996897,-0.23979878,0.16026781,-0.056956958,-0.09258045,1.543705e-05,0.0010143482,-0.002645162,0.004897737,0.30732864,-0.031261373,-0.5949829,0.05109906
22,-1.176642,-0.4524608,-0.0014769816,-0.17382708,-0.22460051,0.4565066,-1.7913778,-0.2679144,0.26216772,-0.023843022,-0.02670758,-0.44290438,-0.33556268,-0.74856293,-0.5548097,0.027406698,-0.014467636,0.17786789,-1.0838463,0.013268495,-0.17253877,-0.84262985,-0.4399756,-0.406501,-0.4063862,-0.697158,-0.04961423,0.015000038,0.0012383333,0.048821826,0.2655031,-0.07187364,-0.015236081,-0.24199574,0.06452984,0.0008059694,0.7692407,1.1850034,-0.014215885,-0.06457452,-0.0049031996,0.113879204,-2.2234583,-1.1297928,-0.95193475,0.014157332,-0.0107485475,0.016085433,-0.044707946,0.22532092,0.27421993,0.0002762084,-0.027869724,0.03596892,0.019087147,-0.0001401369,-0.086191095,0.0712454,-0.060777828,-0.0026342685,-0.1140264,-0.054444127,-0.24092753,0.011110372,0.06736386,0.0065694964,0.0050742067,0.21988022,0.015809327,0.0010371759,0.009358379,-0.15787596,-0.0014848163,-0.61912704,-0.26785445,0.35411745,0.0017577753,0.032351267,-0.2129728,-0.0655468,-0.49084058,0.078082696,0.1861754,0.17701192,1.5975387,0.09675316,-2.1355245,-0.34246936,0.46238112,-0.07400757,-0.17991984,4.0013718e-05,0.08908283,0.3226821,0.03323087,0.56729543,-0.9407645,-0.5206616,0.20433839
23,-0.42564836,-0.21204457,-0.06870753,-0.25553104,-0.020923048,-0.042175822,-0.17665917,0.07010552,0.1847956,-0.043998156,-0.26420382,-0.15825868,-0.066682056,-0.40951496,-0.34085125,0.016944641,-0.008360754,-0.110410064,-0.6003571,0.02177727,-0.20713931,-0.29098514,-0.26456943,-0.24250141,-0.23830634,-0.23261993,0.03820274,-0.005977629,0.00020280905,-0.016266702,0.16585591,-0.05527285,-0.023342915,-0.23659882,0.046493355,0.0006918433,0.15597549,0.93216646,0.11338533,-0.25486594,-0.057129953,0.26331255,-1.1304625,-0.32447085,-0.65115017,-0.036524594,-0.0013566588,0.0075007323,-0.024029948,0.21562073,-0.018547948,-6.0550387e-06,-0.037559167,0.018573985,0.010364938,0.0002104885,-0.030412193,0.093837485,-0.14056297,0.34521732,-0.09550938,-0.043883055,-0.14635383,0.0049952194,0.117937006,-0.011649525,0.004762862,0.023068968,0.004835569,-0.002634347,0.010332192,-0.3937334,-0.0008693492,-0.6197847,-0.058741808,0.25106677,0.0010893403,-0.0010555394,-0.04709212,-0.04336048,-0.32791373,0.048181526,0.17207575,0.13271566,1.2460926,0.33695617,-2.0565665,-0.2317405,0.20385697,-0.0586652,-0.089077644,1.5658095e-05,-0.021191515,0.028251866,0.059749003,0.29966468,0.005170523,-0.166276,-0.26435184
24,-0.55681497,-0.5650362,-0.4745383,-0.32276443,-0.12071636,-0.067969486,0.19540247,0.08337324,0.31453755,0.045138597,-0.2684735,-0.3367977,-0.2786928,-0.5784139,-0.45411402,0.01932566,-0.0046685725,-0.06434159,-0.74697727,0.024557346,-0.24158086,-0.31990293,-0.26146472,-0.25931126,-0.12255362,-0.4253661,0.024948072,-0.013304381,0.00038799908,-0.008906797,0.21156809,-0.027287526,-0.017729275,-0.18812777,0.051975556,0.0012309005,-0.027759256,0.46682566,0.2452027,-0.21273191,-0.14786822,-0.042507023,-1.631818,-0.7560327,-0.9041216,-0.023310522,-0.0048468374,0.0044107693,-0.022782542,0.29574364,-0.14678544,3.3228724e-05,-0.037301183,0.037616674,0.010393575,-9.8959805e-05,-0.03900943,0.13230991,-0.12776695,0.43179035,0.06628489,-0.049320675,-0.1331142,0.0011408982,0.12565625,0.0041295523,0.0049408865,-0.036233198,0.01345667,-0.0016169553,0.010509621,-0.41150233,-0.0010884751,-0.40356827,0.06844466,0.36103258,0.003842119,0.016794503,-0.016664384,-0.041293643,-0.28896883,0.06123112,0.17005666,0.15074798,1.1486403,0.71375185,-2.0984654,0.2756772,0.23184083,-0.0698837,-0.10644528,8.281175e-06,0.05487103,0.06249497,0.0009218967,0.46067053,-0.007950474,-0.31003773,0.10044611
25,-0.78912157,-0.19071262,-0.12900971,-0.36563712,0.066466704,0.46723965,-2.2307382,-0.35739887,0.28574955,-0.11190001,0.25700623,-0.1053618,-0.09665995,-0.62323856,-0.60463524,0.030985393,-0.013889583,0.060375486,-1.0782067,0.008870675,-0.110629626,-0.61870944,-0.24375175,0.0039062032,-1.6834112,-0.16483991,-0.03288405,0.07427911,0.0013109486,0.0116845695,0.27651504,-0.11571739,-0.08967784,-0.38800615,0.053632796,0.0012632716,0.6875167,1.158427,0.13502984,-0.37379152,0.13147084,0.12764607,-2.3819585,-0.8100856,-0.45114842,0.02775504,-0.028121468,0.018577524,-0.04606383,0.27147144,0.12632917,-3.8087364e-05,-0.027050888,0.01981643,0.020366477,1.7975311e-05,-0.094983414,0.1386035,-0.04756297,0.1284726,0.07680508,-0.04672001,-0.1464453,0.02799913,0.16200213,0.0042448547,0.00487969,0.21386619,0.0051077968,-0.00054218894,0.0096314475,-0.43280116,-0.0008215663,-0.8866484,-0.28560212,0.31600913,0.0016611621,0.028029481,-0.13770793,-0.066130936,-0.4128988,0.0746407,0.16348843,0.17782867,1.2355052,-0.06331907,-2.1356106,-0.23046933,-1.1766927,-0.07816362,-0.16075988,3.102954e-05,0.157709,-0.41327277,0.018749671,-1.0675126,0.66855705,0.024796952,0.29442275
26,-0.4907842,-0.20133227,-0.045053504,-0.24545781,-0.029166576,-0.012780439,-0.14489895,0.07906069,0.2028246,-0.04712116,-0.27914113,-0.15681873,-0.08478928,-0.37268907,-0.34209406,0.016511343,-0.008065545,-0.12881765,-0.59155715,0.02282376,-0.22258471,-0.3075968,-0.2751803,-0.24502838,-0.21598783,-0.24762389,0.03932741,-0.007991301,0.00018880062,-0.017237827,0.17400491,-0.059668314,-0.025365597,-0.24801683,0.045753337,0.00068866526,0.13808209,0.9746993,0.12996674,-0.26604646,-0.051948395,0.14131328,-1.1072619,-0.3204495,-0.6049632,-0.037607253,-0.00076662423,0.007290303,-0.023881208,0.22660506,-0.0143920425,3.4291e-06,-0.03767332,0.018624322,0.010234823,0.0001674433,-0.029600846,0.09729137,-0.13597877,0.3548018,-0.07612422,-0.04500372,-0.15042545,0.0042529237,0.122963324,-0.011763658,0.004758535,0.016348414,0.004745056,-0.0026772232,0.010366448,-0.4050001,-0.00074536813,-0.6631686,-0.05024291,0.2593782,0.0010950882,-0.0011789498,-0.04950723,-0.043310255,-0.35243955,0.049469747,0.1730896,0.13053437,1.2529781,0.29650843,-2.0570478,-0.22815982,0.19540663,0.025753973,-0.08891395,1.6019017e-05,-0.025577893,0.007898916,0.061452687,0.3206512,0.007812918,-0.16748464,0.013603789
